1,54,1042814454,7.7,4.97,3.48,0.73,0.06,-0.56,-0.37,88,146,80,205,147,173,65,103,271,435,1,152
1,54,1042819617,7.7,4.97,3.48,0.73,0.06,-0.56,-0.37,87,154,80,203,144,175,64,101,262,435,2,150
1,54,1042829787,7.7,4.97,3.48,0.73,0.06,-0.56,-0.37,89,150,83,210,146,178,62,104,268,434,2,158
1,54,1042839552,7.7,4.97,3.48,0.73,0.06,-0.56,-0.37,94,152,82,204,148,179,62,102,270,435,2,159
1,54,1042849631,7.7,4.97,3.47,0.73,0.06,-0.56,-0.37,94,152,80,204,151,180,63,104,270,435,2,151
1,54,1042859630,7.7,4.97,3.47,0.73,0.06,-0.56,-0.37,89,146,77,204,147,175,60,103,273,435,1,159
1,54,1042869604,7.7,4.97,3.47,0.73,0.06,-0.57,-0.37,90,153,77,206,147,175,63,97,277,436,2,161
1,54,1042879799,7.7,4.97,3.47,0.73,0.06,-0.57,-0.37,91,153,77,202,149,181,61,103,273,436,2,158
1,54,1042889595,7.7,4.97,3.47,0.73,0.06,-0.57,-0.37,91,149,77,206,147,176,61,103,273,435,2,157
1,54,1042915359,7.7,4.97,3.46,0.73,0.06,-0.57,-0.37,86,148,79,206,148,181,59,103,275,436,2,159
1,54,1042919600,7.7,4.97,3.46,0.73,0.06,-0.57,-0.37,87,149,77,206,144,180,59,102,276,435,2,157
1,54,1042929823,7.7,4.97,3.46,0.73,0.06,-0.57,-0.37,92,152,77,204,148,184,56,104,282,435,2,161
1,54,1042938789,7.7,4.97,3.46,0.73,0.06,-0.57,-0.37,86,146,79,205,151,187,58,104,280,436,2,151
1,54,1042948772,7.7,4.97,3.45,0.73,0.06,-0.57,-0.37,91,149,77,206,149,181,68,99,283,436,1,159
1,54,1042959600,7.71,4.98,3.44,0.73,0.06,-0.57,-0.37,86,153,79,204,144,185,73,102,283,436,2,153
1,54,1042969597,7.71,4.98,3.44,0.73,0.06,-0.57,-0.37,87,150,80,207,151,185,75,103,281,436,2,146
1,54,1042979807,7.71,4.98,3.44,0.73,0.06,-0.57,-0.37,85,147,77,203,143,190,74,104,281,435,2,155
1,54,1042989630,7.71,4.98,3.45,0.73,0.06,-0.57,-0.37,84,147,77,205,143,186,76,96,281,436,2,148
1,54,1043015868,7.71,4.97,3.44,0.73,0.06,-0.57,-0.37,91,147,75,200,145,197,80,104,276,436,2,148
1,54,1043019617,7.71,4.97,3.44,0.73,0.06,-0.57,-0.37,85,149,78,204,148,201,79,99,279,437,1,149
1,54,1043029788,7.71,4.97,3.43,0.73,0.06,-0.57,-0.37,93,146,80,202,150,202,80,105,269,437,2,147
1,54,1043038786,7.72,4.97,3.43,0.73,0.06,-0.57,-0.37,86,150,81,203,145,204,84,101,270,437,2,157
1,54,1043048793,7.72,4.97,3.42,0.73,0.06,-0.57,-0.37,89,146,79,199,150,206,84,104,270,437,2,155
1,54,1043059600,7.73,4.96,3.42,0.73,0.06,-0.57,-0.37,87,146,77,202,152,204,87,102,275,436,1,147
1,54,1043069620,7.73,4.96,3.41,0.73,0.06,-0.57,-0.37,92,148,82,204,154,209,100,102,272,437,2,147
1,54,1043079807,7.74,4.96,3.4,0.73,0.06,-0.57,-0.37,88,147,79,202,155,216,99,101,275,437,1,152
1,54,1043088796,7.75,4.95,3.39,0.73,0.06,-0.57,-0.37,85,147,80,200,162,217,95,102,276,438,2,161
1,54,1043114448,7.78,4.91,3.36,0.73,0.06,-0.57,-0.37,84,146,78,202,171,233,102,111,277,443,2,170
1,54,1043119600,7.78,4.91,3.36,0.73,0.06,-0.57,-0.37,92,154,75,200,171,233,102,112,279,444,2,170
1,54,1043129788,7.79,4.89,3.37,0.73,0.05,-0.57,-0.37,85,154,73,199,175,242,100,111,275,446,2,170
1,54,1043138816,7.8,4.87,3.37,0.73,0.05,-0.57,-0.37,94,157,75,203,178,245,100,110,273,447,2,181
1,54,1043148804,7.82,4.85,3.36,0.73,0.05,-0.57,-0.37,87,158,73,204,182,249,109,112,274,449,1,184
1,54,1043159619,7.84,4.83,3.35,0.73,0.05,-0.57,-0.37,86,159,78,201,186,254,108,114,283,450,1,184
1,54,1043169605,7.85,4.81,3.35,0.73,0.05,-0.57,-0.37,88,166,79,204,187,258,113,113,275,451,2,190
1,54,1043179805,7.86,4.78,3.37,0.74,0.05,-0.57,-0.37,92,162,72,205,191,261,129,120,285,454,2,182
1,54,1043188821,7.87,4.74,3.42,0.74,0.05,-0.57,-0.37,88,166,73,203,188,266,137,117,280,461,2,188
1,54,1043213827,7.84,4.61,3.64,0.74,0.04,-0.56,-0.37,94,175,75,201,198,280,155,124,291,471,2,198
1,54,1043219604,7.84,4.61,3.64,0.74,0.04,-0.56,-0.37,95,182,74,202,202,278,150,126,307,474,1,203
1,54,1043229788,7.82,4.57,3.73,0.75,0.04,-0.55,-0.37,104,188,75,201,203,289,157,136,305,476,2,209
1,54,1043238818,7.81,4.53,3.8,0.75,0.04,-0.55,-0.37,107,190,77,201,209,298,163,141,308,480,2,210
1,54,1043248836,7.81,4.49,3.85,0.75,0.03,-0.55,-0.37,112,190,83,201,222,301,176,143,304,478,2,222
1,54,1043259619,7.83,4.43,3.88,0.75,0.03,-0.55,-0.37,119,193,87,205,228,309,183,147,305,481,1,224
1,54,1043269600,7.85,4.39,3.89,0.75,0.02,-0.55,-0.37,117,200,94,201,236,323,187,150,300,482,1,228
1,54,1043279787,7.86,4.34,3.92,0.75,0.02,-0.55,-0.37,120,207,97,204,251,326,185,167,308,489,2,231
1,54,1043288819,7.88,4.28,3.94,0.75,0.02,-0.55,-0.37,121,211,106,203,256,332,188,169,304,493,1,236
1,54,1043315025,7.92,4.18,3.98,0.75,0.01,-0.54,-0.37,129,229,125,212,288,349,194,174,318,502,1,247
1,54,1043319600,7.92,4.18,3.98,0.75,0.01,-0.54,-0.37,132,224,130,207,291,353,205,180,315,506,1,252
1,54,1043329787,7.92,4.16,3.99,0.75,0.01,-0.54,-0.37,131,229,130,211,301,359,215,191,324,507,1,260
1,54,1043338820,7.93,4.14,3.99,0.75,0.01,-0.54,-0.37,134,231,137,210,307,361,219,202,327,511,1,263
1,54,1043348832,7.96,4.09,3.99,0.75,0.01,-0.54,-0.37,143,239,143,210,308,366,213,205,336,516,1,265
1,54,1043359596,7.99,4.03,4,0.75,0,-0.54,-0.37,157,238,148,221,317,368,228,209,336,523,1,272
1,54,1043369596,8.02,3.97,4,0.76,0,-0.54,-0.36,164,241,151,225,325,370,235,221,344,526,1,276
1,54,1043379783,8.04,3.92,4,0.76,0,-0.54,-0.36,172,241,160,214,327,375,222,216,349,530,1,279
1,54,1043388833,8.06,3.88,4,0.76,0,-0.54,-0.36,172,248,164,224,328,379,234,233,355,534,1,282
1,54,1043413823,8.15,3.74,3.96,0.76,-0.01,-0.55,-0.36,190,273,197,236,350,385,236,237,376,542,1,289
1,54,1043419604,8.15,3.74,3.96,0.76,-0.01,-0.55,-0.36,191,268,194,236,352,392,238,245,377,545,1,298
1,54,1043429791,8.17,3.69,3.96,0.76,-0.01,-0.55,-0.36,199,280,201,235,356,394,247,253,380,551,1,300
1,54,1043438835,8.19,3.64,3.96,0.76,-0.01,-0.55,-0.36,199,280,210,238,359,401,251,263,379,552,1,304
1,54,1043448835,8.2,3.61,3.96,0.76,-0.01,-0.55,-0.35,203,281,227,238,365,404,256,269,392,556,1,298
1,54,1043459600,8.23,3.57,3.94,0.76,-0.02,-0.55,-0.35,205,283,236,241,372,407,255,268,391,556,1,315
1,54,1043469592,8.25,3.53,3.92,0.76,-0.02,-0.55,-0.35,216,281,242,238,379,411,260,270,394,562,1,316
1,54,1043479782,8.28,3.5,3.9,0.76,-0.02,-0.55,-0.35,231,292,248,245,382,416,261,280,398,564,1,315
1,54,1043488837,8.3,3.47,3.88,0.76,-0.02,-0.55,-0.35,238,294,251,243,385,419,263,282,402,568,1,320
1,54,1043513814,8.39,3.35,3.8,0.76,-0.02,-0.55,-0.34,260,305,276,253,395,424,266,304,407,575,1,317
1,54,1043519606,8.39,3.35,3.8,0.76,-0.03,-0.55,-0.34,258,300,279,257,399,429,273,312,408,576,2,314
1,54,1043529863,8.42,3.31,3.76,0.76,-0.03,-0.56,-0.34,266,299,287,258,402,434,280,321,410,576,1,317
1,54,1043538834,8.45,3.26,3.73,0.76,-0.03,-0.56,-0.34,266,307,283,263,406,437,274,326,413,582,2,316
1,54,1043548835,8.49,3.21,3.71,0.76,-0.03,-0.56,-0.34,275,313,285,265,414,440,274,334,413,584,2,321
1,54,1043559633,8.51,3.19,3.68,0.76,-0.03,-0.56,-0.33,286,315,292,266,418,442,278,336,412,587,1,329
1,54,1043569611,8.52,3.19,3.65,0.76,-0.03,-0.56,-0.33,284,319,296,261,421,447,288,345,416,589,1,332
1,54,1043579784,8.53,3.18,3.63,0.76,-0.03,-0.56,-0.33,294,319,298,266,423,451,290,350,419,589,1,335
1,54,1043588845,8.55,3.15,3.61,0.76,-0.03,-0.56,-0.33,299,320,301,267,426,455,294,352,421,593,1,339
1,54,1043614063,8.6,3.11,3.51,0.76,-0.04,-0.56,-0.33,304,325,310,263,434,462,293,361,428,596,1,342
1,54,1043619617,8.6,3.11,3.51,0.75,-0.04,-0.57,-0.33,306,320,312,264,436,464,289,363,429,598,1,345
1,54,1043629787,8.62,3.1,3.48,0.75,-0.04,-0.57,-0.33,309,321,314,267,439,466,284,366,429,600,2,344
1,54,1043638863,8.64,3.08,3.45,0.75,-0.04,-0.57,-0.33,310,331,317,267,439,468,283,365,430,597,1,343
1,54,1043648851,8.66,3.05,3.43,0.75,-0.04,-0.57,-0.33,311,339,317,273,441,472,295,370,431,600,2,349
1,54,1043659623,8.67,3.03,3.42,0.75,-0.04,-0.57,-0.33,313,337,320,271,444,474,299,372,433,602,1,351
1,54,1043669634,8.68,3.01,3.4,0.75,-0.04,-0.57,-0.32,313,341,321,271,445,475,302,374,438,603,3,354
1,54,1043679783,8.7,3,3.38,0.75,-0.04,-0.57,-0.32,314,342,320,277,447,480,302,375,437,605,2,354
1,54,1043688779,8.71,2.98,3.36,0.75,-0.04,-0.57,-0.32,314,342,322,274,448,479,302,375,438,607,2,358
1,54,1043713831,8.73,2.91,3.38,0.76,-0.04,-0.57,-0.32,315,347,323,275,449,470,303,379,438,608,2,360
1,54,1043719636,8.73,2.91,3.38,0.76,-0.04,-0.57,-0.32,315,345,324,274,450,472,303,380,439,608,1,362
1,54,1043729788,8.73,2.9,3.38,0.76,-0.04,-0.57,-0.32,315,346,323,271,449,473,300,381,439,610,2,362
1,54,1043738789,8.73,2.9,3.38,0.76,-0.04,-0.57,-0.32,315,347,324,277,452,474,305,381,439,611,2,363
1,54,1043748792,8.73,2.89,3.38,0.76,-0.04,-0.57,-0.32,316,345,324,276,450,473,302,383,438,610,2,363
1,54,1043759597,8.73,2.87,3.39,0.76,-0.05,-0.57,-0.32,317,348,325,278,451,474,304,386,439,611,3,365
1,54,1043769660,8.74,2.86,3.39,0.76,-0.05,-0.57,-0.32,317,349,325,276,452,474,306,389,440,609,2,364
1,54,1043779807,8.74,2.85,3.39,0.76,-0.05,-0.57,-0.32,318,349,327,276,451,476,309,391,440,610,2,365
1,54,1043788799,8.75,2.83,3.39,0.76,-0.05,-0.57,-0.32,318,349,327,280,454,476,309,392,439,610,2,364
1,54,1043813664,8.75,2.79,3.41,0.76,-0.05,-0.57,-0.31,318,355,327,278,452,474,310,398,440,614,3,366
1,54,1043819593,8.75,2.79,3.41,0.76,-0.05,-0.57,-0.31,318,352,328,285,453,475,310,397,439,615,2,366
1,54,1043829796,8.75,2.78,3.41,0.76,-0.05,-0.57,-0.31,319,352,328,284,452,474,311,396,441,615,2,369
1,54,1043838807,8.76,2.77,3.42,0.76,-0.05,-0.57,-0.31,320,352,328,285,455,474,311,398,440,613,3,369
1,54,1043848808,8.76,2.75,3.43,0.76,-0.05,-0.57,-0.31,319,351,328,282,456,471,312,397,440,615,3,369
1,54,1043859630,8.76,2.74,3.43,0.76,-0.05,-0.57,-0.31,319,352,326,275,456,470,312,401,440,614,2,369
1,54,1043869600,8.76,2.74,3.44,0.76,-0.05,-0.57,-0.31,320,355,326,286,455,471,313,399,440,612,3,370
1,54,1043879793,8.76,2.73,3.44,0.76,-0.05,-0.57,-0.31,320,355,327,286,456,473,312,401,439,614,2,370
1,54,1043889625,8.76,2.73,3.45,0.76,-0.05,-0.57,-0.31,320,355,329,286,457,474,312,402,440,615,2,370
1,54,1043915685,8.76,2.73,3.44,0.76,-0.05,-0.57,-0.31,320,360,326,285,458,474,314,403,441,614,3,371
1,54,1043919636,8.76,2.73,3.44,0.76,-0.05,-0.57,-0.31,321,353,328,275,458,474,313,401,440,614,2,370
1,54,1043929792,8.76,2.73,3.44,0.76,-0.05,-0.57,-0.31,320,354,327,281,459,477,313,402,441,615,2,371
1,54,1043939573,8.76,2.73,3.44,0.76,-0.05,-0.57,-0.31,321,357,330,281,456,480,312,402,440,612,2,370
1,54,1043949612,8.76,2.73,3.45,0.76,-0.05,-0.57,-0.31,322,358,327,286,457,478,313,402,440,614,2,369
1,54,1043959600,8.76,2.74,3.44,0.76,-0.05,-0.57,-0.31,322,358,330,274,458,485,314,403,440,613,2,370
1,54,1043969600,8.76,2.74,3.44,0.76,-0.05,-0.57,-0.31,321,358,328,287,459,481,315,405,443,614,3,370
1,54,1043979788,8.76,2.74,3.44,0.76,-0.05,-0.57,-0.31,323,359,331,286,460,481,315,405,443,612,2,370
1,54,1043988823,8.76,2.75,3.44,0.76,-0.05,-0.57,-0.31,322,355,330,280,459,490,315,403,441,614,2,371
1,54,1044013058,8.76,2.76,3.43,0.76,-0.05,-0.57,-0.31,322,358,330,281,460,490,315,405,443,614,2,369
1,54,1044019594,8.76,2.76,3.43,0.76,-0.05,-0.57,-0.31,323,361,330,287,459,490,314,405,442,614,2,369
1,54,1044029836,8.76,2.76,3.43,0.76,-0.05,-0.57,-0.31,323,359,332,288,460,490,315,401,442,611,2,366
1,54,1044039214,8.75,2.76,3.43,0.76,-0.05,-0.57,-0.31,323,359,329,288,461,490,315,407,442,612,2,368
1,54,1044049600,8.75,2.76,3.43,0.76,-0.05,-0.57,-0.31,324,359,332,281,461,490,315,407,443,613,3,371
1,54,1044059620,8.75,2.76,3.43,0.76,-0.05,-0.57,-0.31,324,362,332,286,460,486,315,405,444,617,2,371
1,54,1044069616,8.75,2.76,3.43,0.76,-0.05,-0.57,-0.31,324,360,328,286,461,488,315,405,443,615,2,370
1,54,1044079783,8.75,2.77,3.43,0.76,-0.05,-0.57,-0.31,323,363,328,286,461,490,315,407,443,615,2,371
1,54,1044089272,8.75,2.77,3.43,0.76,-0.05,-0.57,-0.31,325,360,332,286,462,486,313,409,443,613,2,371
1,54,1044114993,8.75,2.77,3.43,0.76,-0.05,-0.57,-0.31,325,366,334,282,462,488,315,410,443,614,2,368
1,54,1044119595,8.75,2.77,3.43,0.76,-0.05,-0.57,-0.31,324,363,334,285,462,487,315,408,442,615,2,367
1,54,1044129802,8.75,2.77,3.43,0.76,-0.05,-0.57,-0.31,324,363,333,283,461,484,313,410,444,614,2,369
1,54,1044138829,8.75,2.77,3.44,0.76,-0.05,-0.57,-0.31,326,363,334,290,463,485,315,410,443,615,2,369
1,54,1044148834,8.75,2.76,3.44,0.76,-0.05,-0.57,-0.31,326,364,334,290,460,487,315,410,443,612,2,369
1,54,1044159596,8.75,2.76,3.45,0.76,-0.05,-0.57,-0.31,326,364,331,282,463,486,314,409,443,614,2,368
1,54,1044169607,8.75,2.76,3.45,0.76,-0.05,-0.57,-0.31,321,360,333,291,463,487,316,410,442,617,2,368
1,54,1044179832,8.75,2.76,3.45,0.76,-0.05,-0.57,-0.31,327,363,336,289,463,485,316,411,444,616,3,368
1,54,1044188828,8.75,2.75,3.46,0.76,-0.05,-0.57,-0.31,326,365,334,290,463,488,317,412,443,617,3,367
1,54,1044213058,8.74,2.73,3.48,0.76,-0.05,-0.57,-0.31,326,365,336,290,463,488,317,411,444,616,2,365
1,54,1044219632,8.74,2.73,3.48,0.76,-0.05,-0.57,-0.31,327,364,336,289,464,487,317,412,442,617,1,366
1,54,1044229788,8.74,2.73,3.49,0.76,-0.05,-0.57,-0.31,323,365,335,285,464,487,317,412,443,615,2,365
1,54,1044238827,8.74,2.72,3.49,0.76,-0.05,-0.57,-0.31,325,366,330,279,460,487,317,412,442,615,2,365
1,54,1044248827,8.74,2.72,3.5,0.76,-0.05,-0.56,-0.31,325,363,331,285,464,485,317,412,442,616,2,364
1,54,1044259634,8.74,2.71,3.51,0.76,-0.05,-0.56,-0.31,326,365,333,283,464,485,316,413,441,615,3,366
1,54,1044269619,8.74,2.71,3.51,0.76,-0.05,-0.56,-0.31,324,367,333,290,465,484,318,413,443,617,3,363
1,54,1044279819,8.73,2.71,3.52,0.76,-0.05,-0.56,-0.31,325,366,333,290,463,480,317,413,443,617,2,365
1,54,1044288826,8.73,2.71,3.53,0.76,-0.05,-0.56,-0.31,329,366,336,283,465,483,318,414,442,615,3,366
1,54,1044313102,8.73,2.69,3.55,0.77,-0.05,-0.56,-0.31,324,367,334,287,466,482,316,414,443,610,2,365
1,54,1044319618,8.73,2.69,3.55,0.77,-0.05,-0.56,-0.31,327,364,334,288,466,482,316,414,443,617,2,367
1,54,1044329835,8.72,2.69,3.56,0.77,-0.05,-0.56,-0.31,328,369,333,290,466,483,318,414,443,614,2,366
1,54,1044338825,8.72,2.69,3.57,0.77,-0.05,-0.56,-0.31,328,367,336,287,466,480,317,415,444,616,2,367
1,54,1044348837,8.72,2.68,3.57,0.77,-0.05,-0.56,-0.31,326,364,338,289,466,481,316,415,444,615,2,367
1,54,1044359633,8.72,2.68,3.58,0.77,-0.05,-0.56,-0.31,323,366,338,288,466,480,315,415,445,616,2,367
1,54,1044369600,8.72,2.68,3.59,0.77,-0.05,-0.56,-0.31,328,370,332,282,467,480,315,415,444,613,2,366
1,54,1044379788,8.71,2.68,3.6,0.77,-0.05,-0.56,-0.31,329,368,338,288,467,480,318,416,445,614,2,366
1,54,1044388824,8.71,2.67,3.6,0.77,-0.05,-0.56,-0.31,325,369,338,288,466,478,317,417,444,610,3,367
1,54,1044413058,8.7,2.68,3.62,0.77,-0.05,-0.56,-0.31,329,367,338,286,465,471,319,417,442,610,2,368
1,54,1044419619,8.7,2.68,3.62,0.77,-0.05,-0.56,-0.31,329,369,336,288,465,466,317,416,444,611,2,368
1,54,1044429780,8.7,2.68,3.63,0.77,-0.05,-0.56,-0.31,330,367,334,280,467,467,316,417,442,611,2,370
1,54,1044438821,8.7,2.69,3.63,0.77,-0.05,-0.56,-0.31,330,369,333,290,467,468,320,417,442,608,2,370
1,54,1044448824,8.69,2.69,3.64,0.77,-0.05,-0.56,-0.31,330,369,335,289,467,467,317,417,443,609,2,368
1,54,1044459600,8.69,2.69,3.65,0.77,-0.05,-0.56,-0.31,327,370,332,290,467,467,319,418,444,606,3,369
1,54,1044469629,8.68,2.69,3.65,0.77,-0.05,-0.56,-0.31,328,369,335,282,468,466,320,418,443,606,2,370
1,54,1044479820,8.68,2.7,3.66,0.77,-0.05,-0.56,-0.31,331,369,338,290,467,457,317,418,445,606,2,371
1,54,1044488823,8.68,2.7,3.67,0.77,-0.05,-0.56,-0.31,328,369,340,286,468,460,320,418,443,602,2,371
1,54,1044513875,8.67,2.7,3.69,0.77,-0.05,-0.56,-0.31,327,374,338,283,468,455,317,418,444,603,1,370
1,54,1044519614,8.67,2.7,3.69,0.77,-0.05,-0.56,-0.31,326,368,339,275,468,456,320,418,444,601,2,371
1,54,1044529773,8.66,2.7,3.7,0.77,-0.05,-0.56,-0.31,328,370,327,286,468,454,320,418,444,603,2,371
1,54,1044538831,8.66,2.7,3.71,0.77,-0.05,-0.56,-0.31,328,370,326,285,468,448,320,418,443,600,2,369
1,54,1044548829,8.65,2.71,3.72,0.77,-0.05,-0.55,-0.31,328,371,328,285,468,444,321,419,444,600,2,369
1,54,1044559601,8.64,2.72,3.73,0.77,-0.05,-0.55,-0.32,326,369,324,274,469,445,320,420,443,599,3,366
1,54,1044569603,8.64,2.73,3.74,0.77,-0.05,-0.55,-0.32,329,369,323,274,466,434,320,421,442,595,1,365
1,54,1044579813,8.63,2.74,3.75,0.77,-0.05,-0.55,-0.32,330,372,324,273,468,433,318,420,444,596,2,356
1,54,1044588830,8.62,2.74,3.76,0.77,-0.05,-0.55,-0.32,328,371,318,283,468,434,320,420,445,595,2,350
1,54,1044613880,8.6,2.77,3.8,0.77,-0.04,-0.55,-0.32,329,376,311,273,469,419,322,405,445,591,2,348
1,54,1044619619,8.6,2.77,3.8,0.77,-0.04,-0.55,-0.32,330,371,308,284,469,420,321,405,445,590,1,339
1,54,1044629788,8.58,2.79,3.82,0.77,-0.04,-0.55,-0.32,328,371,303,286,468,419,320,398,445,588,1,338
1,54,1044638828,8.57,2.81,3.83,0.77,-0.04,-0.55,-0.32,328,368,296,282,469,411,321,397,445,584,2,337
1,54,1044648827,8.56,2.82,3.85,0.77,-0.04,-0.55,-0.32,332,358,291,276,469,408,321,392,446,581,2,334
1,54,1044659601,8.55,2.82,3.87,0.77,-0.04,-0.55,-0.32,328,351,275,277,468,411,321,387,447,574,1,336
1,54,1044669619,8.54,2.83,3.89,0.77,-0.04,-0.55,-0.32,332,351,270,274,463,408,320,383,444,570,2,341
1,54,1044679807,8.52,2.85,3.9,0.77,-0.04,-0.55,-0.32,330,348,270,267,459,404,321,376,443,566,1,330
1,54,1044688840,8.51,2.88,3.91,0.77,-0.04,-0.55,-0.32,331,346,254,265,455,394,322,371,443,564,1,331
1,54,1044713866,8.45,2.98,3.97,0.77,-0.03,-0.54,-0.33,330,340,232,254,443,385,312,361,431,559,2,328
1,54,1044719603,8.45,2.98,3.97,0.77,-0.03,-0.54,-0.33,329,338,227,258,442,383,303,356,426,557,1,330
1,54,1044729806,8.43,3.02,3.99,0.77,-0.03,-0.54,-0.33,331,343,212,253,439,378,305,350,422,554,2,321
1,54,1044738831,8.41,3.04,4.01,0.77,-0.03,-0.54,-0.33,329,329,203,257,434,378,287,343,419,548,1,328
1,54,1044748831,8.39,3.06,4.04,0.77,-0.03,-0.54,-0.33,332,321,194,256,429,374,278,340,415,542,1,325
1,54,1044759600,8.36,3.11,4.06,0.77,-0.03,-0.54,-0.33,327,317,196,239,427,367,287,319,415,537,1,308
1,54,1044769634,8.34,3.15,4.07,0.77,-0.02,-0.54,-0.34,327,320,189,240,425,356,290,303,410,540,2,306
1,54,1044779798,8.31,3.22,4.09,0.77,-0.02,-0.54,-0.34,327,315,177,229,416,354,285,300,408,533,1,306
1,54,1044788829,8.27,3.28,4.1,0.77,-0.02,-0.54,-0.34,325,313,167,235,410,352,269,296,399,534,1,274
1,54,1044813702,8.2,3.39,4.17,0.77,-0.02,-0.54,-0.35,323,296,159,232,399,341,254,281,390,521,1,276
1,54,1044819603,8.2,3.39,4.17,0.77,-0.01,-0.53,-0.35,327,297,144,204,398,340,258,280,388,515,1,272
1,54,1044829806,8.17,3.42,4.19,0.77,-0.01,-0.53,-0.35,318,298,138,232,389,336,245,266,388,511,1,270
1,54,1044838831,8.15,3.47,4.2,0.77,-0.01,-0.53,-0.35,305,294,133,226,389,329,234,266,387,510,1,273
1,54,1044848832,8.12,3.51,4.21,0.77,-0.01,-0.53,-0.35,282,290,123,212,388,330,222,257,386,497,1,278
1,54,1044859606,8.09,3.56,4.22,0.77,-0.01,-0.53,-0.36,274,279,108,204,388,325,229,249,374,501,1,271
1,54,1044869606,8.06,3.62,4.23,0.77,-0,-0.53,-0.36,268,273,106,212,383,320,230,248,361,500,1,277
1,54,1044879793,8.04,3.69,4.22,0.77,-0,-0.53,-0.36,256,265,105,214,379,320,222,239,354,495,1,266
1,54,1044888836,8.02,3.73,4.22,0.77,-0,-0.53,-0.36,257,263,96,183,365,314,217,237,353,488,1,256
1,54,1044913709,7.97,3.79,4.26,0.76,0,-0.53,-0.36,242,257,77,124,339,309,193,229,347,473,1,249
1,54,1044919709,7.97,3.79,4.26,0.76,0,-0.53,-0.37,246,257,73,184,333,305,185,216,342,471,1,235
1,54,1044929835,7.94,3.83,4.27,0.76,0,-0.53,-0.37,244,254,71,92,331,294,194,205,339,469,1,237
1,54,1044938842,7.92,3.87,4.28,0.76,0,-0.53,-0.37,243,255,65,104,319,290,175,196,330,466,2,237
1,54,1044948843,7.9,3.9,4.28,0.76,0,-0.53,-0.37,237,252,62,107,310,278,164,193,327,440,1,237
1,54,1044959633,7.89,3.93,4.28,0.76,0.01,-0.53,-0.37,236,244,57,110,310,266,160,180,328,444,1,235
1,54,1044969738,7.88,3.94,4.29,0.76,0.01,-0.53,-0.37,227,239,55,86,298,262,155,172,320,442,1,229
1,54,1044979897,7.88,3.93,4.3,0.76,0.01,-0.53,-0.37,205,238,55,83,287,262,142,172,305,440,1,234
1,54,1044988849,7.88,3.93,4.29,0.76,0.01,-0.53,-0.37,187,228,48,81,274,262,142,172,299,438,1,229
1,54,1045014343,7.9,3.94,4.25,0.77,0.01,-0.53,-0.36,177,229,40,108,254,246,104,169,292,431,2,204
1,54,1045019715,7.9,3.94,4.25,0.77,0.01,-0.53,-0.36,174,228,34,117,255,241,108,164,291,430,1,204
1,54,1045029816,7.91,3.95,4.22,0.76,0.01,-0.53,-0.36,164,216,33,108,251,233,102,151,289,425,2,210
1,54,1045038864,7.9,3.99,4.2,0.76,0.01,-0.53,-0.36,163,200,24,71,243,213,101,157,288,408,1,197
1,54,1045048853,7.89,4.02,4.19,0.76,0.02,-0.53,-0.36,149,197,21,77,237,216,99,149,278,409,2,172
1,54,1045059633,7.9,4.04,4.16,0.76,0.02,-0.54,-0.36,157,176,20,74,229,216,83,147,268,405,1,173
1,54,1045069750,7.91,4.06,4.13,0.76,0.02,-0.54,-0.36,148,172,7,106,224,204,72,147,266,402,1,165
1,54,1045079900,7.92,4.07,4.09,0.76,0.02,-0.54,-0.36,131,170,10,104,202,201,73,144,266,399,2,167
1,54,1045088772,7.93,4.08,4.05,0.76,0.02,-0.54,-0.36,112,169,11,105,199,190,59,143,259,391,2,161
1,54,1045114353,7.96,4.23,3.84,0.75,0.03,-0.55,-0.36,85,158,3,112,198,178,57,139,243,369,2,138
1,54,1045119727,7.96,4.23,3.84,0.75,0.03,-0.55,-0.36,84,161,3,115,198,175,59,133,239,366,2,140
1,54,1045129853,7.97,4.29,3.76,0.75,0.03,-0.56,-0.36,80,160,4,120,193,168,48,129,233,357,2,139
1,54,1045138784,7.97,4.35,3.68,0.75,0.03,-0.56,-0.36,81,156,2,137,182,171,49,126,222,356,1,133
1,54,1045148787,7.98,4.41,3.59,0.75,0.03,-0.56,-0.36,81,151,3,132,173,150,49,118,217,353,2,136
1,54,1045159633,7.98,4.48,3.51,0.74,0.04,-0.57,-0.36,73,150,4,76,174,146,42,116,208,354,1,134
1,54,1045169739,7.98,4.54,3.43,0.74,0.04,-0.57,-0.36,49,151,3,127,173,143,45,112,221,353,2,132
1,54,1045179902,7.97,4.6,3.37,0.74,0.04,-0.57,-0.36,32,140,6,123,169,140,40,116,214,353,2,124
1,54,1045188788,7.95,4.66,3.33,0.74,0.04,-0.57,-0.36,31,138,7,125,152,132,38,100,218,354,1,109
1,54,1045213531,7.88,4.78,3.33,0.73,0.05,-0.57,-0.36,26,140,7,128,141,110,34,98,216,367,2,102
1,54,1045219729,7.88,4.78,3.33,0.74,0.05,-0.57,-0.36,23,137,8,124,139,107,36,95,214,373,2,102
1,54,1045229916,7.87,4.77,3.36,0.74,0.05,-0.57,-0.36,25,138,9,140,133,107,37,92,217,380,1,99
1,54,1045238777,7.86,4.76,3.4,0.74,0.05,-0.57,-0.36,25,136,9,138,137,110,37,97,220,384,2,99
1,54,1045248776,7.85,4.75,3.43,0.74,0.05,-0.57,-0.36,27,139,9,137,133,112,28,90,214,386,2,96
1,54,1045259724,7.84,4.75,3.47,0.74,0.06,-0.56,-0.36,30,134,10,125,138,117,29,95,216,387,2,95
1,54,1045269721,7.81,4.78,3.49,0.74,0.06,-0.56,-0.36,35,138,12,140,137,113,33,91,215,387,2,99
1,54,1045279895,7.78,4.82,3.51,0.74,0.06,-0.56,-0.36,36,133,10,139,137,122,30,84,220,388,1,91
1,54,1045288775,7.75,4.86,3.5,0.74,0.06,-0.56,-0.36,36,132,13,136,138,125,30,86,214,387,2,93
1,54,1045313519,7.76,4.89,3.45,0.74,0.06,-0.57,-0.36,40,137,12,132,138,125,23,84,216,388,2,93
1,54,1045319709,7.76,4.89,3.45,0.74,0.06,-0.57,-0.36,35,132,14,129,137,135,24,78,220,389,1,90
1,54,1045329898,7.76,4.9,3.44,0.74,0.06,-0.57,-0.36,38,131,13,121,130,143,24,87,229,389,2,88
1,54,1045338779,7.76,4.9,3.43,0.74,0.06,-0.57,-0.36,39,135,14,132,138,147,23,83,231,390,2,97
1,54,1045348780,7.76,4.91,3.43,0.74,0.06,-0.57,-0.36,35,137,13,132,126,150,24,78,232,389,2,86
1,54,1045359677,7.76,4.91,3.42,0.74,0.06,-0.57,-0.36,39,136,14,129,134,163,21,75,232,388,2,90
1,54,1045369665,7.76,4.92,3.41,0.74,0.06,-0.57,-0.36,38,133,14,130,135,167,21,78,233,389,2,86
1,54,1045379940,7.76,4.92,3.4,0.74,0.06,-0.57,-0.36,42,129,14,127,134,170,22,79,236,388,2,90
1,54,1045388786,7.76,4.92,3.4,0.74,0.06,-0.57,-0.36,39,131,14,131,134,171,23,80,236,390,2,84
1,54,1045414349,7.76,4.91,3.42,0.74,0.06,-0.57,-0.36,37,135,13,137,135,171,18,82,234,389,2,88
1,54,1045419711,7.76,4.91,3.42,0.74,0.06,-0.57,-0.36,39,128,13,132,134,172,20,77,237,389,1,85
1,54,1045429909,7.76,4.91,3.42,0.74,0.06,-0.57,-0.36,38,133,14,125,138,170,21,77,235,389,1,87
1,54,1045438793,7.76,4.91,3.42,0.74,0.06,-0.57,-0.36,40,134,13,134,133,173,21,75,236,390,2,87
1,54,1045448794,7.77,4.9,3.42,0.74,0.06,-0.57,-0.36,38,128,14,124,138,174,20,78,235,389,2,86
1,54,1045459720,7.77,4.88,3.43,0.74,0.06,-0.57,-0.36,39,132,14,124,137,172,19,79,237,389,2,84
1,54,1045469728,7.77,4.88,3.45,0.74,0.06,-0.57,-0.36,36,134,14,125,134,171,19,75,234,388,1,87
1,54,1045479908,7.76,4.88,3.47,0.74,0.06,-0.56,-0.36,36,131,13,124,138,170,22,77,236,388,1,85
1,54,1045488809,7.75,4.87,3.49,0.74,0.06,-0.56,-0.36,37,129,14,129,138,169,22,76,236,388,1,85
1,54,1045514181,7.76,4.83,3.52,0.74,0.06,-0.56,-0.36,41,131,14,134,138,173,22,78,238,390,2,88
1,54,1045519729,7.76,4.83,3.52,0.74,0.06,-0.56,-0.36,39,129,15,129,138,171,23,79,236,389,2,87
1,54,1045529976,7.77,4.82,3.52,0.74,0.06,-0.56,-0.36,41,123,15,134,127,165,21,78,237,390,2,86
1,54,1045538803,7.77,4.82,3.52,0.74,0.06,-0.56,-0.36,35,129,15,121,131,154,22,75,235,391,2,86
1,54,1045548815,7.76,4.82,3.53,0.74,0.06,-0.56,-0.36,36,124,15,129,135,145,21,77,237,389,2,86
1,54,1045559724,7.75,4.82,3.56,0.74,0.06,-0.56,-0.36,37,127,14,121,134,137,23,76,236,391,2,86
1,54,1045569709,7.75,4.81,3.59,0.74,0.05,-0.56,-0.36,36,131,14,129,131,129,23,81,236,389,2,88
