3200,505793188,56,71,2,48,271,270,42,227,320,415,32,85,7.69,3.19,4.95
3201,505794172,57,77,2,47,273,268,42,227,320,415,32,85,7.69,3.19,4.95
3202,505795177,59,72,3,47,270,271,42,229,320,416,32,83,7.69,3.19,4.95
3203,505796189,60,72,3,48,274,270,41,228,320,416,31,85,7.69,3.19,4.95
3204,505797172,57,74,2,47,274,268,42,228,320,415,31,85,7.69,3.19,4.95
3205,505798188,62,74,3,47,274,270,42,228,320,416,31,85,7.69,3.19,4.95
3206,505799171,61,76,3,46,273,269,41,229,320,416,31,85,7.69,3.19,4.95
3207,505800179,62,77,2,45,266,270,42,229,320,415,31,85,7.55,3.24,4.97
3208,505801172,57,77,3,47,272,267,42,228,320,416,31,86,7.55,3.24,4.97
3209,505802171,61,74,3,46,275,270,43,227,320,414,32,83,7.55,3.24,4.97
3210,505803172,56,74,3,46,274,269,41,228,320,416,31,86,7.55,3.24,4.97
3211,505804172,57,74,3,47,274,270,42,228,320,415,38,85,7.55,3.24,4.97
3212,505805176,59,76,2,47,276,269,42,228,320,416,31,84,7.55,3.24,4.97
3213,505806188,59,76,2,47,271,269,41,227,320,415,31,86,7.55,3.24,4.97
3214,505807172,57,75,2,46,274,268,41,227,320,416,31,84,7.55,3.24,4.97
3215,505808196,61,74,2,45,274,271,43,227,320,416,32,83,7.55,3.24,4.97
3216,505809190,63,71,3,46,272,268,43,227,320,414,32,84,7.55,3.24,4.97
3217,505810178,57,74,2,47,270,268,42,227,320,415,31,85,7.48,3.38,5.06
3218,505811189,60,72,3,47,270,270,43,227,320,415,31,83,7.48,3.38,5.06
3219,505812175,57,75,3,46,269,268,43,227,320,416,31,84,7.48,3.38,5.06
3220,505813189,61,76,3,48,272,270,42,225,320,416,31,84,7.48,3.38,5.06
3221,505814172,60,73,3,46,274,271,43,225,320,416,31,85,7.48,3.38,5.06
3222,505815193,57,73,2,46,269,270,41,225,320,415,31,84,7.48,3.38,5.06
3223,505816172,57,74,2,47,274,268,42,225,320,415,31,84,7.48,3.38,5.06
3224,505819557,58,74,3,46,269,268,41,225,320,414,32,83,7.48,3.38,5.06
3225,505820192,57,68,3,49,273,268,42,225,320,416,31,84,7.59,3.26,5.01
3226,505820680,56,74,3,48,273,268,43,225,320,416,31,85,7.59,3.26,5.01
3227,505821188,60,76,3,46,270,270,42,224,320,416,32,86,7.59,3.26,5.01
3228,505822172,57,73,2,48,267,268,42,225,320,416,32,85,7.59,3.26,5.01
3229,505823172,59,76,2,48,274,268,42,225,320,415,31,86,7.59,3.26,5.01
3230,505824189,60,74,3,46,271,271,44,225,320,416,31,84,7.59,3.26,5.01
3231,505825172,58,78,2,47,274,270,42,225,320,416,31,86,7.59,3.26,5.01
3232,505828566,62,73,2,47,275,270,42,225,320,415,31,84,7.59,3.26,5.01
3233,505830364,61,69,2,45,269,268,42,225,320,416,31,84,7.64,3.32,5.08
3234,505830869,58,74,3,46,272,270,41,225,320,415,31,85,7.64,3.32,5.08
3235,505831374,59,73,3,47,274,269,41,225,320,416,31,84,7.64,3.32,5.08
3236,505832188,61,73,2,45,271,268,41,225,320,415,31,86,7.64,3.32,5.08
3237,505833172,61,76,3,45,275,268,41,225,320,415,31,86,7.64,3.32,5.08
3238,505834172,59,74,3,45,271,268,42,225,320,416,31,83,7.64,3.32,5.08
3239,505835189,57,73,3,46,275,269,41,225,320,416,31,85,7.64,3.32,5.08
3240,505836172,62,75,3,46,274,268,43,225,320,415,31,85,7.64,3.32,5.08
3241,505837188,58,73,2,46,274,269,42,225,320,415,31,83,7.64,3.32,5.08
3242,505838172,63,76,2,45,271,268,41,225,320,416,31,83,7.64,3.32,5.08
3243,505839196,62,74,3,48,271,269,41,225,320,416,31,84,7.64,3.32,5.08
3244,505840198,61,73,3,46,275,268,41,225,320,416,31,84,7.64,3.37,5.03
3245,505841188,60,72,2,46,274,267,41,225,320,415,32,84,7.64,3.37,5.03
3246,505842172,63,76,2,46,274,270,41,225,320,416,31,84,7.64,3.37,5.03
3247,505843172,57,78,2,47,275,268,41,225,320,416,31,84,7.64,3.37,5.03
3248,505844188,58,73,3,47,274,271,42,225,320,415,31,84,7.64,3.37,5.03
3249,505845172,62,75,3,47,274,271,41,226,320,416,31,83,7.64,3.37,5.03
3250,505848344,59,77,2,48,274,268,42,226,320,416,31,84,7.64,3.37,5.03
3251,505850104,57,72,3,46,275,269,41,225,320,416,31,84,7.64,3.37,5.03
3252,505850592,59,77,3,46,272,270,41,226,320,416,31,84,7.7,3.4,5.01
3253,505851178,59,73,3,45,274,269,41,226,320,416,31,84,7.7,3.4,5.01
3254,505852173,57,78,2,46,274,268,41,226,320,416,31,84,7.7,3.4,5.01
3255,505853172,58,75,1,45,272,267,40,226,319,414,31,87,7.7,3.4,5.01
3256,505854172,60,74,3,46,275,270,44,225,320,416,31,85,7.7,3.4,5.01
3257,505855175,58,76,3,49,275,273,41,226,320,416,31,85,7.7,3.4,5.01
3258,505858395,52,74,1,47,273,269,40,225,319,415,30,83,7.7,3.4,5.01
3259,505860147,59,71,2,46,276,268,40,227,320,415,38,85,7.7,3.4,5.01
3260,505860635,58,77,3,49,275,271,42,227,320,416,31,85,7.73,3.56,5.17
3261,505861172,59,75,3,48,269,269,42,225,320,416,38,84,7.73,3.56,5.17
3262,505862172,63,77,2,47,274,270,42,225,320,416,38,84,7.73,3.56,5.17
3263,505863172,56,77,2,48,270,267,42,227,320,415,38,85,7.73,3.56,5.17
3264,505864172,60,76,2,47,273,270,43,227,319,414,39,86,7.73,3.56,5.17
3265,505865172,59,74,2,47,274,269,41,227,320,416,38,86,7.73,3.56,5.17
3266,505868343,56,76,2,48,273,267,42,227,320,416,32,85,7.73,3.56,5.17
3267,505870126,60,73,3,47,271,267,40,227,320,416,37,85,7.83,3.55,5.12
3268,505870614,58,73,3,49,274,265,41,227,320,415,32,86,7.83,3.55,5.12
3269,505871172,62,73,3,45,270,269,41,227,320,416,38,83,7.83,3.55,5.12
3270,505872172,61,76,3,46,275,268,41,225,320,415,38,86,7.83,3.55,5.12
3271,505873172,59,75,1,46,271,267,41,225,320,416,34,81,7.83,3.55,5.12
3272,505874172,58,75,2,45,275,270,41,227,320,415,38,85,7.83,3.55,5.12
3273,505875172,62,76,3,47,271,268,40,227,320,414,37,85,7.83,3.55,5.12
3274,505878858,62,76,2,46,266,271,41,227,320,415,32,84,7.83,3.55,5.12
3275,505880260,60,75,3,46,272,271,41,225,320,415,32,86,7.93,3.55,5.15
3276,505880748,56,75,2,48,274,271,41,225,320,415,34,85,7.93,3.55,5.15
3277,505881242,57,76,2,47,270,271,40,226,320,415,38,84,7.93,3.55,5.15
3278,505882174,60,74,1,45,272,268,41,226,319,415,38,83,7.93,3.55,5.15
3279,505883171,55,77,2,48,272,268,40,227,322,416,32,84,7.93,3.55,5.15
3280,505884172,62,77,2,48,270,270,40,227,320,415,38,85,7.93,3.55,5.15
3281,505885175,59,75,2,49,269,269,42,227,320,416,38,86,7.93,3.55,5.15
3282,505886172,61,73,2,48,272,270,40,228,319,414,33,87,7.93,3.55,5.15
3283,505887172,56,79,2,46,274,271,42,228,320,415,38,86,7.93,3.55,5.15
3284,505888175,62,76,3,46,274,268,41,227,320,416,36,86,7.93,3.55,5.15
3285,505889172,62,74,3,47,271,271,41,227,320,415,32,84,7.93,3.55,5.15
3286,505890182,56,74,2,46,273,268,44,227,320,414,32,87,7.93,3.55,5.15
3287,505891172,61,75,2,47,266,269,41,227,320,416,38,86,7.97,3.54,5.1
3288,505892172,62,74,2,47,274,269,41,227,320,415,34,85,7.97,3.54,5.1
3289,505893179,61,77,2,47,269,269,41,227,320,416,38,85,7.97,3.54,5.1
3290,505894179,57,73,1,47,269,271,42,227,320,413,32,81,7.97,3.54,5.1
3291,505895175,59,76,1,46,274,272,40,226,319,414,35,86,7.97,3.54,5.1
3292,505896172,57,74,1,45,270,272,43,227,318,415,31,87,7.97,3.54,5.1
3293,505897172,56,78,2,48,269,268,40,225,319,415,37,87,7.97,3.54,5.1
3294,505898179,56,75,3,46,274,268,41,227,320,415,31,86,7.97,3.54,5.1
3295,505899173,57,74,3,47,270,267,42,227,320,416,31,84,7.97,3.54,5.1
3296,505900186,56,74,2,47,266,268,39,226,319,415,31,84,7.97,3.54,5.1
3297,505901171,61,74,1,46,274,269,43,225,319,416,31,86,8.1,3.57,5.04
3298,505902172,60,75,3,47,274,269,40,225,320,415,31,85,8.1,3.57,5.04
3299,505903172,57,74,3,46,275,269,42,225,320,416,32,84,8.1,3.57,5.04
3300,505904174,56,72,2,46,271,267,42,225,320,415,31,88,8.1,3.57,5.04
3301,505905172,57,76,2,48,273,271,41,225,320,416,38,86,8.1,3.57,5.04
3302,505906172,56,74,2,47,274,269,42,226,320,416,31,84,8.1,3.57,5.04
3303,505907172,58,75,2,47,274,268,41,225,320,416,37,86,8.1,3.57,5.04
3304,505908367,60,75,2,48,270,269,42,226,319,415,32,86,8.1,3.57,5.04
3305,505910127,59,76,2,47,272,268,41,226,320,415,31,86,8.01,3.47,5.16
3306,505910615,57,72,2,46,276,270,40,227,320,415,32,86,8.01,3.47,5.16
3307,505911172,58,77,2,47,270,269,42,227,320,416,32,86,8.01,3.47,5.16
3308,505912175,62,75,2,45,273,268,43,227,320,415,31,85,8.01,3.47,5.16
3309,505913172,60,76,3,47,274,269,42,227,320,415,32,85,8.01,3.47,5.16
3310,505914172,57,75,1,46,270,268,41,224,319,415,31,82,8.01,3.47,5.16
3311,505917547,58,77,2,46,274,269,41,227,320,416,31,85,8.01,3.47,5.16
3312,505919905,62,75,3,46,275,268,41,227,320,415,37,84,8.01,3.47,5.16
3313,505920393,53,75,3,46,271,269,40,227,320,416,32,85,7.99,3.53,5.12
3314,505921172,58,75,3,47,274,269,41,227,320,416,32,85,7.99,3.53,5.12
3315,505922172,60,75,3,46,270,269,42,228,320,414,32,86,7.99,3.53,5.12
3316,505923172,55,72,3,47,270,269,41,227,320,415,32,87,7.99,3.53,5.12
3317,505924171,56,75,1,46,268,269,41,227,320,413,30,83,7.99,3.53,5.12
3318,505927792,62,76,3,46,274,269,41,226,320,416,32,84,7.99,3.53,5.12
3319,505930134,58,73,2,45,275,268,42,225,320,414,31,86,7.99,3.53,5.12
3320,505930622,56,73,3,47,270,268,41,226,320,416,31,85,7.97,3.46,5.11
3321,505931172,59,73,3,46,276,269,42,227,320,416,31,87,7.97,3.46,5.11
3322,505932172,59,76,3,47,274,269,41,227,320,416,32,85,7.97,3.46,5.11
3323,505933172,60,73,1,46,270,267,41,226,319,415,38,88,7.97,3.46,5.11
3324,505934174,59,74,1,47,273,271,42,225,320,416,31,84,7.97,3.46,5.11
3325,505935172,60,76,3,46,276,270,41,227,320,415,32,86,7.97,3.46,5.11
3326,505936172,58,72,3,47,273,269,41,227,320,416,31,84,7.97,3.46,5.11
3327,505937175,61,78,1,45,272,269,42,227,320,415,31,82,7.97,3.46,5.11
3328,505938172,57,73,3,47,275,270,41,227,320,414,32,85,7.97,3.46,5.11
3329,505939172,62,74,2,47,274,268,42,227,320,416,31,84,7.97,3.46,5.11
3330,505940190,62,76,2,46,274,269,42,227,320,416,31,84,7.97,3.46,5.11
3331,505941171,61,75,1,48,273,268,40,225,319,415,32,87,7.86,3.39,5.13
3332,505942172,58,73,2,46,274,269,42,227,320,416,32,84,7.86,3.39,5.13
3333,505943177,60,75,2,47,269,267,41,227,320,415,38,85,7.86,3.39,5.13
3334,505944172,60,75,2,48,274,270,42,228,320,416,31,85,7.86,3.39,5.13
3335,505945172,57,71,2,48,268,267,41,226,319,416,37,86,7.86,3.39,5.13
3336,505946178,57,76,1,46,272,271,43,227,317,415,34,86,7.86,3.39,5.13
3337,505947172,62,74,2,46,272,269,43,227,320,415,32,84,7.86,3.39,5.13
3338,505948172,62,74,2,48,276,267,41,227,320,416,31,84,7.86,3.39,5.13
3339,505949172,54,72,1,46,272,270,42,226,318,415,32,84,7.86,3.39,5.13
3340,505950182,58,74,2,46,274,270,43,227,320,415,31,85,7.86,3.39,5.13
3341,505951179,57,76,2,47,273,269,42,228,320,415,31,86,7.87,3.46,5.19
3342,505952178,63,74,2,46,274,269,43,227,320,415,31,86,7.87,3.46,5.19
3343,505953175,61,74,1,44,267,268,41,226,319,416,31,83,7.87,3.46,5.19
3344,505954173,57,73,2,47,269,268,41,227,320,416,32,86,7.87,3.46,5.19
3345,505955171,61,76,2,46,274,269,41,227,320,415,31,85,7.87,3.46,5.19
3346,505956177,61,77,2,46,274,268,41,227,320,416,31,85,7.87,3.46,5.19
3347,505957172,60,75,2,48,269,269,44,227,319,415,31,88,7.87,3.46,5.19
3348,505958172,57,77,3,46,270,270,42,226,320,416,32,86,7.87,3.46,5.19
3349,505959172,61,77,2,47,274,271,41,226,320,415,31,84,7.87,3.46,5.19
3350,505960185,57,77,2,47,274,269,41,225,320,416,31,86,7.87,3.46,5.19
3351,505961178,57,75,1,45,270,269,41,225,320,416,31,83,7.81,3.42,5.22
3352,505962173,58,74,2,46,275,269,41,225,320,416,37,84,7.81,3.42,5.22
3353,505963172,57,76,3,47,269,268,41,225,320,415,31,84,7.81,3.42,5.22
3354,505964172,62,73,2,46,274,269,42,225,320,416,32,86,7.81,3.42,5.22
3355,505965172,61,75,1,45,269,268,42,226,320,415,31,83,7.81,3.42,5.22
3356,505966172,61,76,2,46,274,269,41,225,320,414,31,86,7.81,3.42,5.22
3357,505967172,57,74,2,46,273,271,42,226,320,416,32,84,7.81,3.42,5.22
3358,505970051,60,76,2,45,270,268,42,225,320,415,32,87,7.81,3.42,5.22
3359,505970535,58,74,2,45,270,269,41,225,320,415,32,84,7.75,3.44,5.17
3360,505971168,59,75,1,45,273,269,43,225,320,415,31,83,7.75,3.44,5.17
3361,505972167,55,73,2,48,271,269,41,225,319,414,31,87,7.75,3.44,5.17
3362,505973168,63,75,2,47,272,268,41,226,320,416,31,86,7.75,3.44,5.17
3363,505974167,60,75,2,46,274,270,40,227,320,416,31,84,7.75,3.44,5.17
3364,505975171,54,78,2,46,271,269,43,224,319,414,32,88,7.75,3.44,5.17
3365,505978546,63,75,2,46,271,271,42,226,320,415,37,86,7.75,3.44,5.17
3366,505980347,59,69,2,47,269,269,41,227,320,416,31,85,7.88,3.54,5.1
3367,505980842,62,76,2,46,274,269,41,227,320,416,38,84,7.88,3.54,5.1
3368,505981330,58,77,2,46,269,269,41,228,320,415,31,85,7.88,3.54,5.1
3369,505982172,53,74,2,48,270,269,40,227,319,415,31,88,7.88,3.54,5.1
3370,505983171,56,73,1,46,271,269,42,228,320,413,33,90,7.88,3.54,5.1
3371,505984172,57,78,1,46,270,267,39,228,320,416,31,82,7.88,3.54,5.1
3372,505985172,60,76,2,47,270,265,41,228,320,416,31,85,7.88,3.54,5.1
3373,505986178,61,73,2,46,270,271,43,227,320,415,31,85,7.88,3.54,5.1
3374,505987172,56,75,2,48,270,271,41,227,320,416,32,85,7.88,3.54,5.1
3375,505988171,56,76,1,45,272,268,43,227,320,416,37,87,7.88,3.54,5.1
3376,505990222,59,75,2,47,270,268,41,228,320,416,31,86,7.76,3.57,5.11
3377,505990715,57,75,3,45,274,266,42,228,320,415,31,85,7.76,3.57,5.11
3378,505991204,59,76,2,45,274,269,42,229,320,416,31,85,7.76,3.57,5.11
3379,505992172,59,75,2,47,270,270,41,228,320,416,32,85,7.76,3.57,5.11
3380,505993172,62,74,2,49,274,269,41,228,320,415,32,85,7.76,3.57,5.11
3381,505994172,60,74,2,48,271,267,42,227,318,415,31,87,7.76,3.57,5.11
3382,505995171,61,75,2,46,269,271,40,228,320,415,32,86,7.76,3.57,5.11
3383,505998792,58,74,2,46,269,270,41,228,320,416,31,84,7.76,3.57,5.11
3384,506000183,55,71,2,47,274,271,42,227,320,416,31,85,7.84,3.5,5.11
3385,506000667,61,73,2,47,271,270,39,227,320,415,38,84,7.84,3.5,5.11
3386,506001168,58,74,3,48,270,269,42,227,320,415,31,86,7.84,3.5,5.11
3387,506002172,62,76,3,48,274,269,42,227,320,416,31,86,7.84,3.5,5.11
3388,506003168,55,76,2,46,268,267,41,227,319,414,31,90,7.84,3.5,5.11
3389,506004168,56,74,2,49,272,269,42,225,320,416,32,85,7.84,3.5,5.11
3390,506005168,62,76,2,49,274,269,41,225,320,416,32,84,7.84,3.5,5.11
3391,506008551,59,76,2,47,269,268,41,224,320,415,31,86,7.84,3.5,5.11
3392,506010133,59,72,2,48,269,270,41,225,320,415,31,86,7.87,3.34,5.19
3393,506010623,55,74,2,48,273,269,41,225,320,415,31,85,7.87,3.34,5.19
3394,506011172,62,77,2,47,273,267,42,226,320,416,31,86,7.87,3.34,5.19
3395,506012172,56,72,2,48,269,267,41,227,319,414,31,83,7.87,3.34,5.19
3396,506013171,59,73,3,49,275,268,42,225,320,416,31,86,7.87,3.34,5.19
3397,506014171,62,76,2,49,273,270,41,225,320,416,31,86,7.87,3.34,5.19
3398,506015172,62,77,2,47,270,268,42,226,320,416,31,86,7.87,3.34,5.19
3399,506018766,56,76,1,46,271,267,40,225,319,416,31,81,7.87,3.34,5.19
3400,506020164,60,69,2,47,275,269,42,227,320,416,31,85,7.75,3.38,5.15
3401,506020648,54,78,2,47,271,270,41,227,320,416,31,85,7.75,3.38,5.15
3402,506021173,62,75,2,47,274,268,41,227,320,415,31,85,7.75,3.38,5.15
3403,506022169,58,76,3,47,275,268,41,227,320,416,37,84,7.75,3.38,5.15
3404,506023168,58,72,2,50,275,271,41,227,320,416,32,84,7.75,3.38,5.15
3405,506024168,59,72,1,49,271,269,42,229,319,414,31,80,7.75,3.38,5.15
3406,506025167,59,71,2,49,274,270,40,228,320,416,31,85,7.75,3.38,5.15
3407,506028366,62,78,2,47,271,268,40,228,320,415,31,85,7.75,3.38,5.15
3408,506030304,62,70,2,47,271,269,40,228,320,415,31,85,7.75,3.38,5.15
3409,506030792,58,76,2,48,274,269,41,227,320,415,31,84,7.68,3.41,5.03
3410,506031280,59,75,2,46,273,269,41,228,320,416,31,84,7.68,3.41,5.03
3411,506032172,60,76,2,48,276,267,41,228,320,414,31,84,7.68,3.41,5.03
3412,506033172,57,74,1,46,270,269,42,227,320,416,30,83,7.68,3.41,5.03
3413,506034171,55,71,2,49,272,267,41,227,320,417,32,84,7.68,3.41,5.03
3414,506035172,57,75,2,47,274,270,42,228,320,416,32,85,7.68,3.41,5.03
3415,506036172,62,75,2,47,270,268,40,228,320,415,38,84,7.68,3.41,5.03
3416,506037172,59,77,2,45,273,268,41,229,321,416,39,88,7.68,3.41,5.03
3417,506038172,62,76,2,49,276,267,41,228,320,416,39,84,7.68,3.41,5.03
3418,506039179,62,75,3,48,269,266,40,228,320,415,38,85,7.68,3.41,5.03
3419,506040172,60,78,2,47,272,268,42,228,319,413,38,86,7.68,3.41,5.03
3420,506041171,55,76,1,48,270,273,42,227,321,414,38,87,7.56,3.41,4.92
3421,506042172,62,75,2,47,275,267,42,229,320,416,38,84,7.56,3.41,4.92
3422,506043172,53,74,3,49,274,273,42,229,320,415,38,84,7.56,3.41,4.92
3423,506044172,58,74,2,47,271,272,44,227,317,416,32,87,7.56,3.41,4.92
3424,506045171,60,72,3,47,272,268,42,229,320,416,38,84,7.56,3.41,4.92
3425,506046177,62,74,3,50,274,268,42,229,320,415,38,85,7.56,3.41,4.92
3426,506047172,61,76,3,49,270,267,41,229,320,415,38,84,7.56,3.41,4.92
3427,506048172,56,75,2,48,268,268,40,226,319,415,38,84,7.56,3.41,4.92
3428,506049172,57,75,2,49,274,269,41,228,320,416,38,85,7.56,3.41,4.92
3429,506050172,61,77,2,49,273,268,42,229,320,416,38,85,7.56,3.41,4.92
3430,506051172,60,76,2,47,274,270,42,228,320,416,38,85,7.57,3.4,4.91
3431,506052172,61,73,2,46,270,272,43,229,319,415,32,87,7.57,3.4,4.91
3432,506053172,59,74,3,48,275,270,41,228,320,415,38,85,7.57,3.4,4.91
3433,506054172,61,74,3,47,272,271,42,228,320,416,32,85,7.57,3.4,4.91
3434,506055172,58,75,3,47,270,269,41,227,320,416,38,84,7.57,3.4,4.91
3435,506056172,59,77,1,50,270,267,42,228,320,415,32,81,7.57,3.4,4.91
3436,506057172,62,79,2,48,274,268,42,227,320,416,37,85,7.57,3.4,4.91
3437,506058172,58,75,2,49,274,267,42,227,320,416,31,85,7.57,3.4,4.91
3438,506059172,62,76,2,48,270,267,42,228,320,415,32,85,7.57,3.4,4.91
3439,506060177,59,72,2,47,270,268,41,227,320,415,31,87,7.57,3.4,4.91
3440,506061172,57,76,2,50,270,271,41,227,320,415,31,85,7.71,3.36,5.06
3441,506062172,62,75,2,48,274,274,42,227,320,416,30,84,7.71,3.36,5.06
3442,506063172,56,74,2,50,270,268,39,227,319,415,30,82,7.71,3.36,5.06
3443,506064174,59,75,1,49,269,266,41,226,319,416,31,84,7.71,3.36,5.06
3444,506065172,60,74,2,51,275,267,42,227,320,416,30,86,7.71,3.36,5.06
3445,506066172,63,77,2,51,271,269,41,227,320,415,30,85,7.71,3.36,5.06
3446,506067177,60,73,2,50,270,268,43,227,320,416,30,86,7.71,3.36,5.06
3447,506069974,61,74,1,48,272,268,43,226,318,413,31,89,7.71,3.36,5.06
3448,506070463,55,73,3,50,274,267,42,227,320,415,30,86,7.75,3.36,5.02
3449,506071168,60,75,1,50,269,270,41,225,319,416,30,85,7.75,3.36,5.02
3450,506072167,60,76,2,51,274,270,42,225,320,416,30,86,7.75,3.36,5.02
3451,506073168,62,76,3,48,266,268,41,226,320,416,31,85,7.75,3.36,5.02
3452,506074168,57,75,1,50,272,271,41,223,317,415,31,86,7.75,3.36,5.02
3453,506075167,58,75,2,48,269,269,42,225,319,414,31,85,7.75,3.36,5.02
3454,506078341,62,74,3,50,273,268,41,226,320,416,31,85,7.75,3.36,5.02
3455,506080315,54,68,3,48,274,267,41,227,320,416,31,86,7.85,3.4,5.01
3456,506080804,55,76,2,48,272,268,41,227,320,415,31,85,7.85,3.4,5.01
3457,506081292,56,77,3,50,270,272,41,227,320,415,31,85,7.85,3.4,5.01
3458,506082172,60,75,3,49,270,268,42,227,320,416,31,85,7.85,3.4,5.01
3459,506083172,59,74,2,48,269,267,40,226,319,413,29,87,7.85,3.4,5.01
3460,506084171,57,74,1,49,270,268,42,227,320,413,31,87,7.85,3.4,5.01
3461,506085173,55,76,2,48,271,268,41,227,320,416,31,86,7.85,3.4,5.01
3462,506086172,56,75,2,51,271,268,42,227,320,416,31,85,7.85,3.4,5.01
3463,506087172,56,77,1,49,271,270,41,227,319,414,31,87,7.85,3.4,5.01
3464,506089966,60,75,3,51,270,272,42,227,320,415,31,84,7.85,3.4,5.01
3465,506090456,57,74,2,48,275,270,42,227,320,416,31,86,8.02,3.46,5.06
3466,506091172,61,75,2,48,274,268,41,228,320,416,31,84,8.02,3.46,5.06
3467,506092172,61,76,2,47,272,267,42,227,320,415,31,86,8.02,3.46,5.06
3468,506093172,58,74,2,49,274,272,42,226,319,415,30,87,8.02,3.46,5.06
3469,506094171,55,78,1,46,269,267,39,228,320,415,31,87,8.02,3.46,5.06
3470,506097599,56,73,2,48,274,267,42,228,320,416,31,85,8.02,3.46,5.06
3471,506099925,56,70,2,48,274,267,41,227,320,416,31,84,8.02,3.46,5.06
3472,506100415,60,75,2,48,274,272,41,228,320,415,31,86,8.02,3.54,5.12
3473,506101172,62,78,2,48,273,268,42,227,320,416,31,85,8.02,3.54,5.12
3474,506102172,57,73,1,48,275,271,42,227,320,415,32,81,8.02,3.54,5.12
3475,506103171,57,74,3,48,272,270,41,226,318,415,31,85,8.02,3.54,5.12
3476,506104172,59,75,3,51,274,269,41,227,320,416,30,86,8.02,3.54,5.12
3477,506107344,62,76,2,48,274,269,42,225,320,416,30,85,8.02,3.54,5.12
3478,506109891,58,69,3,48,271,271,40,225,321,415,30,85,8.02,3.54,5.12
3479,506110380,57,77,3,48,274,273,41,226,320,415,30,86,7.98,3.53,5.19
3480,506111175,55,75,1,49,272,266,41,225,320,415,30,82,7.98,3.53,5.19
3481,506112171,59,76,3,48,268,267,41,225,319,415,30,85,7.98,3.53,5.19
3482,506113171,60,77,3,48,270,272,41,226,320,416,32,85,7.98,3.53,5.19
3483,506114178,57,76,3,48,269,273,41,226,320,416,31,85,7.98,3.53,5.19
3484,506117557,58,75,2,50,270,269,40,226,319,414,31,86,7.98,3.53,5.19
3485,506119886,60,71,2,49,275,268,42,225,320,416,30,85,7.98,3.53,5.19
3486,506120374,54,72,3,49,275,271,40,227,320,416,31,84,7.88,3.43,5.09
3487,506121172,59,75,3,48,274,267,41,227,320,416,31,84,7.88,3.43,5.09
3488,506122172,57,75,2,48,274,268,40,227,320,416,31,85,7.88,3.43,5.09
3489,506123172,56,74,2,47,274,268,43,227,320,415,31,86,7.88,3.43,5.09
3490,506124178,54,78,1,47,273,269,42,226,318,416,31,80,7.88,3.43,5.09
3491,506127768,60,72,2,48,272,267,41,227,320,416,32,83,7.88,3.43,5.09
3492,506130108,55,67,2,49,271,268,41,227,320,415,32,84,7.88,3.43,5.09
3493,506130592,61,76,2,50,272,268,40,228,320,415,31,84,7.75,3.44,5.06
3494,506131167,56,75,2,47,273,266,42,229,320,415,31,83,7.75,3.44,5.06
3495,506132168,57,75,3,49,275,269,42,228,320,416,31,83,7.75,3.44,5.06
3496,506133170,57,76,1,48,270,272,41,227,317,416,31,84,7.75,3.44,5.06
3497,506134167,58,72,3,50,273,269,39,226,317,416,32,83,7.75,3.44,5.06
3498,506135167,60,76,2,49,274,269,41,229,320,415,31,85,7.75,3.44,5.06
3499,506136177,59,74,2,50,274,268,42,229,320,416,32,84,7.75,3.44,5.06
3500,506137168,56,75,1,49,269,269,39,227,319,414,32,84,7.75,3.44,5.06
3501,506138168,62,76,2,48,274,269,40,228,320,416,31,84,7.75,3.44,5.06
3502,506139171,57,75,2,49,270,267,42,228,320,416,31,85,7.75,3.44,5.06
3503,506140184,62,76,2,48,274,268,41,227,320,415,31,84,7.6,3.47,4.99
3504,506141172,57,75,1,49,270,273,39,228,319,415,32,83,7.6,3.47,4.99
3505,506142175,56,77,2,49,271,266,42,227,320,416,31,86,7.6,3.47,4.99
3506,506143172,61,76,3,50,270,272,42,228,320,416,31,84,7.6,3.47,4.99
3507,506144172,60,74,2,48,271,270,41,228,319,415,31,87,7.6,3.47,4.99
3508,506145176,61,75,1,50,268,269,42,229,320,415,30,87,7.6,3.47,4.99
3509,506146172,61,73,3,50,273,273,42,229,320,415,31,85,7.6,3.47,4.99
3510,506147172,60,74,2,50,273,269,42,229,320,416,31,84,7.6,3.47,4.99
3511,506148172,60,73,2,47,270,266,41,229,320,415,31,87,7.6,3.47,4.99
3512,506149172,57,75,3,50,274,268,41,229,320,416,31,86,7.6,3.47,4.99
3513,506150193,62,76,3,50,274,271,41,229,320,416,31,85,7.56,3.54,5.05
3514,506151178,57,77,2,49,270,267,42,229,320,416,31,85,7.56,3.54,5.05
3515,506152174,57,76,1,49,269,268,42,229,319,416,31,87,7.56,3.54,5.05
3516,506153172,57,75,2,49,274,268,41,229,320,416,32,85,7.56,3.54,5.05
3517,506154172,57,76,3,49,274,268,41,229,320,415,31,85,7.56,3.54,5.05
3518,506155177,56,75,2,50,274,272,41,229,320,415,31,85,7.56,3.54,5.05
3519,506156172,56,73,2,49,269,267,40,229,319,415,31,82,7.56,3.54,5.05
3520,506157172,58,77,2,47,271,267,42,229,320,415,31,86,7.56,3.54,5.05
3521,506158172,57,78,2,49,274,268,41,229,320,416,31,85,7.56,3.54,5.05
3522,506160099,62,76,3,48,273,266,42,229,320,416,31,84,7.61,3.6,5.17
3523,506160588,59,76,2,48,270,268,42,227,320,416,31,84,7.61,3.6,5.17
3524,506161172,59,72,2,48,274,269,41,228,320,416,31,85,7.61,3.6,5.17
3525,506162172,57,74,2,48,273,268,41,229,319,415,31,87,7.61,3.6,5.17
3526,506163177,58,74,1,49,270,270,40,227,320,415,37,87,7.61,3.6,5.17
3527,506164171,57,74,1,48,270,271,43,228,320,417,31,88,7.61,3.6,5.17
3528,506167358,60,76,2,50,271,270,41,228,320,415,31,85,7.61,3.6,5.17
3529,506169863,55,71,2,51,272,267,42,227,320,416,31,86,7.61,3.6,5.17
3530,506170351,61,76,2,50,275,272,42,228,320,416,31,85,7.93,3.33,5.19
3531,506171172,57,75,3,50,270,269,41,228,320,416,31,84,7.93,3.33,5.19
3532,506172171,57,74,2,48,275,270,41,227,320,415,31,84,7.93,3.33,5.19
3533,506173172,56,76,3,48,269,267,43,227,320,415,31,87,7.93,3.33,5.19
3534,506174171,62,72,3,47,268,267,41,227,320,415,37,84,7.93,3.33,5.19
3535,506177348,60,75,3,50,270,269,41,227,320,416,31,85,7.93,3.33,5.19
3536,506180090,59,73,3,50,274,268,40,227,320,416,31,86,7.93,3.33,5.19
3537,506180578,58,73,2,50,274,270,43,225,320,416,31,85,7.98,3.38,5.19
3538,506181172,62,74,3,49,274,272,41,225,320,416,31,85,7.98,3.38,5.19
3539,506182176,60,77,3,52,274,267,41,225,320,415,31,85,7.98,3.38,5.19
3540,506183172,63,76,2,48,273,268,42,225,319,414,31,86,7.98,3.38,5.19
3541,506184172,62,74,2,50,274,268,41,225,320,416,31,85,7.98,3.38,5.19
3542,506185172,58,76,2,49,273,267,42,225,320,414,31,85,7.98,3.38,5.19
3543,506186172,60,75,2,49,271,267,41,225,320,415,31,85,7.98,3.38,5.19
3544,506187179,59,73,1,50,270,269,43,225,320,414,31,87,7.98,3.38,5.19
3545,506188179,62,74,3,49,269,268,41,225,320,415,31,83,7.98,3.38,5.19
3546,506189175,59,74,3,49,274,267,40,225,320,415,31,85,7.98,3.38,5.19
3547,506190187,61,75,3,48,269,268,42,225,320,416,32,84,8.1,3.41,5.15
3548,506191172,61,75,2,50,273,270,42,225,320,416,30,81,8.1,3.41,5.15
3549,506192178,57,72,3,48,274,267,42,225,320,415,31,85,8.1,3.41,5.15
3550,506193173,56,76,3,48,271,268,42,225,320,416,32,85,8.1,3.41,5.15
3551,506194173,60,75,3,48,275,270,41,226,320,416,31,83,8.1,3.41,5.15
3552,506195172,56,73,1,51,269,267,42,226,320,416,30,83,8.1,3.41,5.15
3553,506196172,58,75,3,51,269,268,42,227,320,416,31,85,8.1,3.41,5.15
3554,506197172,60,75,3,51,274,269,40,227,320,415,32,84,8.1,3.41,5.15
3555,506198173,57,74,2,50,269,268,42,227,320,415,31,85,8.1,3.41,5.15
3556,506199172,57,73,1,49,272,267,42,226,320,414,30,85,8.1,3.41,5.15
3557,506200181,58,77,2,52,269,268,42,227,320,416,31,85,8.09,3.42,5.12
3558,506201172,60,73,3,51,274,267,42,227,320,416,31,84,8.09,3.42,5.12
3559,506202172,62,77,3,49,269,268,41,227,320,416,31,85,8.09,3.42,5.12
3560,506203172,56,74,2,50,275,270,41,224,318,415,31,86,8.09,3.42,5.12
3561,506204178,58,77,3,53,271,268,41,227,320,416,32,84,8.09,3.42,5.12
3562,506205172,59,74,3,51,273,268,42,227,320,416,38,84,8.09,3.42,5.12
3563,506206172,56,74,2,51,271,267,43,227,320,415,39,88,8.09,3.42,5.12
3564,506209348,59,73,2,50,269,269,42,227,319,415,39,86,8.09,3.42,5.12
3565,506210182,56,69,1,51,270,267,40,227,320,415,39,81,8.01,3.38,5.22
3566,506210670,57,74,1,49,272,269,41,227,320,414,39,87,8.01,3.38,5.22
3567,506211176,59,74,2,50,274,267,41,228,320,416,39,85,8.01,3.38,5.22
3568,506212173,60,73,2,48,272,272,42,227,320,415,31,86,8.01,3.38,5.22
3569,506213172,60,75,2,51,274,270,42,229,320,416,39,85,8.01,3.38,5.22
3570,506214172,61,73,1,48,271,270,43,228,319,415,39,82,8.01,3.38,5.22
3571,506217575,62,76,2,52,274,270,41,229,320,416,39,85,8.01,3.38,5.22
3572,506219886,60,68,2,52,274,269,41,228,320,414,39,85,8.01,3.38,5.22
3573,506220374,57,70,3,51,272,267,41,229,320,415,40,86,7.88,3.38,5.1
3574,506221172,59,74,2,49,275,266,41,229,320,415,39,84,7.88,3.38,5.1
3575,506222172,57,75,2,49,274,268,40,229,320,416,40,84,7.88,3.38,5.1
3576,506223172,56,75,2,51,270,270,42,229,320,415,39,87,7.88,3.38,5.1
3577,506224233,56,75,2,48,271,268,42,229,320,414,38,83,7.88,3.38,5.1
3578,506225172,58,77,3,52,270,267,41,228,320,416,40,85,7.88,3.38,5.1
3579,506228348,57,74,3,50,275,270,41,229,320,416,40,85,7.88,3.38,5.1
3580,506230110,63,68,2,51,269,268,41,228,320,416,39,84,7.73,3.38,5.01
3581,506230598,58,73,2,52,273,272,40,229,320,415,39,84,7.73,3.38,5.01
3582,506231172,61,77,2,52,274,269,42,228,320,416,39,84,7.73,3.38,5.01
3583,506232172,57,77,3,51,274,267,41,229,320,416,39,86,7.73,3.38,5.01
3584,506233178,59,76,1,50,270,266,42,229,320,414,39,86,7.73,3.38,5.01
3585,506234173,62,75,3,50,276,267,41,229,320,416,39,84,7.73,3.38,5.01
3586,506235172,58,74,3,52,270,267,41,228,320,415,39,85,7.73,3.38,5.01
3587,506236172,58,74,2,50,272,271,40,228,318,413,32,87,7.73,3.38,5.01
3588,506237173,55,76,2,50,269,269,41,228,318,415,38,87,7.73,3.38,5.01
3589,506238172,58,76,2,50,270,270,41,228,320,414,31,83,7.73,3.38,5.01
3590,506239172,58,76,2,51,274,268,42,227,320,416,39,86,7.73,3.38,5.01
3591,506240209,62,73,3,48,271,268,41,227,320,416,38,86,7.69,3.3,4.97
3592,506241172,56,73,2,50,273,267,42,228,320,415,38,85,7.69,3.3,4.97
3593,506242189,56,74,2,52,274,272,41,228,320,416,38,85,7.69,3.3,4.97
3594,506243179,58,74,2,52,271,269,41,228,320,415,39,85,7.69,3.3,4.97
3595,506244192,60,76,3,52,272,267,40,229,320,415,38,84,7.69,3.3,4.97
3596,506245173,57,75,2,50,274,267,42,229,320,415,32,86,7.69,3.3,4.97
3597,506246188,57,76,2,53,274,268,42,229,320,415,30,84,7.69,3.3,4.97
3598,506247175,61,74,2,52,270,269,41,229,320,415,31,83,7.69,3.3,4.97
3599,506248172,57,76,2,49,274,268,41,229,320,415,31,85,7.69,3.3,4.97
3600,506249172,57,76,3,50,270,270,40,229,320,416,31,85,7.69,3.3,4.97
3601,506250204,57,75,3,51,274,268,42,229,320,416,30,85,7.76,3.39,5.04
3602,506251196,59,74,2,50,274,267,40,229,320,414,30,86,7.76,3.39,5.04
3603,506252194,60,74,2,50,273,267,42,229,320,414,30,83,7.76,3.39,5.04
3604,506253196,62,74,1,49,270,268,42,227,320,413,30,83,7.76,3.39,5.04
3605,506254196,59,76,3,51,272,271,40,229,320,414,31,85,7.76,3.39,5.04
3606,506255196,57,75,3,52,274,268,42,229,320,416,31,84,7.76,3.39,5.04
3607,506256195,59,73,2,49,273,268,40,228,320,416,33,87,7.76,3.39,5.04
3608,506257196,56,73,1,50,268,271,41,229,320,415,31,85,7.76,3.39,5.04
3609,506258196,62,75,3,49,274,272,42,229,320,416,31,86,7.76,3.39,5.04
3610,506259196,56,76,2,52,270,271,42,229,320,416,31,85,7.76,3.39,5.04
3611,506260195,56,73,2,50,270,268,41,229,320,415,31,83,7.8,3.39,5.08
3612,506261195,56,73,3,52,274,267,40,229,320,416,31,85,7.8,3.39,5.08
3613,506262196,61,74,2,49,272,272,39,229,320,415,32,86,7.8,3.39,5.08
3614,506263196,56,73,2,49,274,267,41,229,320,416,31,84,7.8,3.39,5.08
3615,506264196,57,71,3,48,271,267,39,228,320,415,32,89,7.8,3.39,5.08
3616,506265196,61,75,2,51,269,268,40,229,320,415,31,86,7.8,3.39,5.08
3617,506266196,63,73,3,50,270,270,40,229,320,416,31,85,7.8,3.39,5.08
3618,506267963,59,74,3,49,268,268,41,229,320,415,31,86,7.8,3.39,5.08
3619,506269966,61,74,3,50,269,268,42,229,320,416,31,86,7.8,3.39,5.08
3620,506270474,55,72,2,50,274,269,42,229,320,415,32,86,8,3.34,5.08
3621,506271191,58,70,2,51,271,267,41,228,320,414,31,82,8,3.34,5.08
3622,506272191,59,69,2,50,269,269,41,227,320,415,30,86,8,3.34,5.08
3623,506273197,56,74,3,49,271,268,41,227,320,416,31,84,8,3.34,5.08
3624,506274191,62,73,3,52,276,267,40,228,320,416,31,85,8,3.34,5.08
3625,506275191,59,71,2,49,270,270,42,227,320,414,31,82,8,3.34,5.08
3626,506278575,58,74,2,51,269,267,40,226,319,415,32,85,8,3.34,5.08
3627,506280159,58,72,2,50,273,269,40,226,319,414,39,86,8.1,3.3,5.06
3628,506280672,57,74,2,50,272,269,41,227,320,416,39,86,8.1,3.3,5.06
3629,506281195,59,70,2,51,274,268,42,228,320,415,39,84,8.1,3.3,5.06
3630,506282196,60,76,1,50,271,270,42,227,320,415,39,88,8.1,3.3,5.06
3631,506283172,63,76,4,50,275,269,41,227,320,416,39,84,8.1,3.3,5.06
3632,506284172,58,75,2,51,275,267,41,228,320,416,40,84,8.1,3.3,5.06
3633,506285172,60,74,2,51,274,267,43,227,320,415,40,84,8.1,3.3,5.06
3634,506286172,57,74,2,53,274,275,43,227,320,416,40,84,8.1,3.3,5.06
3635,506287188,57,75,2,50,274,272,43,228,320,416,39,84,8.1,3.3,5.06
3636,506288172,58,75,2,51,274,270,43,228,320,415,39,85,8.1,3.3,5.06
3637,506289172,62,78,2,48,275,268,41,227,320,415,39,84,8.1,3.3,5.06
3638,506290188,60,74,2,49,271,270,42,227,320,415,32,85,8.1,3.3,5.06
3639,506291172,57,74,2,49,270,268,42,228,320,416,38,84,8.13,3.28,5.1
3640,506292189,59,74,3,52,273,269,45,228,320,415,32,85,8.13,3.28,5.1
3641,506293172,63,75,2,53,276,272,42,227,320,416,32,85,8.13,3.28,5.1
3642,506294172,57,77,2,52,273,268,44,228,320,416,39,85,8.13,3.28,5.1
3643,506295172,59,73,2,51,274,271,44,228,320,415,39,86,8.13,3.28,5.1
3644,506296172,59,76,2,49,275,269,43,227,320,416,39,85,8.13,3.28,5.1
3645,506297172,57,76,2,48,274,270,42,228,320,416,39,86,8.13,3.28,5.1
3646,506298189,61,73,3,48,270,267,43,227,320,415,39,86,8.13,3.28,5.1
3647,506299172,57,76,3,49,274,268,42,228,320,416,39,86,8.13,3.28,5.1
3648,506300188,59,73,2,49,274,268,44,228,320,415,40,85,8.13,3.28,5.1
3649,506301172,58,73,2,48,270,275,42,228,320,415,40,83,8.13,3.4,5.16
3650,506302172,62,75,2,50,269,269,43,227,320,416,40,84,8.13,3.4,5.16
3651,506303172,62,75,2,50,270,268,43,229,320,416,40,86,8.13,3.4,5.16
3652,506304172,58,76,2,50,273,269,43,228,320,415,40,85,8.13,3.4,5.16
3653,506305172,62,76,2,48,275,268,44,229,320,416,39,85,8.13,3.4,5.16
3654,506306172,56,76,3,50,273,267,43,229,320,416,39,85,8.13,3.4,5.16
3655,506309612,57,74,3,50,274,269,43,228,320,415,32,85,8.13,3.4,5.16
3656,506310242,55,67,3,50,269,270,43,229,320,415,31,85,8,3.29,5.22
3657,506310743,56,74,3,49,271,267,42,229,320,415,31,86,8,3.29,5.22
3658,506311243,62,75,2,50,270,270,41,229,320,416,31,84,8,3.29,5.22
3659,506312168,57,73,2,51,270,267,43,228,320,416,31,85,8,3.29,5.22
3660,506313167,61,74,2,49,276,268,44,229,320,416,31,85,8,3.29,5.22
3661,506314184,58,72,3,48,273,268,43,228,320,415,31,85,8,3.29,5.22
3662,506317388,56,72,3,51,274,268,42,229,320,415,30,85,8,3.29,5.22
3663,506319900,56,70,3,47,272,270,42,228,320,415,31,85,8,3.29,5.22
3664,506320410,57,77,3,48,275,271,40,228,320,415,31,86,7.89,3.26,5.19
3665,506321189,59,74,2,46,276,269,40,228,320,415,31,85,7.89,3.26,5.19
3666,506322175,57,76,2,48,272,267,43,229,320,415,31,83,7.89,3.26,5.19
3667,506323188,59,73,3,46,270,269,42,228,320,415,31,86,7.89,3.26,5.19
3668,506324172,58,76,2,46,275,268,43,229,320,416,31,85,7.89,3.26,5.19
3669,506325189,61,75,3,48,271,268,43,229,320,416,31,86,7.89,3.26,5.19
3670,506328595,56,77,2,48,273,268,43,229,320,416,31,84,7.89,3.26,5.19
3671,506330174,61,69,2,48,275,268,43,229,320,416,38,86,7.93,3.28,5.15
3672,506330663,58,77,2,48,272,268,42,229,320,415,32,84,7.93,3.28,5.15
3673,506331172,60,78,3,47,274,270,42,229,320,415,31,85,7.93,3.28,5.15
3674,506332172,56,77,2,47,270,268,44,229,320,416,34,86,7.93,3.28,5.15
3675,506333188,56,71,2,47,273,270,43,229,320,416,32,86,7.93,3.28,5.15
3676,506334172,57,75,3,48,273,269,44,229,320,416,32,86,7.93,3.28,5.15
3677,506335188,62,74,3,47,274,267,42,228,320,416,32,83,7.93,3.28,5.15
3678,506336172,61,75,3,47,272,269,42,228,320,416,33,84,7.93,3.28,5.15
3679,506337188,56,71,2,48,274,268,43,229,320,416,35,83,7.93,3.28,5.15
3680,506338172,62,77,3,49,274,269,43,229,320,416,39,85,7.93,3.28,5.15
3681,506339172,58,77,2,48,272,266,42,229,320,415,39,86,7.93,3.28,5.15
3682,506340175,57,74,3,51,273,268,43,228,320,416,39,86,7.93,3.28,5.15
3683,506341188,61,72,3,47,269,268,45,229,320,416,39,85,7.85,3.21,5.1
3684,506342172,56,76,2,49,270,267,43,228,320,416,39,85,7.85,3.21,5.1
3685,506343172,62,74,3,50,273,268,42,229,320,416,40,85,7.85,3.21,5.1
3686,506344188,56,73,2,50,275,269,41,229,320,417,40,84,7.85,3.21,5.1
3687,506345172,57,76,2,51,274,268,41,229,320,415,40,84,7.85,3.21,5.1
3688,506348361,61,75,2,50,275,268,42,229,320,415,39,84,7.85,3.21,5.1
3689,506349943,57,67,2,50,273,267,43,229,320,416,40,85,7.85,3.25,5.02
3690,506350445,58,73,3,48,270,271,43,229,320,415,39,85,7.85,3.25,5.02
3691,506351167,59,74,2,51,274,268,42,229,320,416,40,85,7.85,3.25,5.02
3692,506352168,62,76,2,51,275,267,42,229,320,416,39,84,7.85,3.25,5.02
3693,506353168,60,74,3,49,273,268,40,229,320,416,39,84,7.85,3.25,5.02
3694,506354184,61,73,2,50,274,267,42,229,320,416,39,83,7.85,3.25,5.02
3695,506355184,62,72,2,50,272,270,42,229,320,416,39,85,7.85,3.25,5.02
3696,506358361,63,74,3,51,272,271,44,228,320,415,39,83,7.85,3.25,5.02
3697,506359947,57,68,3,51,270,269,44,227,320,416,32,84,7.77,3.16,4.98
3698,506360457,61,74,2,48,270,267,45,228,320,414,37,84,7.77,3.16,4.98
3699,506361188,60,76,3,50,270,268,42,228,320,416,31,84,7.77,3.16,4.98
3700,506362172,60,76,2,49,274,268,41,229,320,416,32,83,7.77,3.16,4.98
3701,506363175,57,75,2,50,273,267,42,229,320,416,31,84,7.77,3.16,4.98
3702,506364172,62,78,2,49,271,267,42,229,320,415,31,84,7.77,3.16,4.98
3703,506365188,57,75,2,50,274,268,43,228,320,416,31,83,7.77,3.16,4.98
3704,506368547,60,76,2,50,272,268,42,229,320,416,31,83,7.77,3.16,4.98
3705,506369970,60,72,3,50,276,268,41,229,320,416,32,83,7.68,3.29,4.98
3706,506370459,61,74,3,49,272,267,43,228,320,416,37,84,7.68,3.29,4.98
3707,506371189,62,73,2,48,275,271,41,228,320,416,32,84,7.68,3.29,4.98
3708,506372172,59,77,2,48,274,268,43,227,320,416,31,84,7.68,3.29,4.98
3709,506373189,62,72,3,49,269,267,41,228,320,415,32,84,7.68,3.29,4.98
3710,506374172,62,73,3,49,273,267,42,227,320,416,31,84,7.68,3.29,4.98
3711,506375189,60,72,3,49,274,269,42,227,320,416,30,85,7.68,3.29,4.98
3712,506378344,57,75,3,49,275,266,42,227,320,415,30,85,7.68,3.29,4.98
3713,506380114,58,69,3,51,275,267,43,225,320,415,32,83,7.61,3.45,5.01
3714,506380602,57,71,2,49,276,268,41,226,320,415,30,85,7.61,3.45,5.01
3715,506381177,62,74,2,49,269,275,43,225,320,416,32,84,7.61,3.45,5.01
3716,506382172,61,74,3,51,275,273,41,226,320,415,30,85,7.61,3.45,5.01
3717,506383172,56,76,3,50,274,270,42,226,320,415,32,84,7.61,3.45,5.01
3718,506384189,60,72,3,48,273,271,41,226,320,415,30,85,7.61,3.45,5.01
3719,506385175,62,72,3,49,272,270,42,227,320,416,30,85,7.61,3.45,5.01
3720,506386172,59,74,3,50,272,268,42,227,320,416,31,85,7.61,3.45,5.01
3721,506387172,56,73,2,50,273,275,41,227,320,415,31,84,7.61,3.45,5.01
3722,506388188,61,69,3,50,272,271,42,227,319,415,30,85,7.61,3.45,5.01
3723,506389172,61,74,3,50,275,266,41,227,320,416,31,84,7.61,3.45,5.01
3724,506390182,61,75,3,49,275,268,41,228,320,415,30,85,7.56,3.49,4.99
3725,506391172,59,76,2,48,273,273,41,227,320,416,31,85,7.56,3.49,4.99
3726,506392188,56,72,2,49,271,268,41,227,320,415,30,84,7.56,3.49,4.99
3727,506393172,63,73,2,49,273,273,40,227,320,416,33,85,7.56,3.49,4.99
3728,506394172,57,71,3,49,273,267,40,227,320,416,33,84,7.56,3.49,4.99
3729,506395189,57,74,3,49,270,267,41,227,320,416,33,86,7.56,3.49,4.99
3730,506396172,62,76,3,52,273,267,42,227,320,415,30,83,7.56,3.49,4.99
3731,506397189,57,72,2,48,270,268,41,227,320,415,30,84,7.56,3.49,4.99
3732,506398172,58,74,2,49,275,267,44,227,320,416,30,85,7.56,3.49,4.99
3733,506399188,61,73,3,49,273,269,43,227,320,416,32,85,7.56,3.49,4.99
3734,506400172,56,74,2,48,274,272,42,227,320,416,30,85,7.72,3.53,5.22
3735,506401172,62,74,2,48,271,273,41,227,320,415,31,83,7.72,3.53,5.22
3736,506402188,59,73,3,49,275,271,41,227,320,416,31,84,7.72,3.53,5.22
3737,506403172,61,76,2,49,275,268,43,228,320,415,30,86,7.72,3.53,5.22
3738,506404172,60,77,2,51,275,268,42,227,320,416,30,84,7.72,3.53,5.22
3739,506405188,59,73,2,52,269,267,43,229,320,415,30,86,7.72,3.53,5.22
3740,506406172,60,72,3,49,272,268,41,229,320,416,30,85,7.72,3.53,5.22
3741,506407188,56,69,2,52,274,271,41,229,320,416,30,85,7.72,3.53,5.22
3742,506408172,60,76,3,52,275,267,41,229,320,416,33,86,7.72,3.53,5.22
3743,506409172,62,74,3,53,274,270,42,229,320,416,31,85,7.72,3.53,5.22
3744,506410172,58,78,3,52,273,267,41,229,320,416,31,86,7.71,3.49,5.26
3745,506411172,60,75,3,52,273,267,41,228,320,414,38,86,7.71,3.49,5.26
3746,506412188,59,72,3,51,271,269,41,229,320,415,39,86,7.71,3.49,5.26
3747,506413171,56,72,2,53,275,269,41,229,320,415,40,84,7.71,3.49,5.26
3748,506414172,58,74,2,51,273,267,41,228,320,416,40,86,7.71,3.49,5.26
3749,506415188,61,73,3,51,270,268,41,228,320,416,40,84,7.71,3.49,5.26
3750,506418652,56,74,2,52,273,267,43,227,320,415,40,85,7.71,3.49,5.26
3751,506420066,62,73,3,50,274,271,43,225,320,414,39,85,7.82,3.35,5.14
3752,506420554,58,76,2,53,275,267,42,226,320,416,39,86,7.82,3.35,5.14
3753,506421172,62,73,3,51,276,268,42,227,320,416,39,84,7.82,3.35,5.14
3754,506422194,60,72,2,49,273,269,40,227,320,415,39,84,7.82,3.35,5.14
3755,506423172,59,75,2,51,272,274,41,227,320,415,39,84,7.82,3.35,5.14
3756,506424189,57,75,3,52,275,270,43,227,320,416,39,84,7.82,3.35,5.14
3757,506425179,58,74,3,51,275,266,42,227,320,416,39,85,7.82,3.35,5.14
3758,506428560,62,71,2,53,273,273,42,227,320,415,39,83,7.82,3.35,5.14
3759,506430130,60,70,2,52,271,267,41,227,320,416,39,84,7.89,3.25,5.12
3760,506430614,60,72,2,51,271,271,39,227,320,416,39,85,7.89,3.25,5.12
3761,506431167,62,76,2,53,274,267,41,227,320,416,39,83,7.89,3.25,5.12
3762,506432168,57,74,2,53,275,267,42,227,320,416,39,85,7.89,3.25,5.12
3763,506433168,62,74,2,52,276,270,40,226,320,416,39,85,7.89,3.25,5.12
3764,506434167,57,77,2,52,273,272,41,225,320,416,32,84,7.89,3.25,5.12
3765,506435184,61,72,2,52,275,271,41,227,320,415,30,85,7.89,3.25,5.12
3766,506436167,58,72,2,53,275,272,40,227,320,416,31,85,7.89,3.25,5.12
3767,506437168,59,76,2,49,276,266,41,227,320,415,31,84,7.89,3.25,5.12
3768,506438167,56,75,2,52,273,273,41,225,320,415,31,85,7.89,3.25,5.12
3769,506439184,60,74,2,50,273,269,40,227,320,416,32,84,7.89,3.25,5.12
3770,506440167,61,72,2,52,270,273,42,227,320,416,31,83,8,3.22,4.95
3771,506441184,59,74,2,52,272,269,40,226,320,415,31,85,8,3.22,4.95
3772,506442167,57,75,2,50,273,271,42,227,320,415,31,84,8,3.22,4.95
3773,506443184,61,71,2,50,273,268,41,226,320,415,31,84,8,3.22,4.95
3774,506445117,58,74,3,50,272,267,42,227,320,415,30,85,8,3.22,4.95
3775,506447951,60,73,2,50,271,267,40,225,320,416,31,84,8,3.22,4.95
3776,506449925,54,74,3,52,271,272,42,226,320,415,30,83,8,3.22,4.95
3777,506450410,58,76,2,49,270,267,42,227,320,416,30,85,8.11,3.25,5.01
3778,506451167,57,78,2,53,275,268,42,227,320,416,32,85,8.11,3.25,5.01
3779,506452168,61,76,1,51,272,268,40,226,320,416,30,81,8.11,3.25,5.01
3780,506453168,56,77,1,52,275,268,41,227,320,416,30,87,8.11,3.25,5.01
3781,506454168,54,73,1,50,269,268,41,227,320,416,30,81,8.11,3.25,5.01
3782,506457747,54,76,1,50,270,271,42,227,320,415,32,81,8.11,3.25,5.01
3783,506459920,59,71,2,49,271,268,41,228,320,416,38,86,8.11,3.25,5.01
3784,506460408,57,76,2,53,271,272,42,227,320,415,31,84,8.12,3.39,5.19
3785,506461172,57,74,2,53,274,269,41,227,320,416,32,85,8.12,3.39,5.19
3786,506462172,58,74,2,51,275,267,43,227,320,416,36,84,8.12,3.39,5.19
3787,506463172,60,75,3,50,268,269,41,227,319,415,31,85,8.12,3.39,5.19
3788,506464171,61,72,2,51,274,270,42,227,320,415,30,88,8.12,3.39,5.19
3789,506467341,56,75,2,50,275,269,43,227,320,416,37,85,8.12,3.39,5.19
3790,506469851,62,72,3,50,272,271,40,227,320,415,38,86,8.12,3.39,5.19
3791,506470339,62,73,2,52,276,268,41,227,320,416,37,85,8.16,3.43,5.19
3792,506471172,61,75,2,52,270,275,43,227,320,416,32,85,8.16,3.43,5.19
3793,506472172,58,73,2,47,271,266,43,227,319,415,38,85,8.16,3.43,5.19
3794,506473171,59,74,3,49,270,269,41,227,320,416,32,86,8.16,3.43,5.19
3795,506474555,62,74,2,50,273,269,42,227,320,415,32,85,8.16,3.43,5.19
3796,506477842,58,67,2,49,273,272,43,227,320,416,32,85,8.16,3.43,5.19
3797,506480093,58,68,2,47,273,272,40,227,320,416,38,85,8.16,3.43,5.19
3798,506480581,57,72,2,48,271,268,42,227,320,414,32,86,8.27,3.47,5.34
3799,506481172,62,75,2,47,274,271,40,227,320,415,30,85,8.27,3.47,5.34
3800,506482172,59,72,1,46,274,270,41,227,320,415,30,81,8.27,3.47,5.34
3801,506483171,56,75,2,47,270,265,41,227,318,416,30,85,8.27,3.47,5.34
3802,506484172,60,75,2,48,272,267,41,227,320,415,31,84,8.27,3.47,5.34
3803,506485172,60,77,2,48,275,267,42,228,320,416,30,85,8.27,3.47,5.34
3804,506486172,58,76,1,48,272,269,41,227,320,415,32,81,8.27,3.47,5.34
3805,506487172,56,74,2,49,274,274,40,228,320,415,32,86,8.27,3.47,5.34
3806,506488172,58,74,2,48,272,268,41,227,320,416,30,85,8.27,3.47,5.34
3807,506489172,56,75,1,48,272,268,42,227,320,415,30,83,8.27,3.47,5.34
3808,506490172,57,73,1,46,273,267,39,227,320,415,30,82,7.96,3.43,5.3
3809,506491172,63,73,2,47,273,273,40,227,319,415,30,84,7.96,3.43,5.3
3810,506492172,61,74,2,50,273,268,41,228,320,416,31,84,7.96,3.43,5.3
3811,506493172,60,74,1,49,269,267,40,227,320,415,30,81,7.96,3.43,5.3
3812,506494172,59,75,2,48,275,267,42,227,320,416,31,85,7.96,3.43,5.3
3813,506495172,57,78,2,48,275,268,41,227,320,415,30,83,7.96,3.43,5.3
3814,506496172,58,75,2,48,275,269,42,223,317,414,31,84,7.96,3.43,5.3
3815,506497171,58,74,2,47,275,267,41,225,320,416,31,85,7.96,3.43,5.3
3816,506498171,56,74,2,48,270,268,42,225,320,416,31,85,7.96,3.43,5.3
3817,506499172,57,77,2,46,273,275,42,226,320,416,30,84,7.96,3.43,5.3
3818,506500172,57,75,1,45,271,272,43,225,319,416,30,85,7.9,3.45,5.24
3819,506501172,61,72,2,48,273,269,40,227,320,415,31,85,7.9,3.45,5.24
3820,506502172,59,72,2,46,275,266,42,227,320,416,31,85,7.9,3.45,5.24
3821,506503171,55,73,1,49,269,271,40,225,319,415,37,89,7.9,3.45,5.24
3822,506504172,56,75,1,45,274,270,42,225,319,415,37,87,7.9,3.45,5.24
3823,506505172,56,76,2,46,273,268,42,226,320,416,32,84,7.9,3.45,5.24
3824,506506172,63,76,2,46,273,266,42,226,320,416,31,85,7.9,3.45,5.24
3825,506507172,56,73,2,45,269,266,42,227,319,414,31,86,7.9,3.45,5.24
3826,506508172,62,77,2,46,274,270,41,227,320,416,31,84,7.9,3.45,5.24
3827,506509986,58,75,2,45,273,267,42,226,320,416,32,85,8.02,3.53,5.53
3828,506510474,62,76,2,45,271,267,42,227,320,416,32,84,8.02,3.53,5.53
3829,506511172,57,78,2,45,273,267,42,227,320,416,31,85,8.02,3.53,5.53
3830,506512172,55,77,1,48,274,268,42,226,316,415,32,82,8.02,3.53,5.53
3831,506513171,60,75,2,46,273,273,41,226,317,417,38,84,8.02,3.53,5.53
3832,506514172,57,74,3,44,273,267,42,227,320,416,32,83,8.02,3.53,5.53
3833,506517344,60,73,3,47,272,268,42,227,320,416,32,86,8.02,3.53,5.53
3834,506519856,58,70,2,47,270,269,40,228,320,415,32,86,8.02,3.53,5.53
3835,506520351,60,76,3,47,273,269,41,229,320,416,31,85,7.58,3.53,5.36
3836,506521172,59,76,2,46,268,268,43,227,319,414,32,86,7.58,3.53,5.36
3837,506522171,57,75,2,46,273,266,40,227,319,416,32,83,7.58,3.53,5.36
3838,506523172,58,76,3,47,273,268,42,227,320,416,32,84,7.58,3.53,5.36
3839,506524172,59,72,2,46,273,272,41,227,320,416,32,85,7.58,3.53,5.36
3840,506527753,60,75,1,46,269,268,40,226,318,416,31,83,7.58,3.53,5.36
3841,506530113,59,68,2,46,271,269,41,226,320,415,32,85,7.58,3.53,5.36
3842,506530607,56,76,2,46,272,269,41,225,320,416,38,84,7.51,3.32,5.45
3843,506531172,60,73,3,47,272,268,41,225,320,416,38,85,7.51,3.32,5.45
3844,506532172,57,75,2,46,272,271,42,225,320,416,38,85,7.51,3.32,5.45
3845,506533172,60,74,3,47,271,270,40,225,320,415,32,85,7.51,3.32,5.45
3846,506534172,57,72,2,47,272,268,40,222,319,415,31,86,7.51,3.32,5.45
3847,506535176,58,73,3,46,273,267,41,225,320,415,31,85,7.51,3.32,5.45
3848,506536172,53,72,2,47,271,271,41,225,320,416,32,84,7.51,3.32,5.45
3849,506537172,55,72,3,47,272,267,41,225,320,415,30,84,7.51,3.32,5.45
3850,506538172,54,74,1,46,270,269,39,225,320,415,31,82,7.51,3.32,5.45
3851,506539172,58,73,2,46,272,269,41,225,320,416,31,85,7.51,3.32,5.45
3852,506540172,59,76,3,46,271,271,41,225,320,415,38,84,7.62,3.21,5.52
3853,506541172,58,74,3,45,271,271,42,224,320,416,32,83,7.62,3.21,5.52
3854,506542172,58,76,1,45,272,268,41,224,319,415,31,81,7.62,3.21,5.52
3855,506543172,55,72,2,47,270,268,41,224,320,416,38,84,7.62,3.21,5.52
3856,506544171,61,74,1,46,271,270,42,223,319,416,31,82,7.62,3.21,5.52
3857,506545172,56,75,1,46,273,268,42,223,320,417,31,83,7.62,3.21,5.52
3858,506546171,55,75,2,46,268,269,41,215,318,416,38,89,7.62,3.21,5.52
3859,506547172,59,73,2,47,274,269,41,223,319,416,31,84,7.62,3.21,5.52
3860,506548172,61,73,3,45,272,275,40,223,320,415,31,84,7.62,3.21,5.52
3861,506549172,56,76,1,45,274,271,40,225,319,415,40,82,7.62,3.21,5.52
3862,506550171,56,72,2,48,271,269,40,225,320,416,39,85,7.41,3.05,5.37
3863,506551172,61,73,3,46,271,267,42,225,320,415,32,83,7.41,3.05,5.37
3864,506552172,57,74,3,46,271,268,40,213,320,415,38,83,7.41,3.05,5.37
3865,506553172,60,71,1,46,274,266,41,211,319,415,32,82,7.41,3.05,5.37
3866,506554172,62,76,3,46,270,266,41,227,320,415,38,85,7.41,3.05,5.37
3867,506555172,57,74,2,47,271,268,41,223,320,416,38,84,7.41,3.05,5.37
3868,506556172,57,71,3,47,274,267,43,213,319,415,31,87,7.41,3.05,5.37
3869,506557172,61,76,3,47,273,271,41,223,320,415,32,84,7.41,3.05,5.37
3870,506558172,57,76,3,46,272,269,40,223,320,415,32,84,7.41,3.05,5.37
3871,506559923,61,74,2,47,272,267,41,224,320,415,30,83,6.54,1.64,5.74
3872,506560412,57,71,3,46,269,268,41,225,320,416,32,82,6.54,1.64,5.74
3873,506561172,62,69,1,44,274,268,41,225,319,415,31,81,6.54,1.64,5.74
3874,506562172,60,71,3,47,271,275,41,225,320,416,31,85,6.54,1.64,5.74
3875,506563172,57,72,2,47,272,270,42,223,320,416,31,83,6.54,1.64,5.74
3876,506564172,61,74,3,46,272,271,41,225,320,415,30,83,6.54,1.64,5.74
3877,506567761,57,71,2,46,270,268,41,212,318,414,30,83,6.54,1.64,5.74
3878,506569919,56,62,2,46,271,271,41,223,320,415,28,82,6.54,1.64,5.74
3879,506570407,59,67,2,46,273,269,42,225,320,414,29,82,5.95,1.27,4.29
3880,506571175,60,68,3,46,273,268,40,225,320,414,28,82,5.95,1.27,4.29
3881,506572172,58,70,3,47,273,269,42,225,320,414,27,82,5.95,1.27,4.29
3882,506573172,58,68,1,47,270,266,40,224,319,413,30,82,5.95,1.27,4.29
3883,506574176,59,64,3,48,268,265,39,226,320,415,29,84,5.95,1.27,4.29
3884,506577353,57,62,3,46,274,267,41,225,318,415,31,82,5.95,1.27,4.29
3885,506580046,58,58,2,41,270,268,41,224,319,413,30,82,5.95,1.27,4.29
3886,506580540,57,68,2,37,270,267,42,223,319,412,29,82,5.12,2.63,4.49
3887,506581172,51,66,3,37,269,275,41,212,319,412,29,81,5.12,2.63,4.49
3888,506582172,56,68,3,41,268,271,40,226,319,412,30,80,5.12,2.63,4.49
3889,506583172,52,70,2,39,267,269,40,214,316,409,29,82,5.12,2.63,4.49
3890,506584172,52,67,2,39,267,270,39,223,318,406,30,79,5.12,2.63,4.49
3891,506585172,52,61,2,41,262,266,40,223,318,406,31,82,5.12,2.63,4.49
3892,506586172,58,63,4,43,260,266,40,214,318,404,30,81,5.12,2.63,4.49
3893,506587172,57,67,5,47,258,267,40,211,318,404,30,78,5.12,2.63,4.49
3894,506588172,52,71,10,47,257,269,39,205,319,405,30,79,5.12,2.63,4.49
3895,506589172,52,67,18,47,257,267,40,209,318,404,31,78,5.12,2.63,4.49
3896,506590172,53,62,17,44,252,265,38,208,318,405,31,80,2.21,1.69,-0.22
3897,506591172,53,67,16,43,253,267,40,205,318,404,31,76,2.21,1.69,-0.22
3898,506592172,49,68,15,44,254,266,39,205,318,405,31,76,2.21,1.69,-0.22
3899,506593172,55,66,15,46,251,266,40,203,319,405,37,74,2.21,1.69,-0.22
3900,506594172,50,65,12,44,251,264,40,204,319,403,38,61,2.21,1.69,-0.22
3901,506595172,52,67,3,45,251,265,40,209,318,405,38,55,2.21,1.69,-0.22
3902,506596172,54,67,3,45,248,264,41,208,318,403,37,51,2.21,1.69,-0.22
3903,506597172,51,69,3,44,243,263,38,215,316,406,37,72,2.21,1.69,-0.22
3904,506598171,49,63,4,46,244,260,42,212,318,406,31,71,2.21,1.69,-0.22
3905,506599172,49,64,2,46,245,261,41,217,318,403,30,73,2.21,1.69,-0.22
3906,506600172,49,64,3,45,245,262,42,213,318,404,32,73,2.21,1.69,-0.22
3907,506601167,52,61,2,43,246,259,40,224,318,405,29,72,-5.33,-3.75,1.7
3908,506602167,50,65,2,46,247,261,45,224,318,401,29,71,-5.33,-3.75,1.7
3909,506603168,51,66,3,46,242,261,44,223,319,405,30,70,-5.33,-3.75,1.7
3910,506604168,53,67,2,43,243,262,42,224,319,403,29,69,-5.33,-3.75,1.7
3911,506605168,52,67,2,46,242,258,44,224,317,403,30,70,-5.33,-3.75,1.7
3912,506606167,52,68,2,43,243,261,43,224,319,403,29,69,-5.33,-3.75,1.7
3913,506607168,53,70,3,45,241,261,43,224,319,403,30,69,-5.33,-3.75,1.7
3914,506609924,49,66,1,44,239,258,41,224,318,403,30,69,-5.33,-3.75,1.7
3915,506610410,50,61,2,44,241,261,44,216,319,403,30,70,-2.07,3.16,0.13
3916,506611167,48,66,3,43,240,261,44,215,318,403,30,69,-2.07,3.16,0.13
3917,506612168,52,61,2,45,241,262,43,214,318,405,31,68,-2.07,3.16,0.13
3918,506613168,54,64,1,42,242,261,44,215,317,402,31,68,-2.07,3.16,0.13
3919,506614167,53,66,1,43,240,261,43,223,318,403,30,69,-2.07,3.16,0.13
3920,506617344,52,70,2,45,242,261,43,224,318,402,31,68,-2.07,3.16,0.13
3921,506619778,49,56,2,46,238,261,45,225,319,405,31,67,-2.07,3.16,0.13
3922,506620268,48,71,3,47,240,261,44,227,318,405,31,68,5.3,5.5,1.26
3923,506621168,48,62,3,47,241,262,44,227,318,405,30,69,5.3,5.5,1.26
3924,506622172,49,64,1,47,240,260,44,224,316,405,30,68,5.3,5.5,1.26
3925,506623167,53,61,1,45,240,260,45,226,318,405,29,68,5.3,5.5,1.26
3926,506624168,52,61,1,45,240,260,46,224,317,402,28,68,5.3,5.5,1.26
3927,506627552,52,64,2,48,240,259,45,225,317,405,27,68,5.3,5.5,1.26
3928,506629994,53,55,3,47,239,261,45,223,319,403,29,68,5.3,5.5,1.26
3929,506630483,50,63,3,46,241,261,46,223,318,404,29,69,-1.46,-0.66,2.04
3930,506631172,49,65,2,46,237,260,48,223,319,405,31,68,-1.46,-0.66,2.04
3931,506632172,49,66,2,47,240,261,47,224,318,404,37,68,-1.46,-0.66,2.04
3932,506633172,49,61,2,47,242,261,47,225,319,405,37,68,-1.46,-0.66,2.04
3933,506634171,49,62,1,47,238,261,47,225,317,401,37,68,-1.46,-0.66,2.04
3934,506635171,49,63,2,46,239,260,47,225,318,403,37,68,-1.46,-0.66,2.04
3935,506636171,49,63,3,47,236,261,47,226,319,402,37,69,-1.46,-0.66,2.04
3936,506637172,49,60,2,46,240,261,46,226,319,403,37,69,-1.46,-0.66,2.04
3937,506638171,49,68,3,46,241,261,47,226,318,402,37,68,-1.46,-0.66,2.04
3938,506639172,50,63,3,47,236,261,48,227,318,403,37,68,-1.46,-0.66,2.04
3939,506640172,50,67,3,46,236,261,46,228,318,401,37,68,-2.42,0.34,0.02
3940,506641172,49,61,1,46,242,261,49,226,317,403,30,67,-2.42,0.34,0.02
3941,506642172,49,62,3,46,236,260,47,227,318,402,37,69,-2.42,0.34,0.02
3942,506643172,51,63,2,46,236,258,46,229,318,402,37,68,-2.42,0.34,0.02
3943,506644172,50,58,3,46,236,260,48,229,318,401,30,69,-2.42,0.34,0.02
3944,506645172,50,63,2,47,239,258,47,229,318,401,30,68,-2.42,0.34,0.02
3945,506646172,48,63,2,45,237,258,48,229,318,402,30,68,-2.42,0.34,0.02
3946,506647172,49,67,2,46,238,261,48,229,319,401,30,71,-2.42,0.34,0.02
3947,506648172,48,62,3,45,236,260,45,229,319,402,30,70,-2.42,0.34,0.02
3948,506649172,52,61,3,47,238,260,47,229,318,403,37,68,-2.42,0.34,0.02
3949,506650172,49,65,2,47,239,258,47,229,318,402,38,67,-2.42,0.34,0.02
3950,506651167,48,59,2,45,237,258,46,229,318,403,38,65,0.5,-0.98,-0.01
3951,506652168,49,59,3,45,237,260,48,230,318,403,38,67,0.5,-0.98,-0.01
3952,506653167,52,61,3,46,239,260,46,229,318,405,37,67,0.5,-0.98,-0.01
3953,506654168,49,66,1,45,239,260,47,230,317,399,31,65,0.5,-0.98,-0.01
3954,506655169,50,66,2,46,236,260,47,229,318,403,38,67,0.5,-0.98,-0.01
3955,506656168,48,65,3,46,237,260,47,230,318,403,37,67,0.5,-0.98,-0.01
3956,506657167,49,60,3,47,237,258,47,230,318,403,38,67,0.5,-0.98,-0.01
3957,506658168,49,62,1,46,236,260,47,229,318,403,30,65,0.5,-0.98,-0.01
3958,506659941,48,64,3,45,235,261,51,230,319,404,38,68,1.04,-2.29,0.9
3959,506660432,51,59,3,46,235,259,49,229,318,403,38,67,1.04,-2.29,0.9
3960,506661173,49,63,3,48,236,260,49,230,318,403,38,67,1.04,-2.29,0.9
3961,506662171,51,65,2,46,236,256,48,229,318,403,40,69,1.04,-2.29,0.9
3962,506663171,50,66,2,46,237,260,47,230,319,403,37,67,1.04,-2.29,0.9
3963,506664172,49,58,3,46,237,260,49,230,318,401,29,66,1.04,-2.29,0.9
3964,506667343,48,63,2,46,237,260,49,230,319,403,30,66,1.04,-2.29,0.9
3965,506669797,49,55,3,46,236,260,50,230,319,402,37,68,1.04,-2.29,0.9
3966,506670285,50,63,2,47,238,259,47,230,319,402,31,67,-0.45,2.54,1.13
3967,506671172,49,61,3,46,236,260,48,229,318,401,38,69,-0.45,2.54,1.13
3968,506672171,51,63,2,47,239,259,48,230,319,402,39,65,-0.45,2.54,1.13
3969,506673172,50,60,3,46,237,260,47,230,318,401,38,67,-0.45,2.54,1.13
3970,506674172,51,61,3,47,238,260,48,231,318,402,37,67,-0.45,2.54,1.13
3971,506677568,51,59,2,45,236,259,48,230,317,402,31,67,-0.45,2.54,1.13
3972,506680042,51,53,3,47,237,260,48,230,319,401,38,67,-0.45,2.54,1.13
3973,506680531,52,59,2,46,239,260,47,230,319,403,38,68,1.27,-1.13,-0.51
3974,506681172,50,60,2,45,238,260,47,230,318,402,40,67,1.27,-1.13,-0.51
3975,506682172,49,63,3,47,238,259,50,230,318,403,39,67,1.27,-1.13,-0.51
3976,506683171,53,60,1,47,236,258,49,231,317,403,30,67,1.27,-1.13,-0.51
3977,506684172,49,64,1,48,237,259,46,230,319,401,37,67,1.27,-1.13,-0.51
3978,506685172,48,63,3,48,239,260,50,231,319,403,39,67,1.27,-1.13,-0.51
3979,506686172,48,61,3,48,238,260,48,232,317,403,39,67,1.27,-1.13,-0.51
3980,506687172,49,57,2,48,236,259,48,231,317,400,40,69,1.27,-1.13,-0.51
3981,506688172,49,62,2,48,237,260,46,232,318,402,41,68,1.27,-1.13,-0.51
3982,506689172,50,64,3,45,237,260,48,232,318,403,40,67,1.27,-1.13,-0.51
3983,506690172,50,61,3,47,237,258,47,232,318,402,40,68,1.27,-1.13,-0.51
3984,506691168,51,60,2,46,240,259,48,232,318,402,39,69,0.51,-1.47,0.5
3985,506692168,54,60,3,47,238,260,49,232,318,402,39,67,0.51,-1.47,0.5
3986,506693168,48,59,2,47,238,259,47,233,318,401,39,68,0.51,-1.47,0.5
3987,506694167,52,61,1,48,236,259,47,232,318,403,39,69,0.51,-1.47,0.5
3988,506695167,51,55,1,47,237,257,47,231,318,399,39,64,0.51,-1.47,0.5
3989,506696167,50,60,2,46,239,260,46,233,318,399,40,68,0.51,-1.47,0.5
3990,506697167,49,59,3,47,237,260,46,233,317,402,40,67,0.51,-1.47,0.5
3991,506698167,48,58,1,47,238,260,48,232,317,402,39,64,0.51,-1.47,0.5
3992,506699168,51,57,2,46,237,256,48,233,318,398,39,68,0.51,-1.47,0.5
3993,506700167,52,57,2,47,235,259,47,233,317,401,38,69,0.51,-1.47,0.5
3994,506701167,49,60,2,49,237,260,47,233,317,403,40,67,-1.21,0.75,0.53
3995,506702167,50,57,2,47,237,260,48,232,319,402,38,66,-1.21,0.75,0.53
3996,506703168,48,61,2,48,239,259,47,233,318,403,38,68,-1.21,0.75,0.53
3997,506704168,48,58,3,46,239,260,48,233,318,403,38,67,-1.21,0.75,0.53
3998,506705167,52,58,3,46,235,259,47,232,317,402,38,68,-1.21,0.75,0.53
3999,506706167,53,56,3,46,236,260,49,233,318,403,40,67,-1.21,0.75,0.53
4000,506707168,51,63,3,45,236,260,49,233,318,402,41,67,-1.21,0.75,0.53
4001,506709851,49,57,2,46,236,260,49,232,318,403,41,67,-1.21,0.75,0.53
4002,506710340,53,60,2,45,239,260,50,233,319,403,41,67,0.42,-0.96,0.19
4003,506711172,47,61,1,46,236,260,47,233,318,403,41,65,0.42,-0.96,0.19
4004,506712172,49,61,3,47,238,260,48,233,318,403,41,67,0.42,-0.96,0.19
4005,506713172,47,63,2,47,236,260,48,233,318,403,41,67,0.42,-0.96,0.19
4006,506714172,50,59,2,45,236,258,48,233,319,404,41,67,0.42,-0.96,0.19
4007,506717343,49,65,1,47,237,259,48,232,318,403,38,67,0.42,-0.96,0.19
4008,506719792,49,52,1,49,236,260,48,232,318,403,37,68,0.42,-0.96,0.19
4009,506720280,48,55,1,47,237,259,47,232,318,403,37,69,0.51,1.02,0.73
4010,506721172,49,62,1,46,238,258,48,231,319,403,31,67,0.51,1.02,0.73
4011,506722172,47,63,2,46,237,259,48,231,318,402,41,68,0.51,1.02,0.73
4012,506723172,47,58,2,46,237,259,49,231,318,402,39,69,0.51,1.02,0.73
4013,506724228,50,63,3,47,237,260,48,232,319,399,40,67,0.51,1.02,0.73
4014,506727569,49,65,2,46,239,260,50,232,318,402,40,67,0.51,1.02,0.73
4015,506729933,51,53,2,45,239,257,50,232,319,402,41,67,0.51,1.02,0.73
4016,506730429,51,64,2,45,239,260,49,233,318,402,41,68,0.59,0.86,0.17
4017,506731172,49,61,3,46,239,260,48,233,318,401,40,67,0.59,0.86,0.17
4018,506732172,49,61,1,48,237,258,49,232,316,399,41,69,0.59,0.86,0.17
4019,506733172,48,62,3,47,237,259,49,232,318,401,40,67,0.59,0.86,0.17
4020,506734172,49,65,3,46,237,259,48,232,318,404,40,67,0.59,0.86,0.17
4021,506735172,48,61,1,47,236,257,45,232,318,403,40,69,0.59,0.86,0.17
4022,506736171,50,62,1,48,238,256,50,233,319,403,40,68,0.59,0.86,0.17
4023,506737172,50,61,1,46,239,258,51,232,317,403,41,66,0.59,0.86,0.17
4024,506738172,49,63,3,46,236,259,48,232,318,403,41,67,0.59,0.86,0.17
4025,506739172,50,63,3,46,237,259,49,232,317,403,39,68,0.59,0.86,0.17
4026,506740188,53,57,3,47,236,259,48,232,318,402,40,67,0.59,0.86,0.17
4027,506741188,49,55,3,47,236,259,50,233,318,402,40,68,0.18,-0.45,0.06
4028,506742172,49,57,3,45,237,257,49,233,318,401,40,67,0.18,-0.45,0.06
4029,506743188,51,58,3,47,238,258,50,233,319,402,41,68,0.18,-0.45,0.06
4030,506744172,50,59,2,48,237,258,50,233,318,403,40,68,0.18,-0.45,0.06
4031,506745175,48,64,3,48,237,259,49,233,318,401,40,67,0.18,-0.45,0.06
4032,506746172,50,63,3,46,237,258,50,232,318,403,40,68,0.18,-0.45,0.06
4033,506747172,48,64,3,47,234,259,50,234,317,402,40,67,0.18,-0.45,0.06
4034,506748172,50,59,2,47,238,260,50,233,318,401,41,67,0.18,-0.45,0.06
4035,506749172,50,59,3,48,236,260,50,233,317,402,41,67,0.18,-0.45,0.06
4036,506750172,48,65,3,47,237,258,49,233,318,403,40,68,0.18,-0.45,0.06
4037,506751188,51,56,3,47,236,259,50,233,319,403,40,68,-0.47,0.3,0.43
4038,506752172,50,62,2,47,234,260,48,234,319,402,39,68,-0.47,0.3,0.43
4039,506753196,50,60,2,47,239,259,53,233,319,403,40,68,-0.47,0.3,0.43
4040,506754189,49,55,3,46,235,259,50,233,319,402,39,67,-0.47,0.3,0.43
4041,506755172,49,58,3,46,238,259,48,234,318,403,40,67,-0.47,0.3,0.43
4042,506756193,50,54,2,46,238,259,50,233,318,402,38,68,-0.47,0.3,0.43
4043,506757188,54,55,2,47,235,259,47,234,318,403,38,68,-0.47,0.3,0.43
4044,506758172,49,58,3,47,235,259,51,234,319,402,39,68,-0.47,0.3,0.43
4045,506759923,49,58,3,47,235,259,49,234,319,402,39,68,-0.31,-1.21,0.04
4046,506760412,49,57,3,45,236,259,50,233,319,402,40,68,-0.31,-1.21,0.04
4047,506761172,49,57,2,46,238,258,48,233,318,402,40,68,-0.31,-1.21,0.04
4048,506762172,49,65,3,47,234,259,50,233,318,402,40,68,-0.31,-1.21,0.04
4049,506763188,52,56,3,46,238,259,48,234,318,401,41,68,-0.31,-1.21,0.04
4050,506764172,50,58,3,45,236,259,48,234,319,403,42,68,-0.31,-1.21,0.04
4051,506767585,48,54,3,46,238,259,48,233,319,402,42,68,-0.31,-1.21,0.04
4052,506769716,51,54,2,46,236,257,50,233,319,403,41,68,-0.31,-1.21,0.04
4053,506770221,50,57,3,45,236,259,49,234,319,401,41,68,0.15,-0.55,0.09
4054,506771188,50,57,3,46,236,259,51,234,319,402,40,67,0.15,-0.55,0.09
4055,506772172,49,60,2,46,235,259,52,234,319,403,41,68,0.15,-0.55,0.09
4056,506773188,48,63,2,46,238,258,50,234,319,402,39,68,0.15,-0.55,0.09
4057,506774172,49,60,2,48,235,259,52,234,319,402,40,68,0.15,-0.55,0.09
4058,506777345,48,60,3,47,234,259,50,234,319,401,41,68,0.15,-0.55,0.09
4059,506779861,49,53,2,46,235,257,51,234,318,403,42,68,0.15,-0.55,0.09
4060,506780350,48,61,3,47,236,259,51,234,318,402,42,68,0.56,0.46,0.55
4061,506781172,50,64,3,47,238,259,50,234,318,403,42,67,0.56,0.46,0.55
4062,506782192,50,60,3,47,235,257,52,234,318,402,41,67,0.56,0.46,0.55
4063,506783188,50,59,3,47,234,257,51,233,318,402,42,68,0.56,0.46,0.55
4064,506784172,50,63,2,47,236,259,52,234,319,403,42,68,0.56,0.46,0.55
4065,506785193,50,58,3,46,235,259,50,235,317,399,42,68,0.56,0.46,0.55
4066,506786188,49,57,2,46,235,258,49,234,318,402,41,68,0.56,0.46,0.55
4067,506787171,49,63,2,48,235,259,50,235,317,403,41,68,0.56,0.46,0.55
4068,506788177,49,61,3,47,237,258,50,235,318,403,41,67,0.56,0.46,0.55
4069,506789172,48,59,2,45,238,256,51,235,317,403,42,67,0.56,0.46,0.55
4070,506790198,52,58,3,47,238,257,52,235,319,402,42,67,0.56,0.46,0.55
4071,506791194,50,55,3,47,235,257,50,235,318,403,41,68,-0.05,0.18,0.52
4072,506792172,48,63,3,46,235,259,49,235,318,403,42,68,-0.05,0.18,0.52
4073,506793189,50,54,3,47,235,257,53,235,319,399,42,68,-0.05,0.18,0.52
4074,506794178,49,59,2,47,237,259,51,235,318,399,42,67,-0.05,0.18,0.52
4075,506795188,48,55,3,48,234,256,51,235,318,402,42,67,-0.05,0.18,0.52
4076,506796172,48,61,3,45,238,259,52,235,318,402,42,67,-0.05,0.18,0.52
4077,506797172,49,63,3,48,236,259,51,235,318,401,42,68,-0.05,0.18,0.52
4078,506798191,51,56,3,46,239,259,51,235,318,403,42,67,-0.05,0.18,0.52
4079,506799179,50,63,3,48,235,259,50,235,318,402,41,67,-0.05,0.18,0.52
4080,506800194,50,60,2,48,234,259,52,235,317,399,41,67,-0.05,0.18,0.52
4081,506801175,49,59,3,46,236,259,53,235,318,402,42,67,-0.2,0.29,0.58
4082,506802172,49,58,3,46,238,259,51,235,317,403,42,67,-0.2,0.29,0.58
4083,506803188,51,55,2,46,234,259,50,235,319,402,41,68,-0.2,0.29,0.58
4084,506804177,50,60,3,49,236,258,52,235,318,402,41,68,-0.2,0.29,0.58
4085,506805172,53,55,3,48,237,259,54,235,318,403,41,67,-0.2,0.29,0.58
4086,506806193,50,54,2,46,237,259,51,235,318,402,41,67,-0.2,0.29,0.58
4087,506807188,54,56,3,47,234,259,50,235,319,403,40,67,-0.2,0.29,0.58
4088,506809912,51,60,2,46,235,259,50,236,318,402,42,68,-0.2,0.29,0.58
4089,506810400,49,56,2,46,237,259,49,236,319,403,42,67,-0.27,-0.56,0.06
4090,506811172,53,60,3,46,237,259,52,235,318,402,42,67,-0.27,-0.56,0.06
4091,506812188,49,56,2,47,234,259,52,235,318,403,41,67,-0.27,-0.56,0.06
4092,506813172,49,59,3,49,238,259,51,235,318,402,41,67,-0.27,-0.56,0.06
4093,506814172,48,60,3,48,237,257,52,236,318,403,42,66,-0.27,-0.56,0.06
4094,506817564,50,58,3,46,238,259,53,235,318,402,41,67,-0.27,-0.56,0.06
4095,506819724,49,56,3,48,236,258,51,235,318,403,41,68,-0.27,-0.56,0.06
4096,506820209,49,64,3,47,235,256,50,235,319,402,43,67,0.75,0.02,0.39
4097,506821184,48,58,3,49,235,256,54,235,318,402,41,67,0.75,0.02,0.39
4098,506822184,49,56,2,47,235,258,50,235,319,403,42,67,0.75,0.02,0.39
4099,506823167,49,59,2,47,237,259,53,236,318,403,42,67,0.75,0.02,0.39
4100,506824168,49,64,2,46,237,259,52,235,318,403,42,67,0.75,0.02,0.39
4101,506827343,48,56,2,46,237,259,52,235,318,402,42,68,0.75,0.02,0.39
4102,506829858,49,53,2,46,238,259,51,235,319,402,42,67,0.75,0.02,0.39
4103,506830338,49,56,3,46,238,258,50,235,319,403,42,68,0.41,0.83,0.77
4104,506831179,51,56,3,46,238,257,52,235,318,402,42,67,0.41,0.83,0.77
4105,506832163,48,56,2,47,235,258,54,235,318,403,42,67,0.41,0.83,0.77
4106,506833163,50,59,3,47,235,259,53,235,318,403,42,67,0.41,0.83,0.77
4107,506834163,49,55,3,45,235,259,52,235,318,402,42,68,0.41,0.83,0.77
4108,506835184,50,54,3,48,235,257,54,235,319,401,42,68,0.41,0.83,0.77
4109,506836163,50,59,2,47,234,257,53,235,317,402,42,67,0.41,0.83,0.77
4110,506837182,51,55,3,46,235,258,56,235,318,403,41,67,0.41,0.83,0.77
4111,506838180,50,62,3,47,236,257,55,235,318,402,41,67,0.41,0.83,0.77
4112,506839163,48,62,3,48,235,259,53,236,318,403,43,68,0.41,0.83,0.77
4113,506840170,49,59,3,46,235,258,53,235,318,402,42,67,0.41,0.83,0.77
4114,506841195,49,54,2,46,235,258,52,235,319,403,42,68,-0.04,0.41,0.54
4115,506842173,47,62,3,46,238,256,54,235,319,403,41,68,-0.04,0.41,0.54
4116,506843172,48,60,3,46,234,259,53,234,318,402,41,67,-0.04,0.41,0.54
4117,506844195,49,58,3,49,238,257,53,234,319,403,41,68,-0.04,0.41,0.54
4118,506845173,48,58,2,49,235,259,52,235,318,403,41,68,-0.04,0.41,0.54
4119,506846172,50,56,2,49,238,257,52,235,318,403,41,67,-0.04,0.41,0.54
4120,506847189,50,63,3,49,238,258,55,235,318,403,42,67,-0.04,0.41,0.54
4121,506848174,49,61,3,49,238,257,54,235,318,401,42,67,-0.04,0.41,0.54
4122,506849172,50,62,3,47,238,257,55,235,318,403,42,68,-0.04,0.41,0.54
4123,506850210,48,54,2,50,238,257,55,235,318,403,42,67,-0.04,0.41,0.54
4124,506851172,48,63,3,48,238,259,54,235,318,402,42,67,0.09,0.2,0.33
4125,506852179,48,56,2,48,235,257,55,236,318,402,41,67,0.09,0.2,0.33
4126,506853178,50,56,2,48,236,259,52,235,318,404,41,68,0.09,0.2,0.33
4127,506854177,47,55,3,47,237,259,52,236,318,403,42,67,0.09,0.2,0.33
4128,506855173,51,60,3,49,238,257,52,236,318,403,42,67,0.09,0.2,0.33
4129,506856172,52,58,2,47,237,258,52,235,318,402,42,66,0.09,0.2,0.33
4130,506857171,52,56,2,48,237,260,51,236,317,403,41,68,0.09,0.2,0.33
4131,506858176,48,61,3,48,238,256,53,235,318,403,42,67,0.09,0.2,0.33
4132,506859939,49,56,3,49,237,258,52,236,318,402,42,67,-0.11,-1.1,0.22
4133,506860435,51,60,3,51,234,258,52,236,319,402,42,67,-0.11,-1.1,0.22
4134,506861172,49,55,2,48,237,256,52,234,315,405,42,67,-0.11,-1.1,0.22
4135,506862171,49,56,1,49,237,258,51,234,316,405,42,67,-0.11,-1.1,0.22
4136,506863173,48,55,3,48,234,259,55,236,318,402,42,68,-0.11,-1.1,0.22
4137,506864172,49,57,3,47,238,255,53,236,318,403,42,67,-0.11,-1.1,0.22
4138,506867560,50,59,1,48,238,256,51,235,317,401,42,65,-0.11,-1.1,0.22
4139,506869699,50,52,2,47,236,258,53,236,319,400,42,68,-0.11,-1.1,0.22
4140,506870188,49,58,2,48,234,257,52,236,319,402,43,67,0.47,-0.53,0.42
4141,506871172,48,64,3,48,236,258,53,235,318,401,43,66,0.47,-0.53,0.42
4142,506872172,48,59,2,47,235,258,52,236,319,402,42,67,0.47,-0.53,0.42
4143,506873171,51,60,1,45,237,258,50,234,318,405,43,65,0.47,-0.53,0.42
4144,506874171,52,59,1,46,236,258,51,235,318,404,43,66,0.47,-0.53,0.42
4145,506877348,50,58,2,48,235,257,51,235,318,403,42,67,0.47,-0.53,0.42
4146,506879880,50,57,2,48,235,258,53,236,318,402,43,66,0.47,-0.53,0.42
4147,506880375,48,55,2,48,234,258,55,236,319,401,43,66,0.51,0.78,0.65
4148,506881176,53,61,3,46,235,258,52,236,319,403,43,66,0.51,0.78,0.65
4149,506882172,51,60,1,47,235,257,53,235,317,403,42,63,0.51,0.78,0.65
4150,506883172,48,55,2,47,235,257,51,235,317,403,43,66,0.51,0.78,0.65
4151,506884172,48,63,3,46,238,258,53,236,319,401,43,66,0.51,0.78,0.65
4152,506885174,50,57,3,46,238,256,51,236,317,403,42,67,0.51,0.78,0.65
4153,506886172,51,58,2,48,237,256,53,235,318,401,42,67,0.51,0.78,0.65
4154,506887172,52,61,3,46,237,256,51,235,319,403,42,66,0.51,0.78,0.65
4155,506888172,49,56,3,48,235,256,53,235,318,402,42,66,0.51,0.78,0.65
4156,506889172,51,59,3,46,237,257,51,235,318,403,42,66,0.51,0.78,0.65
4157,506890181,49,57,2,47,238,258,53,234,318,402,43,66,0.51,0.78,0.65
4158,506891171,52,56,2,48,237,257,52,235,318,402,43,67,0.12,0.69,0.41
4159,506892172,48,62,3,47,238,259,51,236,318,403,43,66,0.12,0.69,0.41
4160,506893172,52,60,1,47,236,257,53,235,318,403,43,64,0.12,0.69,0.41
4161,506894171,50,56,3,49,237,258,51,236,318,401,41,66,0.12,0.69,0.41
4162,506895172,50,56,2,47,235,258,51,236,318,401,41,66,0.12,0.69,0.41
4163,506896172,50,59,2,49,237,254,52,236,318,403,41,66,0.12,0.69,0.41
4164,506897172,47,59,1,48,237,256,51,235,317,402,40,66,0.12,0.69,0.41
4165,506898172,49,56,3,48,238,254,53,236,318,402,41,66,0.12,0.69,0.41
4166,506899178,49,59,3,47,236,257,53,236,318,403,41,67,0.12,0.69,0.41
4167,506900174,50,56,2,48,236,258,53,236,319,403,42,66,0.27,-0.09,0.36
4168,506901172,49,55,1,46,237,255,51,236,318,403,41,68,0.27,-0.09,0.36
4169,506902172,50,60,3,48,238,258,53,236,318,403,42,66,0.27,-0.09,0.36
4170,506903174,51,59,2,47,238,254,52,236,318,402,42,66,0.27,-0.09,0.36
4171,506904172,51,57,2,46,237,257,53,234,318,402,43,65,0.27,-0.09,0.36
4172,506905172,53,59,2,47,237,257,53,236,319,401,43,67,0.27,-0.09,0.36
4173,506906175,50,58,2,48,237,256,52,236,319,403,43,66,0.27,-0.09,0.36
4174,506907171,51,57,2,48,237,256,50,235,319,403,43,64,0.27,-0.09,0.36
4175,506909865,51,59,2,48,237,257,51,236,319,401,42,65,0.27,-0.09,0.36
4176,506910354,51,59,3,50,235,258,51,236,318,402,43,66,0.19,-0.54,0.4
4177,506911178,50,58,3,51,237,258,51,236,318,401,42,66,0.19,-0.54,0.4
4178,506912173,49,60,2,49,238,257,51,236,319,402,42,66,0.19,-0.54,0.4
4179,506913172,51,55,1,50,235,258,49,235,318,402,42,66,0.19,-0.54,0.4
4180,506914171,50,58,2,49,235,255,51,235,319,403,41,67,0.19,-0.54,0.4
4181,506917559,50,56,2,48,237,257,52,236,319,403,43,66,0.19,-0.54,0.4
4182,506919699,48,51,3,51,236,255,51,236,318,400,42,66,0.19,-0.54,0.4
4183,506920188,50,55,2,47,235,258,52,236,318,402,43,66,0.06,-0.8,0.43
4184,506921172,54,58,2,49,235,258,52,236,318,402,43,66,0.06,-0.8,0.43
4185,506922172,50,58,3,48,236,259,50,236,318,402,43,66,0.06,-0.8,0.43
4186,506923172,49,56,3,50,238,256,53,236,319,403,42,66,0.06,-0.8,0.43
4187,506924172,49,57,3,49,238,258,56,236,318,402,43,66,0.06,-0.8,0.43
4188,506927348,49,58,3,50,238,257,53,236,318,402,43,65,0.06,-0.8,0.43
4189,506929861,49,53,3,48,235,257,52,236,319,405,43,66,0.06,-0.8,0.43
4190,506930356,50,58,2,48,235,258,52,236,318,402,42,66,0.55,0.28,0.62
4191,506931172,49,58,2,46,238,255,54,236,318,402,42,64,0.55,0.28,0.62
4192,506932174,51,59,2,48,238,256,56,236,319,403,43,65,0.55,0.28,0.62
4193,506933172,49,60,2,47,238,258,55,236,318,403,43,65,0.55,0.28,0.62
4194,506934172,49,60,3,47,236,257,51,236,318,403,42,65,0.55,0.28,0.62
4195,506935172,50,62,1,47,237,256,50,236,318,401,42,66,0.55,0.28,0.62
4196,506936172,48,61,3,48,238,257,51,236,318,402,43,66,0.55,0.28,0.62
4197,506937172,49,57,3,49,236,257,52,236,318,403,43,66,0.55,0.28,0.62
4198,506938172,50,59,2,46,237,254,51,236,318,401,42,64,0.55,0.28,0.62
4199,506939171,53,58,2,48,237,256,53,236,318,402,43,64,0.55,0.28,0.62
4200,506940180,49,59,3,47,235,258,52,236,318,403,43,65,0.27,0.11,0.3
