2950,691655551,6,44,3,34,187,202,111,212,263,428,2,82,0.07,0.38,0.47
2951,691656040,6,45,2,33,186,200,110,212,263,429,2,84,-0.04,0.48,0.29
2952,691656528,6,49,3,32,187,201,115,211,263,428,2,84,-0.04,0.48,0.29
2953,691657208,6,48,3,36,185,201,113,211,264,428,2,80,-0.04,0.48,0.29
2954,691658208,7,47,3,33,187,202,113,211,264,428,2,79,-0.04,0.48,0.29
2955,691659208,7,47,2,32,184,202,112,212,264,427,2,82,-0.04,0.48,0.29
2956,691660207,7,44,3,36,187,203,114,213,263,427,3,84,-0.04,0.48,0.29
2957,691663378,7,45,2,34,185,200,118,213,263,428,3,82,-0.04,0.48,0.29
2958,691665706,6,44,2,33,189,199,114,214,262,428,2,85,-0.04,0.48,0.29
2959,691666194,7,43,2,32,184,203,112,211,264,428,2,81,-0.07,0.59,0.39
2960,691666683,7,46,3,31,186,202,111,211,263,428,2,85,-0.07,0.59,0.39
2961,691667208,6,47,1,34,188,198,115,209,263,429,2,84,-0.07,0.59,0.39
2962,691668214,7,46,3,29,182,201,114,210,262,427,3,83,-0.07,0.59,0.39
2963,691669208,6,46,1,29,182,201,114,209,263,428,2,84,-0.07,0.59,0.39
2964,691670207,7,47,2,30,185,200,118,214,264,429,1,82,-0.07,0.59,0.39
2965,691671218,6,47,2,31,186,200,116,212,264,427,2,81,-0.07,0.59,0.39
2966,691672208,6,48,2,32,184,202,114,212,264,427,2,80,-0.07,0.59,0.39
2967,691673208,7,45,2,29,189,202,118,212,264,428,3,81,-0.07,0.59,0.39
2968,691674214,6,46,1,30,184,201,113,210,262,427,2,85,-0.07,0.59,0.39
2969,691675461,6,46,3,31,187,202,118,207,264,428,2,80,-0.07,0.59,0.39
2970,691676222,6,46,2,29,187,200,117,212,264,427,2,81,-0.05,0.68,0.27
2971,691677208,6,48,3,29,189,203,114,212,263,428,2,81,-0.05,0.68,0.27
2972,691678211,6,44,1,29,184,201,116,212,263,428,2,82,-0.05,0.68,0.27
2973,691679208,7,46,2,29,184,202,117,212,263,428,2,80,-0.05,0.68,0.27
2974,691680208,6,46,3,30,187,202,114,212,264,429,2,85,-0.05,0.68,0.27
2975,691681208,6,47,1,31,182,201,114,210,263,428,2,79,-0.05,0.68,0.27
2976,691682210,7,46,2,29,188,202,118,208,264,428,2,79,-0.05,0.68,0.27
2977,691683208,7,46,3,30,184,202,113,212,263,428,2,79,-0.05,0.68,0.27
2978,691684208,7,45,2,32,187,202,113,211,263,428,2,79,-0.05,0.68,0.27
2979,691685455,5,48,3,34,180,198,117,209,262,427,2,81,-0.05,0.68,0.27
2980,691686216,6,45,3,32,189,203,118,210,262,428,3,82,0.04,0.52,0.42
2981,691687208,6,46,3,34,184,202,113,210,263,428,2,83,0.04,0.52,0.42
2982,691688208,6,43,1,30,188,200,116,215,263,427,3,83,0.04,0.52,0.42
2983,691689208,7,45,2,35,187,202,114,212,263,428,3,80,0.04,0.52,0.42
2984,691690208,7,46,3,32,187,202,114,209,263,428,2,79,0.04,0.52,0.42
2985,691691209,6,44,2,34,187,202,113,210,264,428,2,80,0.04,0.52,0.42
2986,691692208,6,45,1,33,182,200,114,213,263,428,2,79,0.04,0.52,0.42
2987,691693208,6,45,3,34,189,202,118,211,264,428,2,84,0.04,0.52,0.42
2988,691695525,6,44,3,36,188,202,113,210,264,428,2,79,0.05,0.52,0.42
2989,691696015,6,46,3,24,172,193,97,212,269,431,3,79,0.05,0.52,0.42
2990,691696503,11,45,1,26,177,195,102,202,330,438,2,76,0.05,0.52,0.42
2991,691697208,8,45,3,23,175,193,106,212,322,516,2,74,0.05,0.52,0.42
2992,691698211,18,46,1,22,173,185,97,206,369,447,2,80,0.05,0.52,0.42
2993,691699208,24,45,3,2,173,184,96,206,524,633,2,82,0.05,0.52,0.42
2994,691700224,24,79,1,2,173,178,98,202,514,508,2,79,0.05,0.52,0.42
2995,691703624,54,60,3,4,177,166,101,180,498,567,2,77,0.05,0.52,0.42
2996,691705373,252,255,3,3,143,177,108,196,522,516,2,92,0.05,0.52,0.42
2997,691705862,260,336,3,6,138,196,71,214,597,627,3,100,0.01,0.61,0.42
2998,691706351,272,392,4,4,139,199,78,196,599,628,2,85,0.01,0.61,0.42
2999,691707224,261,378,4,3,107,201,89,204,604,633,2,51,0.01,0.61,0.42
3000,691708224,306,367,3,3,108,204,90,201,616,637,2,76,0.01,0.61,0.42
3001,691709208,289,470,4,6,158,209,111,201,620,648,2,54,0.01,0.61,0.42
3002,691711557,300,478,6,25,136,167,117,200,602,646,2,49,0.01,0.61,0.42
3003,691714184,369,521,3,27,170,206,123,226,599,666,20,112,0.01,0.61,0.42
3004,691715756,350,576,7,55,249,246,125,259,565,651,83,125,1.13,-3.4,4.71
3005,691716257,445,593,6,62,306,287,143,273,564,650,81,123,1.13,-3.4,4.71
3006,691717203,463,593,7,53,326,300,151,277,570,649,110,133,1.13,-3.4,4.71
3007,691718210,461,592,6,25,343,314,160,288,581,650,118,120,1.13,-3.4,4.71
3008,691719204,460,590,6,103,365,316,170,266,583,652,139,130,1.13,-3.4,4.71
3009,691720203,464,588,5,108,362,327,179,268,603,652,142,123,1.13,-3.4,4.71
3010,691721204,463,584,6,77,366,324,179,276,595,649,126,134,1.13,-3.4,4.71
3011,691722204,449,576,5,80,360,326,186,277,578,648,145,130,1.13,-3.4,4.71
3012,691723211,441,560,5,69,372,320,190,274,568,644,142,123,1.13,-3.4,4.71
3013,691724204,454,552,4,459,372,319,182,267,565,647,149,114,1.13,-3.4,4.71
3014,691725461,450,541,4,558,381,308,189,263,547,647,142,113,1.13,-3.4,4.71
3015,691726221,448,535,5,543,374,315,195,265,535,647,137,116,18.54,31.5,-14.68
3016,691727204,446,527,6,508,391,308,200,265,536,641,111,115,18.54,31.5,-14.68
3017,691728204,442,521,3,532,372,314,202,266,519,631,134,117,18.54,31.5,-14.68
3018,691729204,435,515,5,572,381,307,205,279,527,634,123,106,18.54,31.5,-14.68
3019,691730220,407,502,6,557,362,301,212,274,508,627,110,112,18.54,31.5,-14.68
3020,691731220,429,496,6,566,347,294,215,279,512,632,107,123,18.54,31.5,-14.68
3021,691732220,413,491,5,575,331,273,230,264,513,621,85,119,18.54,31.5,-14.68
3022,691733220,363,473,5,574,311,259,232,246,500,621,103,116,18.54,31.5,-14.68
3023,691734219,366,475,3,553,231,237,236,235,505,617,110,112,18.54,31.5,-14.68
3024,691735477,386,463,4,548,203,236,235,256,502,603,123,109,18.54,31.5,-14.68
3025,691736223,351,441,3,298,249,211,233,255,497,596,132,108,36.03,39.38,34.61
3026,691737224,326,408,3,269,234,174,234,250,495,594,128,109,36.03,39.38,34.61
3027,691738224,321,366,2,407,190,165,226,252,492,587,100,111,36.03,39.38,34.61
3028,691739224,299,355,2,512,187,150,224,236,485,579,92,104,36.03,39.38,34.61
3029,691740224,290,344,2,206,172,172,225,244,490,548,125,104,36.03,39.38,34.61
3030,691741223,279,337,3,267,152,166,196,233,479,561,129,107,36.03,39.38,34.61
3031,691742223,260,308,2,250,110,178,200,233,470,554,128,82,36.03,39.38,34.61
3032,691743224,256,269,4,229,76,171,195,239,459,548,107,75,36.03,39.38,34.61
3033,691745491,233,266,3,226,85,174,182,238,437,542,91,12,30.22,39.37,33.52
3034,691745996,251,248,3,228,140,156,172,233,434,524,78,78,30.22,39.37,33.52
3035,691746501,228,247,3,210,147,171,174,236,423,528,103,68,30.22,39.37,33.52
3036,691747224,252,233,3,190,134,167,169,226,406,528,72,25,30.22,39.37,33.52
3037,691748224,196,208,2,192,117,171,163,229,388,516,85,49,30.22,39.37,33.52
3038,691749224,186,166,3,188,110,177,149,214,371,514,55,53,30.22,39.37,33.52
3039,691751179,229,143,3,205,129,175,143,220,365,490,51,52,30.22,39.37,33.52
3040,691754248,195,117,1,173,107,195,136,232,371,467,60,50,30.22,39.37,33.52
3041,691755494,207,82,1,141,130,195,121,220,313,440,61,41,32.6,39.37,32.58
3042,691755999,144,78,3,40,123,195,114,210,263,406,47,72,32.6,39.37,32.58
3043,691756504,149,78,2,73,128,194,112,211,258,403,46,71,32.6,39.37,32.58
3044,691757224,164,67,3,63,136,187,88,205,250,388,37,47,32.6,39.37,32.58
3045,691758224,174,67,2,55,129,186,69,191,238,357,37,65,32.6,39.37,32.58
3046,691759223,176,79,3,16,126,208,72,226,212,331,66,50,32.6,39.37,32.58
3047,691761181,175,61,2,5,151,186,69,233,214,275,85,49,32.6,39.37,32.58
3048,691764020,157,53,3,13,141,205,65,229,188,301,30,102,32.6,39.37,32.58
3049,691765604,162,77,2,58,195,188,74,229,158,330,39,110,-0.62,16.22,29.68
3050,691766112,175,76,3,24,187,193,77,206,146,396,43,118,-0.62,16.22,29.68
3051,691766616,168,76,3,37,185,190,71,207,197,365,37,116,-0.62,16.22,29.68
3052,691767224,155,82,2,18,182,198,73,201,154,358,49,118,-0.62,16.22,29.68
3053,691768224,144,75,1,19,195,194,89,202,133,411,60,104,-0.62,16.22,29.68
3054,691769224,151,82,3,35,183,192,74,192,224,376,77,106,-0.62,16.22,29.68
3055,691770223,143,77,2,43,194,185,81,190,35,460,90,104,-0.62,16.22,29.68
3056,691771224,138,77,2,59,192,179,82,197,264,433,76,108,-0.62,16.22,29.68
3057,691772224,136,76,2,50,193,194,83,198,239,438,99,106,-0.62,16.22,29.68
3058,691773229,136,71,2,50,189,199,78,200,262,463,84,108,-0.62,16.22,29.68
3059,691774223,114,81,3,53,190,192,94,196,275,456,81,104,-0.62,16.22,29.68
3060,691775481,103,61,2,60,195,196,87,208,289,460,72,110,-0.62,16.22,29.68
3061,691776223,122,63,3,48,188,194,102,211,295,450,76,103,4.38,-11.83,4.17
3062,691777224,107,73,2,45,178,202,105,184,309,435,78,108,4.38,-11.83,4.17
3063,691778224,102,71,2,62,166,205,104,228,305,431,76,109,4.38,-11.83,4.17
3064,691779224,96,72,1,36,161,205,85,209,305,431,78,107,4.38,-11.83,4.17
3065,691780223,93,80,3,31,147,202,71,235,298,410,79,110,4.38,-11.83,4.17
3066,691781223,75,49,2,32,149,203,75,248,264,379,80,110,4.38,-11.83,4.17
3067,691782223,70,51,3,23,131,205,84,237,273,374,81,110,4.38,-11.83,4.17
3068,691783223,65,54,1,47,145,194,84,238,269,360,70,109,4.38,-11.83,4.17
3069,691784223,63,61,2,17,164,189,83,235,268,363,53,116,4.38,-11.83,4.17
3070,691785475,56,55,2,34,159,198,92,236,267,370,76,107,4.38,-11.83,4.17
3071,691786219,45,48,3,16,166,185,83,223,269,363,78,109,5.78,-5,-35.98
3072,691787219,59,46,3,12,170,187,92,208,265,376,78,109,5.78,-5,-35.98
3073,691788219,93,46,1,17,172,171,89,209,266,381,76,108,5.78,-5,-35.98
3074,691789219,97,51,2,15,177,143,103,205,263,379,61,111,5.78,-5,-35.98
3075,691790220,92,51,2,22,184,131,99,205,263,377,76,110,5.78,-5,-35.98
3076,691791219,43,47,2,46,203,153,94,202,273,380,76,104,5.78,-5,-35.98
3077,691792219,48,44,3,21,203,142,83,211,273,380,77,108,5.78,-5,-35.98
3078,691795295,7,45,3,6,188,187,60,206,292,383,47,100,5.78,-5,-35.98
3079,691795795,48,49,3,56,195,202,92,205,270,403,2,58,6.73,-17.33,-3.62
3080,691796296,52,49,1,60,193,179,81,204,277,404,63,15,6.73,-17.33,-3.62
3081,691797219,49,50,3,60,185,204,85,206,277,416,2,2,6.73,-17.33,-3.62
3082,691798219,45,48,3,57,202,169,82,208,275,415,2,1,6.73,-17.33,-3.62
3083,691799219,45,49,2,42,191,229,80,202,275,424,3,33,6.73,-17.33,-3.62
3084,691802118,49,54,3,54,211,225,92,211,274,418,2,40,6.73,-17.33,-3.62
3085,691804790,48,58,2,49,206,212,85,202,291,412,3,24,6.73,-17.33,-3.62
3086,691805623,41,49,2,76,205,200,89,204,267,420,2,33,-39.32,-35.42,-4.66
3087,691806223,42,51,3,88,203,201,99,205,270,416,2,53,-39.32,-35.42,-4.66
3088,691807223,42,54,1,55,204,176,90,204,269,424,3,57,-39.32,-35.42,-4.66
3089,691808224,49,48,2,73,190,202,87,206,265,421,2,58,-39.32,-35.42,-4.66
3090,691809224,52,46,1,61,197,191,93,204,270,419,2,59,-39.32,-35.42,-4.66
3091,691812157,50,45,2,75,180,192,90,204,263,420,2,46,-39.32,-35.42,-4.66
3092,691815428,51,57,2,45,167,169,80,195,266,417,38,2,-39.32,-35.42,-4.66
3093,691815933,56,46,2,45,139,155,86,183,271,410,38,27,-9.22,2.68,32.69
3094,691816438,59,46,2,53,136,162,85,184,270,408,31,29,-9.22,2.68,32.69
3095,691817224,63,50,3,45,123,162,90,191,264,408,27,29,-9.22,2.68,32.69
3096,691818224,54,53,3,53,139,173,83,203,265,401,28,27,-9.22,2.68,32.69
3097,691819224,54,52,1,50,120,171,93,200,269,394,27,12,-9.22,2.68,32.69
3098,691820223,61,58,2,45,127,174,85,204,267,394,26,17,-9.22,2.68,32.69
3099,691821224,55,52,1,81,127,175,50,191,264,395,27,4,-9.22,2.68,32.69
3100,691822223,61,46,2,76,126,166,68,202,263,394,25,3,-9.22,2.68,32.69
3101,691823230,64,50,3,72,117,174,85,202,261,393,27,2,-9.22,2.68,32.69
3102,691824224,67,53,1,78,128,182,77,195,264,380,27,3,-9.22,2.68,32.69
3103,691825444,67,57,2,79,124,182,76,198,259,378,27,2,-9.22,2.68,32.69
3104,691826219,66,52,1,83,110,187,86,198,265,364,28,3,14,9.42,10.48
3105,691827219,61,56,1,89,125,181,77,201,259,344,22,4,14,9.42,10.48
3106,691828219,66,65,2,88,117,186,82,201,258,345,22,4,14,9.42,10.48
3107,691829220,67,62,1,87,113,185,79,204,256,346,20,3,14,9.42,10.48
3108,691830220,66,63,1,93,116,189,85,203,258,347,25,2,14,9.42,10.48
3109,691831204,70,68,2,104,125,178,78,203,256,353,22,3,14,9.42,10.48
3110,691832204,63,70,2,99,129,177,78,203,255,355,19,10,14,9.42,10.48
3111,691833203,60,66,2,94,129,178,81,203,252,359,22,5,14,9.42,10.48
3112,691834203,85,69,1,88,120,177,81,207,252,361,22,3,14,9.42,10.48
3113,691835432,79,70,1,88,126,170,76,204,242,363,22,2,14,9.42,10.48
3114,691836208,64,63,2,90,126,173,77,204,242,375,21,2,11.76,-0.13,-14.34
3115,691837224,63,63,2,87,121,173,78,206,248,375,18,3,11.76,-0.13,-14.34
3116,691838208,59,65,2,85,121,173,76,208,245,380,19,2,11.76,-0.13,-14.34
3117,691839223,57,59,3,87,132,171,73,206,250,384,23,2,11.76,-0.13,-14.34
3118,691840224,61,58,2,99,129,173,73,203,241,387,23,2,11.76,-0.13,-14.34
3119,691841208,63,60,3,103,127,172,74,209,234,391,22,2,11.76,-0.13,-14.34
3120,691842224,57,52,2,101,128,176,71,203,233,397,21,2,11.76,-0.13,-14.34
3121,691843224,58,54,3,95,128,177,73,205,238,392,18,3,11.76,-0.13,-14.34
3122,691845331,62,50,2,98,126,175,70,208,240,393,17,2,1.61,10.42,3.39
3123,691845815,56,50,3,94,128,179,71,210,244,391,20,3,1.61,10.42,3.39
3124,691846299,58,50,2,95,130,178,67,211,243,394,18,2,1.61,10.42,3.39
3125,691847219,54,49,3,96,130,183,63,210,241,392,19,3,1.61,10.42,3.39
3126,691848204,63,51,2,102,125,182,69,206,243,391,21,3,1.61,10.42,3.39
3127,691849204,56,52,2,100,130,182,69,210,243,390,21,1,1.61,10.42,3.39
3128,691852266,54,54,3,100,125,185,65,208,241,385,2,8,1.61,10.42,3.39
3129,691855142,64,49,2,108,123,178,72,213,232,381,2,32,1.61,10.42,3.39
3130,691855630,57,58,3,104,126,178,71,211,221,387,2,41,-11.92,17.49,1.48
3131,691856208,64,61,1,100,119,181,65,209,229,385,2,47,-11.92,17.49,1.48
3132,691857208,66,57,3,104,126,179,66,211,227,388,2,62,-11.92,17.49,1.48
3133,691858225,61,59,3,102,118,182,72,213,231,383,2,64,-11.92,17.49,1.48
3134,691859208,64,62,2,101,125,184,71,211,233,385,3,66,-11.92,17.49,1.48
3135,691862618,59,59,2,86,120,179,72,206,236,392,2,76,-11.92,17.49,1.48
3136,691865338,59,47,2,78,120,182,72,208,248,397,2,72,-11.92,17.49,1.48
3137,691865831,52,45,2,57,120,181,69,205,256,396,2,65,3.21,0.87,-0.2
3138,691866319,52,46,2,51,125,178,66,203,258,396,2,66,3.21,0.87,-0.2
3139,691867208,49,50,2,50,131,169,67,204,258,401,2,66,3.21,0.87,-0.2
3140,691868208,48,47,2,49,129,177,68,203,261,400,2,66,3.21,0.87,-0.2
3141,691869208,39,46,3,49,123,180,67,204,259,408,2,75,3.21,0.87,-0.2
3142,691870224,37,48,1,51,129,179,68,207,259,403,2,69,3.21,0.87,-0.2
3143,691871208,29,48,2,49,127,180,74,204,258,400,2,76,3.21,0.87,-0.2
3144,691872208,29,45,2,50,129,182,71,202,263,405,2,63,3.21,0.87,-0.2
3145,691873216,30,47,3,51,125,185,71,204,259,404,2,68,3.21,0.87,-0.2
3146,691874224,28,48,1,48,129,185,70,203,259,401,3,70,3.21,0.87,-0.2
3147,691875408,27,48,4,48,122,181,67,202,258,398,3,66,3.21,0.87,-0.2
3148,691876208,28,46,3,46,118,182,66,204,258,383,3,70,14.66,14.74,-1.66
3149,691877208,32,49,2,51,124,185,67,204,259,380,2,55,14.66,14.74,-1.66
3150,691878224,29,44,3,51,118,182,65,204,251,378,2,44,14.66,14.74,-1.66
3151,691879208,31,44,3,49,126,183,69,212,245,379,2,23,14.66,14.74,-1.66
3152,691880224,33,47,3,46,126,181,68,208,244,338,2,46,14.66,14.74,-1.66
3153,691881208,32,44,2,48,131,182,66,208,245,344,3,50,14.66,14.74,-1.66
3154,691882223,33,43,3,51,131,185,70,213,250,340,30,46,14.66,14.74,-1.66
3155,691883224,36,45,3,52,125,183,62,211,243,340,36,47,14.66,14.74,-1.66
3156,691884208,35,45,3,46,123,188,66,206,249,349,36,33,14.66,14.74,-1.66
3157,691885401,34,42,4,47,138,181,68,208,247,361,31,8,14.66,14.74,-1.66
3158,691886208,36,48,3,45,132,181,64,213,251,363,35,2,-5.11,-14.88,1.79
3159,691887224,38,47,3,47,135,181,69,207,258,365,30,2,-5.11,-14.88,1.79
3160,691888208,38,49,2,49,136,181,66,211,258,363,35,17,-5.11,-14.88,1.79
3161,691889223,36,43,3,48,133,182,66,207,258,370,30,9,-5.11,-14.88,1.79
3162,691890224,34,45,3,53,138,179,68,204,258,379,26,7,-5.11,-14.88,1.79
3163,691891208,38,43,1,53,139,185,69,201,257,396,26,2,-5.11,-14.88,1.79
3164,691892224,31,48,3,53,138,181,72,208,260,389,25,3,-5.11,-14.88,1.79
3165,691895307,28,46,2,54,141,182,73,210,263,382,24,3,-5.11,-14.88,1.79
3166,691895816,23,48,2,42,140,188,74,215,261,383,23,10,-10.77,-16.93,-14.09
3167,691896321,24,49,3,44,142,183,69,207,262,387,20,10,-10.77,-16.93,-14.09
3168,691897208,24,48,2,36,142,186,72,210,260,388,22,3,-10.77,-16.93,-14.09
3169,691898208,24,45,2,40,144,180,74,207,257,389,22,3,-10.77,-16.93,-14.09
3170,691899224,26,49,3,45,142,186,76,206,258,389,20,3,-10.77,-16.93,-14.09
3171,691902105,25,44,2,38,141,190,70,209,259,390,19,3,-10.77,-16.93,-14.09
3172,691904727,31,46,3,50,143,190,74,218,259,387,19,5,-10.77,-16.93,-14.09
3173,691905554,30,44,2,46,144,184,73,211,252,391,22,20,0.34,14.24,-2.57
3174,691906208,28,50,2,48,144,183,73,211,251,394,24,23,0.34,14.24,-2.57
3175,691907208,28,46,2,48,144,182,72,205,253,396,25,17,0.34,14.24,-2.57
3176,691908224,26,46,2,45,142,189,73,202,254,393,26,19,0.34,14.24,-2.57
3177,691909208,24,45,4,26,138,189,76,197,254,394,24,20,0.34,14.24,-2.57
3178,691912657,23,46,3,35,143,189,70,195,257,396,25,9,0.34,14.24,-2.57
3179,691915394,23,47,3,38,139,189,74,190,253,398,23,5,0.34,14.24,-2.57
3180,691915900,20,44,2,50,145,183,70,190,252,400,21,3,-4.23,-11.48,7.77
3181,691916405,22,47,2,43,142,189,72,194,250,398,22,2,-4.23,-11.48,7.77
3182,691917208,20,47,3,46,141,182,69,193,254,399,21,3,-4.23,-11.48,7.77
3183,691918208,21,44,3,48,139,188,74,187,252,393,23,4,-4.23,-11.48,7.77
3184,691919208,22,45,2,51,139,187,69,175,254,395,23,11,-4.23,-11.48,7.77
3185,691920224,22,47,3,51,139,187,73,177,247,396,22,13,-4.23,-11.48,7.77
3186,691921208,24,48,2,55,143,184,70,179,253,400,22,11,-4.23,-11.48,7.77
3187,691922223,23,43,3,50,144,188,72,180,253,398,2,7,-4.23,-11.48,7.77
3188,691923224,23,44,2,49,140,182,72,182,252,403,2,9,-4.23,-11.48,7.77
3189,691924208,23,46,2,52,142,189,70,177,246,396,2,2,-4.23,-11.48,7.77
3190,691925371,23,44,3,55,138,189,72,179,252,397,2,2,-4.23,-11.48,7.77
3191,691926208,26,47,3,55,142,187,74,179,249,401,2,2,2.88,-0.04,8.55
3192,691927208,26,50,2,55,139,190,68,180,253,402,2,3,2.88,-0.04,8.55
3193,691928208,25,49,3,56,139,186,75,174,254,397,2,2,2.88,-0.04,8.55
3194,691929208,27,47,2,57,142,186,72,173,253,397,2,2,2.88,-0.04,8.55
3195,691930208,31,43,3,58,137,186,74,178,250,394,2,2,2.88,-0.04,8.55
3196,691931208,35,45,2,52,144,186,70,177,254,392,2,2,2.88,-0.04,8.55
3197,691932208,30,47,3,57,142,181,69,182,252,390,2,1,2.88,-0.04,8.55
3198,691933208,30,45,3,54,142,190,71,182,252,389,2,2,2.88,-0.04,8.55
3199,691934208,28,49,3,52,138,183,66,179,251,387,3,2,2.88,-0.04,8.55
3200,691935363,28,48,1,51,139,183,65,187,253,384,2,3,2.88,-0.04,8.55
3201,691936208,28,46,3,52,136,186,63,185,252,378,3,2,20.57,15.02,-2.87
3202,691937208,30,47,3,52,138,189,67,185,250,378,2,2,20.57,15.02,-2.87
3203,691938208,29,48,1,57,137,185,61,197,249,378,3,5,20.57,15.02,-2.87
3204,691939207,28,45,2,52,138,179,58,188,245,373,2,6,20.57,15.02,-2.87
3205,691940208,29,47,2,51,139,181,60,189,250,371,2,4,20.57,15.02,-2.87
3206,691941208,29,48,2,54,138,188,58,184,250,372,2,2,20.57,15.02,-2.87
3207,691942208,33,48,2,54,139,187,59,189,248,373,2,3,20.57,15.02,-2.87
3208,691943208,28,45,3,53,139,184,59,181,248,374,2,3,20.57,15.02,-2.87
3209,691945327,30,49,3,55,139,181,59,187,249,373,3,2,-2.46,13.16,0.66
3210,691945818,30,43,1,52,136,189,58,182,249,372,2,2,-2.46,13.16,0.66
3211,691946305,33,50,3,53,142,185,55,180,248,371,2,2,-2.46,13.16,0.66
3212,691947208,31,48,2,53,141,180,59,181,249,373,2,2,-2.46,13.16,0.66
3213,691948208,30,50,2,56,137,183,58,175,250,375,2,2,-2.46,13.16,0.66
3214,691949208,29,45,2,51,138,185,60,178,247,375,2,3,-2.46,13.16,0.66
3215,691951155,32,45,2,54,138,186,64,176,248,376,2,2,-2.46,13.16,0.66
3216,691953782,29,42,3,55,132,189,61,181,247,376,2,2,-2.46,13.16,0.66
3217,691955371,28,46,1,53,137,191,64,186,250,373,2,3,-1.33,-6.09,2.61
3218,691955859,30,49,4,59,138,188,62,181,251,372,3,3,-1.33,-6.09,2.61
3219,691956347,32,52,3,60,136,183,65,185,251,374,2,3,-1.33,-6.09,2.61
3220,691957208,33,48,3,55,138,187,66,188,246,376,2,2,-1.33,-6.09,2.61
3221,691958215,34,50,2,52,137,188,67,186,251,376,2,3,-1.33,-6.09,2.61
3222,691959212,34,49,1,52,136,188,64,186,249,375,2,4,-1.33,-6.09,2.61
3223,691961358,33,50,3,51,136,189,69,189,252,377,2,5,-1.33,-6.09,2.61
3224,691963981,33,45,3,51,137,188,72,188,253,375,2,5,-1.33,-6.09,2.61
3225,691965556,38,46,3,50,137,192,69,190,252,377,2,5,1.31,-6.52,2.18
3226,691966045,35,50,3,50,136,191,68,194,249,380,2,4,1.31,-6.52,2.18
3227,691966534,34,48,3,48,141,191,65,191,252,380,2,5,1.31,-6.52,2.18
3228,691967208,35,49,3,47,138,187,71,191,251,380,2,4,1.31,-6.52,2.18
3229,691968208,26,47,2,45,141,191,66,184,250,382,2,4,1.31,-6.52,2.18
3230,691969208,27,47,2,47,139,188,65,185,248,381,2,4,1.31,-6.52,2.18
3231,691970207,24,47,1,49,138,190,67,186,250,385,2,2,1.31,-6.52,2.18
3232,691971208,24,47,3,49,140,191,67,192,247,384,1,3,1.31,-6.52,2.18
3233,691972208,23,48,2,46,136,191,66,185,249,387,2,2,1.31,-6.52,2.18
3234,691973212,20,49,1,47,141,189,67,192,251,387,3,3,1.31,-6.52,2.18
3235,691974208,16,45,2,50,139,187,69,191,248,388,1,2,1.31,-6.52,2.18
3236,691975329,16,48,2,50,137,188,73,191,250,390,2,2,1.31,-6.52,2.18
3237,691976208,14,44,3,52,138,189,72,190,252,391,2,2,-5.76,-7.82,-0.31
3238,691977208,13,47,2,53,139,191,72,183,247,391,3,3,-5.76,-7.82,-0.31
3239,691978208,14,50,2,54,136,189,70,189,252,392,2,2,-5.76,-7.82,-0.31
3240,691979208,16,47,3,50,139,182,74,179,252,393,2,2,-5.76,-7.82,-0.31
3241,691980208,14,48,1,52,138,180,69,182,252,396,2,2,-5.76,-7.82,-0.31
3242,691981208,15,48,1,58,136,183,67,181,251,401,2,3,-5.76,-7.82,-0.31
3243,691982207,18,47,2,50,138,181,68,181,252,402,2,3,-5.76,-7.82,-0.31
3244,691983208,17,47,1,48,138,184,73,184,247,400,2,2,-5.76,-7.82,-0.31
3245,691984208,18,48,2,47,134,186,70,184,245,399,2,2,-5.76,-7.82,-0.31
3246,691985321,17,46,2,46,140,184,71,175,250,400,2,2,-5.76,-7.82,-0.31
3247,691986208,17,46,2,47,140,186,65,176,254,398,2,2,2.68,2.66,-6.94
3248,691987208,17,46,1,50,139,183,65,174,252,399,2,3,2.68,2.66,-6.94
3249,691988207,17,50,2,49,138,180,65,176,254,399,2,3,2.68,2.66,-6.94
3250,691989208,17,48,2,50,140,183,70,174,251,388,3,2,2.68,2.66,-6.94
3251,691990209,17,46,3,45,138,189,70,177,254,389,3,2,2.68,2.66,-6.94
3252,691991208,17,47,2,48,138,182,68,176,252,392,1,2,2.68,2.66,-6.94
3253,691992208,17,48,2,47,136,186,70,178,253,391,2,3,2.68,2.66,-6.94
3254,691993397,16,49,3,47,140,189,63,179,253,390,4,3,2.68,2.66,-6.94
3255,691995324,17,44,3,51,136,185,66,176,253,389,5,8,0.68,9.78,12.06
3256,691995813,17,47,2,48,139,189,61,180,253,389,5,14,0.68,9.78,12.06
3257,691996300,17,46,2,48,141,183,67,176,250,388,5,8,0.68,9.78,12.06
3258,691997208,18,48,2,49,140,181,66,180,252,387,4,3,0.68,9.78,12.06
3259,691998208,18,45,1,47,138,188,66,186,252,385,4,9,0.68,9.78,12.06
3260,691999208,17,46,2,47,140,189,64,185,251,384,3,4,0.68,9.78,12.06
3261,692001347,17,44,2,46,135,186,67,182,247,383,3,2,0.68,9.78,12.06
3262,692004199,18,43,3,50,138,186,63,185,243,380,3,2,0.68,9.78,12.06
3263,692005409,18,42,1,48,141,184,67,174,250,380,2,1,-3.91,7.17,6.73
3264,692005892,19,45,2,50,134,184,65,174,250,377,2,2,-3.91,7.17,6.73
3265,692006376,19,49,2,50,141,189,72,178,251,378,2,2,-3.91,7.17,6.73
3266,692007204,19,48,3,47,137,182,70,175,249,377,2,2,-3.91,7.17,6.73
3267,692008204,19,46,1,47,140,191,68,179,252,376,2,2,-3.91,7.17,6.73
3268,692009204,19,50,2,47,136,191,69,177,250,377,1,2,-3.91,7.17,6.73
3269,692010204,19,47,1,48,137,189,67,179,246,378,2,2,-3.91,7.17,6.73
3270,692013783,19,47,3,48,140,186,69,178,246,379,2,2,-3.91,7.17,6.73
3271,692015375,20,45,4,47,140,183,69,180,250,383,2,2,-2.13,-6.66,-2.14
3272,692015859,20,46,3,50,140,190,71,188,248,384,2,3,-2.13,-6.66,-2.14
3273,692016343,19,48,4,51,140,191,66,184,248,387,2,2,-2.13,-6.66,-2.14
3274,692017203,19,45,3,48,131,190,70,188,253,388,2,3,-2.13,-6.66,-2.14
3275,692018204,19,49,3,52,139,191,69,185,253,389,2,2,-2.13,-6.66,-2.14
3276,692019204,19,50,2,49,139,187,63,180,252,389,2,2,-2.13,-6.66,-2.14
3277,692020204,19,51,3,51,135,186,66,180,253,391,2,2,-2.13,-6.66,-2.14
3278,692021204,19,44,3,51,139,189,68,182,253,390,2,3,-2.13,-6.66,-2.14
3279,692022204,19,48,3,51,135,185,67,189,251,391,2,2,-2.13,-6.66,-2.14
3280,692023213,20,49,2,47,138,187,67,188,249,391,2,2,-2.13,-6.66,-2.14
3281,692024203,17,45,2,47,140,187,67,181,248,391,1,2,-2.13,-6.66,-2.14
3282,692025288,16,48,3,48,137,191,68,187,250,391,2,3,-2.13,-6.66,-2.14
3283,692026204,17,49,2,48,133,182,67,182,250,391,2,2,0.59,-5.5,-0.86
3284,692027203,18,47,3,47,137,188,68,184,247,393,1,2,0.59,-5.5,-0.86
3285,692028204,17,47,2,50,140,181,62,181,251,393,2,2,0.59,-5.5,-0.86
3286,692029204,17,47,1,49,140,188,63,188,249,390,2,2,0.59,-5.5,-0.86
3287,692030204,17,50,3,50,133,190,66,185,250,392,2,3,0.59,-5.5,-0.86
3288,692031204,17,47,2,48,137,187,70,184,251,390,2,3,0.59,-5.5,-0.86
3289,692032203,18,46,1,50,138,188,65,189,253,391,2,3,0.59,-5.5,-0.86
3290,692033204,17,46,2,50,140,188,65,183,252,392,2,2,0.59,-5.5,-0.86
3291,692034204,17,44,2,50,138,179,69,182,251,390,2,2,0.59,-5.5,-0.86
3292,692035279,15,47,2,49,131,185,63,188,254,390,2,3,0.59,-5.5,-0.86
3293,692036208,14,48,2,49,137,186,60,182,255,389,2,2,-1.32,4.18,-1.28
3294,692037208,14,47,2,48,137,185,64,181,254,391,2,2,-1.32,4.18,-1.28
3295,692038208,12,50,2,49,136,189,58,178,253,388,2,2,-1.32,4.18,-1.28
3296,692039208,11,46,1,50,137,179,61,174,252,390,2,2,-1.32,4.18,-1.28
3297,692040209,12,48,3,49,133,183,62,174,247,390,2,2,-1.32,4.18,-1.28
3298,692041208,13,45,2,48,136,182,65,176,252,391,2,2,-1.32,4.18,-1.28
3299,692042208,14,48,2,48,139,190,56,181,254,391,2,2,-1.32,4.18,-1.28
3300,692043208,14,46,2,51,129,184,64,182,254,392,3,3,-1.32,4.18,-1.28
3301,692045324,14,47,2,48,137,186,64,173,254,392,2,2,2.06,9.3,-6.27
3302,692045813,12,46,3,49,135,188,66,177,252,393,2,3,2.06,9.3,-6.27
3303,692046300,12,47,2,51,138,185,61,179,252,394,2,2,2.06,9.3,-6.27
3304,692047208,12,49,3,49,132,181,62,183,251,391,2,3,2.06,9.3,-6.27
3305,692048208,11,47,1,51,135,181,62,183,251,392,2,2,2.06,9.3,-6.27
3306,692049208,10,46,2,48,135,181,61,180,251,394,2,3,2.06,9.3,-6.27
3307,692051555,12,48,2,46,139,190,57,183,251,394,2,2,2.06,9.3,-6.27
3308,692054402,11,43,2,47,136,188,64,177,250,392,2,3,2.06,9.3,-6.27
3309,692055427,11,44,2,50,139,189,60,194,249,392,2,2,3.9,-5.08,7.54
3310,692055915,12,50,3,47,139,183,59,190,249,391,2,3,3.9,-5.08,7.54
3311,692056403,12,46,2,47,137,187,61,194,248,389,2,2,3.9,-5.08,7.54
3312,692057208,12,49,2,49,135,188,60,185,247,390,2,3,3.9,-5.08,7.54
3313,692058208,13,47,2,48,133,187,59,189,247,390,2,2,3.9,-5.08,7.54
3314,692059208,12,50,3,46,135,185,62,183,248,390,2,3,3.9,-5.08,7.54
3315,692060208,11,44,2,46,139,185,62,173,247,389,2,2,3.9,-5.08,7.54
3316,692063821,13,46,2,46,137,182,59,176,250,389,2,2,3.9,-5.08,7.54
3317,692065410,12,43,2,47,131,187,60,184,251,388,2,2,-4.53,-0.67,0.49
3318,692065898,11,45,3,49,134,186,64,184,253,388,2,2,-4.53,-0.67,0.49
3319,692066392,12,47,3,48,134,187,60,183,251,389,2,2,-4.53,-0.67,0.49
3320,692067208,11,48,2,47,132,186,61,179,253,389,2,3,-4.53,-0.67,0.49
3321,692068208,10,47,1,49,139,186,60,180,252,389,2,2,-4.53,-0.67,0.49
3322,692069207,11,48,2,48,133,188,62,183,250,391,2,3,-4.53,-0.67,0.49
3323,692070208,11,44,2,46,130,180,64,186,252,391,3,2,-4.53,-0.67,0.49
3324,692071208,13,47,2,49,134,186,59,180,251,391,2,2,-4.53,-0.67,0.49
3325,692072208,12,44,2,46,127,188,62,182,249,391,2,3,-4.53,-0.67,0.49
3326,692073210,11,47,1,46,137,188,60,190,248,391,2,2,-4.53,-0.67,0.49
3327,692074207,11,48,2,49,130,188,62,188,250,392,2,2,-4.53,-0.67,0.49
3328,692075256,12,47,2,50,127,184,60,190,248,391,2,3,-4.53,-0.67,0.49
3329,692076207,12,49,2,50,137,189,61,192,251,392,2,2,6.27,-0.21,3.26
3330,692077213,12,43,2,48,132,182,61,191,250,391,2,2,6.27,-0.21,3.26
3331,692078208,13,47,3,48,134,183,62,183,250,391,2,3,6.27,-0.21,3.26
3332,692079208,14,49,2,51,135,187,61,187,251,391,2,4,6.27,-0.21,3.26
3333,692080208,13,48,2,50,138,179,60,181,246,390,2,2,6.27,-0.21,3.26
3334,692081208,14,48,2,48,137,183,63,183,250,390,2,3,6.27,-0.21,3.26
3335,692082210,14,47,2,49,138,187,62,182,251,390,2,2,6.27,-0.21,3.26
3336,692083208,13,44,1,48,133,183,63,189,252,390,2,2,6.27,-0.21,3.26
3337,692084213,14,47,1,47,135,187,60,182,252,389,2,2,6.27,-0.21,3.26
3338,692085265,13,45,2,52,138,180,59,181,251,390,2,2,6.27,-0.21,3.26
3339,692086208,13,45,1,49,136,187,63,180,249,390,2,2,-5.85,-8.58,-1.15
3340,692087208,13,47,2,49,132,181,62,172,252,389,2,2,-5.85,-8.58,-1.15
3341,692088208,13,46,2,47,131,180,58,174,251,389,2,2,-5.85,-8.58,-1.15
3342,692089208,13,43,2,47,136,183,61,172,251,389,3,2,-5.85,-8.58,-1.15
3343,692090215,13,43,3,50,138,188,64,174,251,389,2,3,-5.85,-8.58,-1.15
3344,692091214,14,49,3,49,137,180,61,172,253,389,2,2,-5.85,-8.58,-1.15
3345,692092209,13,46,2,49,130,187,60,177,252,391,2,2,-5.85,-8.58,-1.15
3346,692093971,12,45,1,47,138,189,59,172,253,390,1,2,-5.85,-8.58,-1.15
3347,692095173,13,40,3,49,139,189,61,176,252,391,2,2,-6.12,-1.73,-11.75
3348,692095659,12,47,3,46,136,184,61,178,252,389,2,2,-6.12,-1.73,-11.75
3349,692096204,13,45,2,47,139,184,61,174,252,391,1,2,-6.12,-1.73,-11.75
3350,692097204,13,45,2,47,135,180,61,179,252,391,2,2,-6.12,-1.73,-11.75
3351,692098204,13,46,2,47,137,179,62,181,250,391,2,2,-6.12,-1.73,-11.75
3352,692099204,13,42,1,48,137,180,63,179,250,392,2,3,-6.12,-1.73,-11.75
3353,692102605,13,44,3,49,139,183,61,179,247,392,2,2,-6.12,-1.73,-11.75
3354,692105150,14,44,3,46,135,188,64,183,252,391,2,2,-6.12,-1.73,-11.75
3355,692105634,13,47,3,49,135,181,63,183,251,392,2,3,5.82,1.1,1.38
3356,692106204,13,47,3,47,135,181,63,182,247,391,2,1,5.82,1.1,1.38
3357,692107204,13,46,2,44,135,180,60,181,251,390,2,2,5.82,1.1,1.38
3358,692108204,13,42,1,47,139,187,61,180,250,391,2,2,5.82,1.1,1.38
3359,692109203,13,46,3,48,137,185,60,174,250,390,2,2,5.82,1.1,1.38
3360,692112103,13,45,3,49,137,183,59,181,251,391,2,2,5.82,1.1,1.38
3361,692114725,13,47,1,46,139,184,57,179,250,390,2,2,5.82,1.1,1.38
3362,692115532,13,43,3,49,138,181,62,174,252,391,2,2,-1.31,0.14,3.4
3363,692116208,13,48,2,45,138,178,57,171,248,393,2,2,-1.31,0.14,3.4
3364,692117208,13,46,2,49,139,185,61,177,251,392,2,2,-1.31,0.14,3.4
3365,692118208,13,46,2,46,138,188,61,176,245,393,2,3,-1.31,0.14,3.4
3366,692119208,13,48,2,47,133,185,61,175,248,393,2,2,-1.31,0.14,3.4
3367,692120208,13,44,2,48,137,179,65,174,250,393,2,2,-1.31,0.14,3.4
3368,692121214,12,46,2,51,138,183,60,184,251,391,2,3,-1.31,0.14,3.4
3369,692122208,11,47,1,51,134,181,59,178,251,391,2,2,-1.31,0.14,3.4
3370,692123216,11,49,1,48,137,186,60,186,247,392,2,2,-1.31,0.14,3.4
3371,692124209,10,46,4,46,139,180,58,186,251,393,2,2,-1.31,0.14,3.4
3372,692125233,10,44,2,48,136,187,62,181,246,392,2,3,-1.31,0.14,3.4
3373,692126212,12,47,2,48,138,186,57,180,250,392,2,1,2.55,0.8,3.87
3374,692127208,12,47,3,45,137,187,61,181,252,392,2,2,2.55,0.8,3.87
3375,692128215,12,44,2,47,137,187,59,184,252,392,2,2,2.55,0.8,3.87
3376,692129208,12,44,2,47,137,183,61,176,251,393,2,2,2.55,0.8,3.87
3377,692130208,13,47,1,49,139,186,60,179,249,390,2,3,2.55,0.8,3.87
3378,692131210,13,47,2,47,133,188,57,184,251,394,2,3,2.55,0.8,3.87
3379,692132208,13,47,1,47,136,184,61,181,249,393,2,2,2.55,0.8,3.87
3380,692133208,13,47,1,48,139,184,55,183,247,392,2,2,2.55,0.8,3.87
3381,692134215,14,48,3,48,137,181,61,178,251,392,2,2,2.55,0.8,3.87
3382,692135229,13,43,2,49,140,183,59,181,252,391,2,3,2.55,0.8,3.87
3383,692136210,13,46,1,45,137,187,63,177,253,391,2,2,-2.48,1.8,2.03
3384,692137208,13,47,3,47,140,181,62,178,253,392,2,2,-2.48,1.8,2.03
3385,692138214,14,47,2,50,137,179,59,177,252,392,2,2,-2.48,1.8,2.03
3386,692139208,14,46,3,49,134,180,61,174,248,391,3,3,-2.48,1.8,2.03
3387,692140208,13,47,2,51,135,187,60,173,249,392,2,2,-2.48,1.8,2.03
3388,692141208,14,46,3,47,135,187,61,175,252,391,2,2,-2.48,1.8,2.03
3389,692142212,13,47,2,50,137,187,66,175,249,392,2,2,-2.48,1.8,2.03
3390,692143208,12,44,3,47,137,187,61,173,250,391,2,1,-2.48,1.8,2.03
3391,692145157,13,46,3,46,137,188,58,173,253,391,2,2,1.07,-2.66,-2.46
3392,692145663,13,47,2,49,140,184,61,176,249,391,2,3,1.07,-2.66,-2.46
3393,692146208,13,44,2,49,138,187,58,176,251,392,2,2,1.07,-2.66,-2.46
3394,692147208,14,49,4,49,139,187,61,173,250,392,2,2,1.07,-2.66,-2.46
3395,692148215,14,46,2,47,136,187,57,178,252,394,2,2,1.07,-2.66,-2.46
3396,692149213,14,49,3,48,137,188,61,177,252,393,2,3,1.07,-2.66,-2.46
3397,692152641,14,46,2,49,139,188,60,181,243,393,2,2,1.07,-2.66,-2.46
3398,692154965,14,46,2,46,139,184,63,180,251,393,2,1,1.07,-2.66,-2.46
3399,692155454,14,44,2,46,135,187,59,177,253,392,2,2,2.54,1.14,1.74
3400,692156224,14,46,2,44,139,182,64,178,250,390,2,2,2.54,1.14,1.74
3401,692157208,14,47,4,50,137,184,65,176,253,391,2,2,2.54,1.14,1.74
3402,692158224,14,47,3,48,136,182,64,178,253,392,2,2,2.54,1.14,1.74
3403,692159208,14,48,2,45,140,179,61,179,253,391,2,3,2.54,1.14,1.74
3404,692162391,14,45,2,48,137,181,64,179,253,393,2,2,2.54,1.14,1.74
3405,692165084,14,43,3,46,138,187,61,181,252,391,2,2,2.54,1.14,1.74
3406,692165584,14,45,2,45,130,181,61,176,250,391,2,2,-1.6,3.87,-0.91
3407,692166219,13,44,3,48,133,180,60,174,247,392,2,2,-1.6,3.87,-0.91
3408,692167204,13,48,4,48,134,180,58,177,252,392,3,2,-1.6,3.87,-0.91
3409,692168204,14,45,3,49,139,179,58,181,247,393,2,2,-1.6,3.87,-0.91
3410,692169204,13,46,2,47,137,185,60,181,250,393,2,2,-1.6,3.87,-0.91
3411,692170204,14,48,2,45,139,181,59,175,250,393,2,2,-1.6,3.87,-0.91
3412,692171204,14,47,2,46,136,180,63,180,252,392,2,2,-1.6,3.87,-0.91
3413,692172219,14,44,3,48,139,181,60,180,247,392,2,2,-1.6,3.87,-0.91
3414,692173204,14,49,2,45,136,181,66,179,248,393,2,3,-1.6,3.87,-0.91
3415,692174204,14,46,2,48,139,183,62,180,251,392,2,2,-1.6,3.87,-0.91
3416,692175215,14,45,3,45,137,177,59,182,251,394,2,2,1.31,-2.32,0.31
3417,692176211,14,49,3,48,139,182,58,175,248,393,2,2,1.31,-2.32,0.31
3418,692177208,14,51,2,48,136,182,58,176,251,390,2,2,1.31,-2.32,0.31
3419,692178214,14,49,2,48,138,179,63,176,248,393,2,2,1.31,-2.32,0.31
3420,692179224,13,46,3,45,138,182,59,177,250,393,2,2,1.31,-2.32,0.31
3421,692180208,14,47,3,45,139,185,62,179,252,394,2,2,1.31,-2.32,0.31
3422,692181225,12,45,2,46,137,178,62,182,251,393,2,3,1.31,-2.32,0.31
3423,692182208,12,46,2,47,134,185,59,178,250,392,2,2,1.31,-2.32,0.31
3424,692183211,13,44,3,47,136,185,64,180,251,392,2,2,1.31,-2.32,0.31
3425,692184224,11,42,3,45,137,178,61,179,252,393,2,2,1.31,-2.32,0.31
3426,692185226,10,49,2,47,138,186,58,185,252,392,2,2,-3.1,3.33,1.73
3427,692186208,11,51,3,48,138,180,62,183,251,394,2,2,-3.1,3.33,1.73
3428,692187230,11,49,2,49,136,180,62,176,250,392,2,2,-3.1,3.33,1.73
3429,692188208,12,47,2,45,140,183,63,180,251,393,2,2,-3.1,3.33,1.73
3430,692189214,12,50,1,46,140,174,58,183,251,393,2,2,-3.1,3.33,1.73
3431,692190212,11,51,1,48,134,171,64,176,251,388,3,2,-3.1,3.33,1.73
3432,692191209,11,48,3,49,139,150,61,159,253,378,3,2,-3.1,3.33,1.73
3433,692192208,12,50,2,48,166,85,60,164,253,371,2,2,-3.1,3.33,1.73
3434,692194342,11,48,2,47,174,171,66,173,249,365,2,2,-3.1,3.33,1.73
3435,692195178,8,45,3,45,177,207,62,170,237,363,2,2,-4.05,1.74,-2.45
3436,692195683,9,47,3,46,193,201,64,168,243,342,2,2,-4.05,1.74,-2.45
3437,692196208,5,51,2,45,198,209,62,160,242,324,2,2,-4.05,1.74,-2.45
3438,692197228,11,44,3,40,239,228,67,157,242,302,2,2,-4.05,1.74,-2.45
3439,692198224,13,47,3,47,231,234,67,168,237,293,3,5,-4.05,1.74,-2.45
3440,692199214,12,46,2,53,305,255,64,170,238,266,2,16,-4.05,1.74,-2.45
3441,692202783,12,48,3,50,245,271,69,150,235,265,2,6,-4.05,1.74,-2.45
3442,692204953,17,45,1,85,352,252,72,149,207,268,2,2,-4.05,1.74,-2.45
3443,692205441,23,46,2,72,378,267,73,171,205,217,2,44,4.72,-2.57,2.78
3444,692206208,24,48,2,69,388,275,70,189,207,247,2,4,4.72,-2.57,2.78
3445,692207208,31,51,2,79,408,271,70,184,200,247,2,2,4.72,-2.57,2.78
3446,692208224,34,48,3,68,399,277,75,188,202,241,2,2,4.72,-2.57,2.78
3447,692209208,36,54,1,73,404,279,75,172,202,244,2,117,4.72,-2.57,2.78
3448,692212814,36,57,1,69,402,289,78,174,201,244,3,117,4.72,-2.57,2.78
3449,692215149,45,55,3,78,427,286,87,173,200,230,2,135,4.72,-2.57,2.78
3450,692215653,45,63,2,78,426,306,83,187,186,239,2,152,2.92,-1.99,10.63
3451,692216208,47,64,2,75,422,307,94,189,191,244,2,167,2.92,-1.99,10.63
3452,692217224,46,59,3,83,412,313,96,187,184,251,2,174,2.92,-1.99,10.63
3453,692218208,48,67,3,81,405,317,90,199,177,265,2,173,2.92,-1.99,10.63
3454,692219226,49,64,3,84,414,315,103,199,175,283,3,164,2.92,-1.99,10.63
3455,692220223,49,56,2,87,422,313,109,200,176,275,2,174,2.92,-1.99,10.63
3456,692221228,46,68,2,96,415,317,107,205,189,275,3,172,2.92,-1.99,10.63
3457,692222208,49,69,2,87,423,317,118,206,191,278,2,171,2.92,-1.99,10.63
3458,692223214,50,64,3,108,415,326,128,202,185,291,2,173,2.92,-1.99,10.63
3459,692224224,56,75,1,105,413,314,139,210,190,294,3,179,2.92,-1.99,10.63
3460,692225218,61,72,3,112,409,305,151,193,187,291,2,171,-2.26,-3.84,37.73
3461,692226208,56,78,2,120,409,308,157,203,193,298,2,171,-2.26,-3.84,37.73
3462,692227208,60,90,3,124,408,297,173,200,195,296,2,170,-2.26,-3.84,37.73
3463,692228208,62,99,2,139,412,284,184,213,189,297,2,170,-2.26,-3.84,37.73
3464,692229224,57,97,1,150,404,312,193,236,188,296,2,170,-2.26,-3.84,37.73
3465,692230214,59,103,1,172,392,300,197,240,185,295,2,173,-2.26,-3.84,37.73
3466,692231209,61,112,3,170,412,292,209,236,187,297,2,174,-2.26,-3.84,37.73
3467,692232208,71,136,3,152,412,288,212,243,185,300,1,172,-2.26,-3.84,37.73
3468,692233224,71,142,3,136,415,286,225,244,184,298,329,162,-2.26,-3.84,37.73
3469,692234208,79,154,4,114,412,306,221,241,180,301,3,170,-2.26,-3.84,37.73
3470,692235220,80,167,3,118,408,308,224,238,193,305,2,174,11.48,-2.56,30.34
3471,692236208,83,161,3,147,412,308,223,250,188,304,3,176,11.48,-2.56,30.34
3472,692237208,83,171,3,145,411,306,232,231,208,311,2,177,11.48,-2.56,30.34
3473,692238224,83,186,3,129,412,313,232,233,199,314,1,174,11.48,-2.56,30.34
3474,692239208,91,184,3,123,415,307,232,238,208,315,2,178,11.48,-2.56,30.34
3475,692240223,91,185,4,114,416,307,235,257,209,316,2,182,11.48,-2.56,30.34
3476,692241224,95,187,3,112,417,296,234,260,204,321,3,178,11.48,-2.56,30.34
3477,692242208,95,194,3,111,419,291,239,262,215,325,3,179,11.48,-2.56,30.34
3478,692243223,90,196,2,132,417,298,236,254,223,315,3,187,11.48,-2.56,30.34
3479,692245160,99,195,2,125,414,298,235,245,222,328,5,189,33.16,-25.25,1.49
3480,692245661,105,197,3,120,416,272,237,240,231,330,371,178,33.16,-25.25,1.49
3481,692246209,110,199,3,125,415,280,236,242,227,340,374,181,33.16,-25.25,1.49
3482,692247204,110,194,4,125,414,285,236,252,221,347,371,183,33.16,-25.25,1.49
3483,692248204,112,198,2,120,414,289,239,259,234,352,373,190,33.16,-25.25,1.49
3484,692249204,112,197,3,116,415,284,238,266,248,344,378,194,33.16,-25.25,1.49
3485,692252605,117,197,3,116,414,292,238,265,235,354,382,196,33.16,-25.25,1.49
3486,692254960,114,205,3,114,412,280,241,240,254,371,378,200,33.16,-25.25,1.49
3487,692255455,121,193,3,118,406,281,239,250,260,383,348,191,36.16,-28.26,25.1
3488,692256208,123,201,2,123,404,278,242,256,266,392,234,201,36.16,-28.26,25.1
3489,692257208,121,199,2,124,398,280,244,258,267,401,201,191,36.16,-28.26,25.1
3490,692258208,116,198,2,132,401,278,244,253,274,406,306,171,36.16,-28.26,25.1
3491,692259224,124,196,4,137,394,283,248,262,288,415,313,162,36.16,-28.26,25.1
3492,692262375,128,200,2,127,394,278,241,263,292,419,202,173,36.16,-28.26,25.1
3493,692265097,126,203,3,128,371,266,257,268,298,432,287,187,36.16,-28.26,25.1
3494,692265585,130,197,3,137,339,272,259,268,305,434,291,179,3.6,-38.22,0.59
3495,692266224,130,192,2,139,336,273,254,269,305,432,291,186,3.6,-38.22,0.59
3496,692267208,132,201,3,138,333,270,258,269,307,431,269,195,3.6,-38.22,0.59
3497,692268208,131,203,3,139,326,267,263,268,304,432,264,190,3.6,-38.22,0.59
3498,692269208,130,197,3,145,314,270,272,271,305,433,2,194,3.6,-38.22,0.59
3499,692270224,130,194,2,144,313,266,267,273,301,434,2,195,3.6,-38.22,0.59
3500,692271208,130,195,3,139,304,264,273,270,301,431,2,177,3.6,-38.22,0.59
3501,692272223,134,193,4,137,300,262,270,266,304,432,2,179,3.6,-38.22,0.59
3502,692273224,134,191,3,134,296,251,267,270,299,430,2,182,3.6,-38.22,0.59
3503,692274208,139,190,3,140,295,252,270,272,296,433,2,188,3.6,-38.22,0.59
3504,692275224,135,178,2,140,286,252,269,268,297,436,2,185,-8.29,-35.28,-3.89
3505,692276223,125,182,3,145,279,246,265,261,292,437,3,176,-8.29,-35.28,-3.89
3506,692277224,135,168,2,140,276,239,266,269,293,435,2,134,-8.29,-35.28,-3.89
3507,692278208,132,167,3,132,275,236,263,266,297,438,3,81,-8.29,-35.28,-3.89
3508,692279224,111,169,2,126,275,236,263,269,299,435,3,76,-8.29,-35.28,-3.89
3509,692280208,123,169,3,133,273,227,259,269,294,435,3,115,-8.29,-35.28,-3.89
3510,692281208,130,157,3,130,262,219,255,271,289,435,3,152,-8.29,-35.28,-3.89
3511,692282208,127,143,4,133,256,216,257,271,287,437,237,151,-8.29,-35.28,-3.89
3512,692283224,123,155,3,140,226,213,258,274,293,436,235,171,-8.29,-35.28,-3.89
3513,692284208,129,152,2,139,232,209,257,274,295,435,237,168,-8.29,-35.28,-3.89
3514,692285224,123,148,3,144,212,210,254,272,299,436,235,170,-5.69,-26.02,7.98
3515,692286223,122,147,4,141,210,206,259,273,299,434,236,169,-5.69,-26.02,7.98
3516,692287224,123,156,3,150,208,200,260,272,298,433,225,153,-5.69,-26.02,7.98
3517,692288208,126,156,3,163,194,202,256,274,290,434,214,162,-5.69,-26.02,7.98
3518,692289224,127,157,3,161,195,200,251,271,290,432,214,122,-5.69,-26.02,7.98
3519,692290208,126,157,3,163,182,199,256,279,296,428,213,133,-5.69,-26.02,7.98
3520,692291224,123,151,3,165,177,191,252,274,299,424,207,133,-5.69,-26.02,7.98
3521,692292224,120,155,3,162,170,185,257,269,288,422,209,126,-5.69,-26.02,7.98
3522,692294954,126,151,2,159,151,182,253,275,273,418,202,130,-5.69,-26.02,7.98
3523,692295439,128,150,2,164,134,178,255,270,275,409,201,132,-12.44,-26.97,14.8
3524,692296204,121,146,3,170,139,182,252,270,273,408,203,134,-12.44,-26.97,14.8
3525,692297204,123,145,4,170,139,172,246,276,278,395,197,134,-12.44,-26.97,14.8
3526,692298204,104,137,1,170,127,179,248,273,274,389,198,139,-12.44,-26.97,14.8
3527,692299204,107,137,2,172,120,176,248,274,274,387,189,141,-12.44,-26.97,14.8
3528,692302379,105,132,2,166,120,178,245,273,271,383,185,137,-12.44,-26.97,14.8
3529,692304874,107,114,1,164,107,172,237,272,264,369,3,137,-12.44,-26.97,14.8
3530,692305366,104,111,1,169,92,174,233,264,260,357,3,127,4.06,-13.84,11.85
3531,692306208,100,104,1,167,84,173,237,260,247,353,2,125,4.06,-13.84,11.85
3532,692307208,101,110,1,179,84,167,234,262,256,329,3,126,4.06,-13.84,11.85
3533,692308208,103,102,2,173,80,154,234,265,247,337,2,130,4.06,-13.84,11.85
3534,692309208,98,103,3,175,80,150,233,260,238,335,2,123,4.06,-13.84,11.85
3535,692312641,91,105,2,175,76,143,231,254,237,347,3,121,4.06,-13.84,11.85
3536,692315150,97,105,1,174,73,154,229,261,184,337,3,116,4.06,-13.84,11.85
3537,692315651,96,103,1,163,63,147,207,260,192,328,2,120,7.25,-5.99,9.27
3538,692316204,91,102,3,166,62,150,210,256,193,319,2,115,7.25,-5.99,9.27
3539,692317204,96,103,1,162,66,147,208,253,200,321,2,118,7.25,-5.99,9.27
3540,692318204,102,105,1,145,68,140,201,250,198,332,3,118,7.25,-5.99,9.27
3541,692319204,99,101,1,138,76,137,192,253,195,333,2,117,7.25,-5.99,9.27
3542,692320204,97,105,3,123,71,128,183,237,193,334,2,120,7.25,-5.99,9.27
3543,692321204,93,100,1,126,77,127,178,215,194,330,2,115,7.25,-5.99,9.27
3544,692322204,87,104,1,128,74,131,171,207,193,337,2,109,7.25,-5.99,9.27
3545,692323204,81,104,2,124,78,129,163,230,203,339,3,114,7.25,-5.99,9.27
3546,692324204,79,91,1,122,84,138,163,230,186,345,2,115,7.25,-5.99,9.27
3547,692325208,77,86,3,123,81,143,148,227,190,339,3,111,22.04,-3.79,10.52
3548,692326208,69,82,1,115,79,149,148,220,187,343,2,112,22.04,-3.79,10.52
3549,692327224,67,86,2,114,82,147,137,210,191,343,2,117,22.04,-3.79,10.52
3550,692328208,62,79,3,116,80,159,131,199,189,353,1,115,22.04,-3.79,10.52
3551,692329223,65,57,3,115,80,167,133,207,196,329,2,117,22.04,-3.79,10.52
3552,692330208,60,60,2,114,82,173,129,205,199,331,2,118,22.04,-3.79,10.52
3553,692331208,64,58,3,120,82,192,112,208,198,333,2,115,22.04,-3.79,10.52
3554,692332208,54,60,2,104,79,171,113,209,199,329,2,119,22.04,-3.79,10.52
3555,692333208,52,60,3,112,90,167,109,211,193,328,3,115,22.04,-3.79,10.52
3556,692334208,52,53,1,136,103,171,108,207,202,310,3,113,22.04,-3.79,10.52
3557,692335204,47,53,2,127,106,171,107,213,195,315,2,114,31.08,0.5,19.22
3558,692336204,47,51,1,119,103,171,94,205,194,323,2,119,31.08,0.5,19.22
3559,692337204,43,48,2,107,106,174,91,204,197,339,3,112,31.08,0.5,19.22
3560,692338204,45,49,3,108,103,173,82,197,204,308,2,115,31.08,0.5,19.22
3561,692339204,37,49,1,106,103,162,77,186,202,317,2,107,31.08,0.5,19.22
3562,692340203,29,49,2,105,103,148,71,193,212,321,3,107,31.08,0.5,19.22
3563,692341204,24,49,3,92,104,147,73,205,231,322,2,109,31.08,0.5,19.22
3564,692342204,24,50,2,98,105,140,71,201,235,345,3,109,31.08,0.5,19.22
3565,692343204,22,50,1,84,104,138,69,199,238,341,2,109,31.08,0.5,19.22
3566,692345143,21,48,3,79,103,148,72,175,238,352,2,109,37.87,3.41,15.38
3567,692345632,10,42,3,54,107,150,73,99,242,386,3,96,37.87,3.41,15.38
3568,692346208,8,46,2,54,107,155,73,67,241,389,1,105,37.87,3.41,15.38
3569,692347208,3,49,2,48,106,161,59,73,251,386,2,104,37.87,3.41,15.38
3570,692348208,2,46,2,54,97,141,64,87,255,393,3,27,37.87,3.41,15.38
3571,692349208,7,46,2,51,103,153,53,78,260,386,3,3,37.87,3.41,15.38
3572,692352817,8,44,3,44,111,145,54,127,260,411,2,2,37.87,3.41,15.38
3573,692354968,17,40,1,19,117,173,53,152,270,412,2,2,37.87,3.41,15.38
3574,692355459,17,43,2,24,117,186,52,150,271,416,2,13,11.3,4.99,9.35
3575,692356208,18,46,2,25,124,180,54,149,272,418,2,60,11.3,4.99,9.35
3576,692357213,22,44,2,24,126,194,51,145,270,419,2,64,11.3,4.99,9.35
3577,692358208,22,46,1,26,133,192,54,144,262,395,2,56,11.3,4.99,9.35
3578,692359207,24,45,2,33,140,191,58,134,267,406,2,51,11.3,4.99,9.35
3579,692362577,29,16,2,37,143,183,52,142,274,399,2,42,11.3,4.99,9.35
3580,692365118,26,46,2,40,149,178,51,137,273,392,2,16,11.3,4.99,9.35
3581,692365601,41,44,2,49,148,181,53,138,270,384,2,3,-6.3,-5.04,-1.35
3582,692366204,27,49,2,51,150,176,53,143,267,384,2,2,-6.3,-5.04,-1.35
3583,692367205,31,48,1,41,148,181,53,154,268,381,2,2,-6.3,-5.04,-1.35
3584,692368204,34,47,1,27,149,178,51,152,266,374,2,2,-6.3,-5.04,-1.35
3585,692369204,28,46,2,34,149,180,48,163,268,368,2,2,-6.3,-5.04,-1.35
3586,692370204,28,47,2,45,163,182,53,161,264,372,2,2,-6.3,-5.04,-1.35
3587,692371204,26,50,3,43,162,174,55,150,265,374,2,2,-6.3,-5.04,-1.35
3588,692372204,28,47,2,26,161,179,50,149,268,384,3,2,-6.3,-5.04,-1.35
3589,692373204,29,48,2,55,151,171,52,160,268,389,2,2,-6.3,-5.04,-1.35
3590,692374204,36,52,3,60,169,172,52,162,270,391,3,2,-6.3,-5.04,-1.35
3591,692375204,32,53,3,65,166,174,48,158,269,384,2,3,-39.32,14.07,-0.25
3592,692376204,28,47,3,59,167,171,47,158,269,383,1,16,-39.32,14.07,-0.25
3593,692377204,27,53,3,55,165,172,48,146,265,384,2,13,-39.32,14.07,-0.25
3594,692378204,21,51,2,52,162,178,38,143,267,400,2,6,-39.32,14.07,-0.25
3595,692379204,19,52,3,62,162,181,46,150,269,397,3,16,-39.32,14.07,-0.25
3596,692380204,21,56,3,64,159,179,51,142,268,392,2,22,-39.32,14.07,-0.25
3597,692381204,27,52,2,58,161,176,47,157,267,387,2,18,-39.32,14.07,-0.25
3598,692382204,25,52,3,61,165,179,48,143,269,385,2,9,-39.32,14.07,-0.25
3599,692383203,26,57,2,54,151,179,60,147,272,384,2,7,-39.32,14.07,-0.25
3600,692384204,29,59,2,32,159,178,53,151,271,381,19,16,-39.32,14.07,-0.25
3601,692385208,26,54,2,40,153,185,55,167,274,376,15,13,-25.42,-6.62,34.52
3602,692386208,25,54,3,61,150,179,55,161,273,374,2,5,-25.42,-6.62,34.52
3603,692387208,26,57,2,62,149,182,54,161,269,374,2,2,-25.42,-6.62,34.52
3604,692388208,28,54,2,57,143,181,56,169,269,375,2,4,-25.42,-6.62,34.52
3605,692389208,29,59,2,61,147,181,59,168,267,376,2,1,-25.42,-6.62,34.52
3606,692390208,28,52,2,65,146,182,60,164,266,372,2,2,-25.42,-6.62,34.52
3607,692391208,34,58,1,62,148,186,65,162,268,371,2,2,-25.42,-6.62,34.52
3608,692392208,38,57,3,56,140,185,64,164,270,374,2,2,-25.42,-6.62,34.52
3609,692394898,30,53,3,76,148,188,62,158,266,374,2,2,-25.42,-6.62,34.52
3610,692395383,34,54,2,77,144,180,63,168,268,371,2,2,13.85,-9.49,9.16
3611,692396204,36,57,2,78,140,184,71,171,263,373,2,3,13.85,-9.49,9.16
3612,692397204,35,57,1,81,151,185,71,164,265,376,2,3,13.85,-9.49,9.16
3613,692398203,40,55,2,81,151,186,66,169,267,374,2,3,13.85,-9.49,9.16
3614,692399204,41,54,2,86,148,188,65,166,264,373,2,2,13.85,-9.49,9.16
3615,692402380,41,58,1,81,143,192,66,170,264,374,2,2,13.85,-9.49,9.16
3616,692404905,44,49,3,89,151,184,66,166,262,376,2,2,13.85,-9.49,9.16
3617,692405393,41,54,1,87,148,190,64,172,262,375,1,2,19.54,-6.58,-4.77
3618,692406208,38,66,2,94,146,189,64,171,264,376,2,3,19.54,-6.58,-4.77
3619,692407208,38,56,2,101,149,185,69,168,264,376,2,3,19.54,-6.58,-4.77
3620,692408208,42,64,2,93,149,194,65,168,264,377,2,2,19.54,-6.58,-4.77
3621,692409215,41,64,2,96,151,185,65,171,263,377,2,2,19.54,-6.58,-4.77
3622,692412607,44,55,1,101,153,193,66,165,262,375,2,2,19.54,-6.58,-4.77
3623,692415114,45,54,3,99,154,193,71,172,265,370,2,15,19.54,-6.58,-4.77
3624,692415599,48,63,2,102,148,189,70,169,264,372,2,17,14.14,0.43,-10.63
3625,692416204,48,67,2,104,153,187,72,157,264,372,3,16,14.14,0.43,-10.63
3626,692417204,49,61,3,102,153,188,70,168,264,370,2,15,14.14,0.43,-10.63
3627,692418204,44,59,4,96,148,191,69,169,265,369,2,8,14.14,0.43,-10.63
3628,692419203,51,61,2,93,150,192,66,170,262,374,1,2,14.14,0.43,-10.63
3629,692420204,48,61,3,96,158,188,67,173,262,376,2,3,14.14,0.43,-10.63
3630,692421204,46,65,1,101,147,191,65,172,262,374,12,3,14.14,0.43,-10.63
3631,692422203,44,59,2,93,151,191,69,171,262,372,14,3,14.14,0.43,-10.63
3632,692423203,43,60,1,103,150,194,66,174,263,377,10,2,14.14,0.43,-10.63
3633,692424204,46,60,2,101,148,194,69,173,262,377,6,2,14.14,0.43,-10.63
3634,692425208,47,65,1,102,152,192,69,171,264,380,9,2,7.04,0.29,-6.73
3635,692426207,45,65,2,98,150,192,63,170,264,384,9,3,7.04,0.29,-6.73
3636,692427208,49,66,3,98,159,191,61,169,264,386,11,2,7.04,0.29,-6.73
3637,692428208,49,63,3,100,159,190,64,171,265,387,11,2,7.04,0.29,-6.73
3638,692429208,48,60,2,95,149,189,63,171,264,387,11,2,7.04,0.29,-6.73
3639,692430208,46,64,2,95,149,192,63,171,265,389,13,3,7.04,0.29,-6.73
3640,692431208,49,62,2,101,150,193,66,171,261,391,13,2,7.04,0.29,-6.73
3641,692432208,47,59,2,104,146,192,63,173,260,392,14,2,7.04,0.29,-6.73
3642,692433207,49,62,2,104,148,193,63,171,259,394,15,2,7.04,0.29,-6.73
3643,692434208,47,66,2,100,142,192,63,173,260,394,16,3,7.04,0.29,-6.73
3644,692435207,51,59,1,105,146,184,67,169,260,395,16,2,6.29,0.29,12.73
3645,692436208,54,63,1,104,148,184,61,166,256,395,17,2,6.29,0.29,12.73
3646,692437208,48,67,2,103,149,191,63,170,251,408,16,2,6.29,0.29,12.73
3647,692438208,51,62,2,103,149,191,64,170,259,403,17,2,6.29,0.29,12.73
3648,692439208,50,59,3,100,146,189,56,170,250,402,16,3,6.29,0.29,12.73
3649,692440207,52,62,3,94,147,186,57,174,244,399,16,2,6.29,0.29,12.73
3650,692441208,54,57,2,100,148,186,57,170,246,402,19,2,6.29,0.29,12.73
3651,692442208,52,62,2,102,148,189,61,174,252,400,17,2,6.29,0.29,12.73
3652,692443208,50,63,2,99,145,188,63,172,251,405,17,3,6.29,0.29,12.73
3653,692444961,48,64,2,104,150,193,60,172,251,405,17,2,4.54,-5.46,3.08
3654,692445449,45,62,2,101,149,189,59,173,249,405,16,2,4.54,-5.46,3.08
3655,692446208,45,61,3,107,147,192,60,170,248,405,16,2,4.54,-5.46,3.08
3656,692447208,48,61,3,107,145,193,62,172,249,403,16,2,4.54,-5.46,3.08
3657,692448208,49,62,2,106,151,190,61,168,250,406,17,2,4.54,-5.46,3.08
3658,692449208,49,59,3,100,149,190,58,177,249,408,17,2,4.54,-5.46,3.08
3659,692452597,50,55,2,106,155,190,65,174,248,401,17,3,4.54,-5.46,3.08
3660,692454841,47,54,2,105,145,190,62,171,249,414,17,2,4.54,-5.46,3.08
3661,692455330,50,55,2,104,147,190,62,166,252,417,13,2,7.98,-12.42,3.66
3662,692456208,49,66,2,100,141,192,58,165,251,422,14,2,7.98,-12.42,3.66
3663,692457214,48,55,2,99,142,188,57,169,253,423,16,3,7.98,-12.42,3.66
3664,692458208,52,56,2,102,140,182,64,170,261,425,16,3,7.98,-12.42,3.66
3665,692459208,45,56,2,101,138,182,59,171,262,426,15,2,7.98,-12.42,3.66
3666,692462383,42,55,3,98,140,184,57,173,270,429,16,2,7.98,-12.42,3.66
3667,692464894,43,50,1,93,135,186,61,172,269,434,15,3,7.98,-12.42,3.66
3668,692465382,43,56,2,95,117,181,60,166,271,433,14,2,1.05,-19.65,-4.68
3669,692466208,38,55,1,96,126,178,57,164,271,435,13,3,1.05,-19.65,-4.68
3670,692467207,40,52,1,97,124,183,61,164,272,436,4,3,1.05,-19.65,-4.68
3671,692468208,36,52,3,98,121,176,60,164,271,436,5,2,1.05,-19.65,-4.68
3672,692469208,36,54,2,91,126,180,61,167,276,436,12,2,1.05,-19.65,-4.68
3673,692470208,33,54,3,95,115,179,57,169,274,437,13,3,1.05,-19.65,-4.68
3674,692471208,37,57,1,92,121,182,58,167,278,436,16,2,1.05,-19.65,-4.68
3675,692472208,34,55,1,100,120,181,64,170,280,437,16,2,1.05,-19.65,-4.68
3676,692473208,37,57,3,97,122,179,58,171,276,438,17,2,1.05,-19.65,-4.68
3677,692474208,35,57,1,99,125,178,61,171,279,438,18,3,1.05,-19.65,-4.68
3678,692475208,32,58,3,97,118,182,54,168,276,438,18,2,1.05,-19.65,-4.68
3679,692476208,35,54,3,97,121,180,56,169,273,438,17,2,-2.29,-17.68,0.57
3680,692477208,34,56,3,95,118,181,58,168,283,439,16,3,-2.29,-17.68,0.57
3681,692478208,35,53,3,96,126,181,56,168,280,439,16,3,-2.29,-17.68,0.57
3682,692479208,34,53,2,101,120,182,55,170,277,440,14,2,-2.29,-17.68,0.57
3683,692480212,32,49,2,93,119,181,54,170,280,439,11,2,-2.29,-17.68,0.57
3684,692481208,36,50,2,99,122,185,55,169,278,440,12,3,-2.29,-17.68,0.57
3685,692482207,34,50,2,100,124,185,52,171,272,440,10,2,-2.29,-17.68,0.57
3686,692483208,36,50,2,97,127,185,53,170,275,439,7,2,-2.29,-17.68,0.57
3687,692484208,34,47,2,100,125,181,54,169,274,439,9,2,-2.29,-17.68,0.57
3688,692485208,35,49,2,93,123,185,56,167,270,438,13,2,-2.29,-17.68,0.57
3689,692486208,30,50,3,100,127,186,55,172,271,439,2,2,-14.83,-15.34,1.8
3690,692487208,34,49,3,93,123,180,54,173,268,439,2,2,-14.83,-15.34,1.8
3691,692488208,33,50,2,94,122,180,57,173,272,439,2,2,-14.83,-15.34,1.8
3692,692489208,33,51,1,99,128,178,57,171,271,438,1,2,-14.83,-15.34,1.8
3693,692490208,34,49,3,100,128,181,55,172,270,438,2,2,-14.83,-15.34,1.8
3694,692491208,35,49,2,91,126,178,55,170,269,438,2,2,-14.83,-15.34,1.8
3695,692492212,31,48,2,91,122,185,54,172,267,437,2,2,-14.83,-15.34,1.8
3696,692494888,30,49,3,88,116,182,52,174,269,437,3,3,-14.83,-15.34,1.8
3697,692495376,30,47,1,98,117,179,53,174,266,435,2,2,-17.44,7.49,4.22
3698,692496208,31,48,3,99,119,182,54,172,265,433,3,2,-17.44,7.49,4.22
3699,692497208,29,46,2,98,118,180,56,169,269,435,1,3,-17.44,7.49,4.22
3700,692498208,28,45,2,88,118,178,53,172,268,435,2,3,-17.44,7.49,4.22
3701,692499208,30,46,2,98,117,188,53,171,269,435,2,2,-17.44,7.49,4.22
3702,692502376,27,46,2,88,120,183,53,167,267,435,2,2,-17.44,7.49,4.22
3703,692504835,24,41,2,97,119,182,58,172,267,437,2,2,-17.44,7.49,4.22
3704,692505323,25,44,3,97,115,181,55,170,267,437,2,2,-1.83,0.11,2.3
3705,692506208,24,46,2,97,126,181,53,169,268,438,2,2,-1.83,0.11,2.3
3706,692507208,23,50,1,101,114,179,53,169,269,435,2,2,-1.83,0.11,2.3
3707,692508207,23,46,3,96,119,180,52,171,265,437,3,3,-1.83,0.11,2.3
3708,692509208,23,47,3,96,115,184,50,172,271,436,2,3,-1.83,0.11,2.3
3709,692512380,23,49,2,97,118,180,51,173,267,437,2,2,-1.83,0.11,2.3
3710,692514892,23,45,3,89,115,187,56,171,270,437,13,2,-1.83,0.11,2.3
3711,692515380,23,46,2,93,116,183,51,173,270,438,16,2,2.84,-17.42,5.14
3712,692516208,22,46,1,92,118,180,52,173,266,435,17,2,2.84,-17.42,5.14
3713,692517207,22,46,1,86,115,181,51,172,271,437,2,3,2.84,-17.42,5.14
3714,692518208,18,48,2,86,116,182,51,171,268,437,2,2,2.84,-17.42,5.14
3715,692519208,17,47,2,86,115,181,54,169,268,437,2,2,2.84,-17.42,5.14
3716,692520218,19,48,3,88,120,183,51,171,269,436,2,3,2.84,-17.42,5.14
3717,692521208,20,44,3,88,117,183,52,173,269,437,2,3,2.84,-17.42,5.14
3718,692522208,22,48,3,86,117,183,51,173,268,436,2,3,2.84,-17.42,5.14
3719,692523214,23,46,1,89,114,180,49,173,270,436,1,2,2.84,-17.42,5.14
3720,692524208,25,48,2,86,121,178,53,172,265,438,2,3,2.84,-17.42,5.14
3721,692525211,26,48,4,87,116,184,54,171,267,437,2,2,2.84,-17.42,5.14
3722,692526210,24,44,2,85,116,179,54,171,266,436,2,2,9.31,-8.07,6.6
3723,692527208,25,48,2,87,114,188,51,174,269,435,2,2,9.31,-8.07,6.6
3724,692528213,24,45,3,85,119,181,51,171,265,435,2,3,9.31,-8.07,6.6
3725,692529208,25,46,2,90,113,182,53,172,265,435,2,2,9.31,-8.07,6.6
3726,692530208,25,49,2,86,117,186,53,170,269,434,2,2,9.31,-8.07,6.6
3727,692531209,25,46,1,88,116,181,54,172,267,434,2,2,9.31,-8.07,6.6
3728,692532208,26,48,2,85,121,178,55,171,266,432,2,2,9.31,-8.07,6.6
3729,692533211,25,49,3,86,115,178,52,175,266,432,2,2,9.31,-8.07,6.6
3730,692534208,21,49,3,87,121,182,51,171,264,430,2,1,9.31,-8.07,6.6
3731,692535218,21,49,3,87,121,182,54,172,263,431,2,3,9.31,-8.07,6.6
3732,692536208,21,47,2,87,120,186,54,173,268,429,2,2,3.73,-13.09,-2.26
3733,692537215,21,51,2,89,115,178,51,167,268,428,2,2,3.73,-13.09,-2.26
3734,692538212,22,48,3,87,115,178,49,165,264,427,2,2,3.73,-13.09,-2.26
3735,692539209,23,49,2,85,113,181,49,164,263,426,2,3,3.73,-13.09,-2.26
3736,692540208,23,49,3,86,111,182,52,165,266,427,2,2,3.73,-13.09,-2.26
3737,692541210,22,46,1,85,117,184,54,162,264,426,1,2,3.73,-13.09,-2.26
3738,692542208,23,47,1,88,115,182,49,162,265,426,2,2,3.73,-13.09,-2.26
3739,692543399,23,49,1,90,115,186,49,162,264,426,2,2,3.73,-13.09,-2.26
3740,692544973,23,47,2,82,111,185,50,167,264,426,2,2,-0.72,-3.85,0.84
3741,692545461,22,45,3,85,112,184,46,167,265,425,2,2,-0.72,-3.85,0.84
3742,692546208,20,48,2,86,116,183,46,167,265,426,2,2,-0.72,-3.85,0.84
3743,692547210,18,51,2,87,114,183,47,167,266,425,2,2,-0.72,-3.85,0.84
3744,692548208,16,47,2,85,112,180,48,163,262,425,2,3,-0.72,-3.85,0.84
3745,692549212,17,48,2,83,113,186,48,163,268,423,2,2,-0.72,-3.85,0.84
3746,692552578,17,48,3,88,114,178,49,163,267,425,2,2,-0.72,-3.85,0.84
3747,692554747,13,44,2,88,112,182,45,168,267,425,2,2,-0.72,-3.85,0.84
3748,692555236,12,47,2,86,116,186,46,169,271,423,2,2,-5.71,0.01,-0.45
3749,692556208,11,50,2,88,111,186,45,171,271,425,2,2,-5.71,0.01,-0.45
3750,692557208,10,45,2,82,116,181,46,171,272,425,1,2,-5.71,0.01,-0.45
3751,692558208,11,47,2,89,113,182,43,170,271,425,2,2,-5.71,0.01,-0.45
3752,692559208,13,42,3,89,117,186,46,170,268,426,16,2,-5.71,0.01,-0.45
3753,692562380,12,48,2,89,120,182,43,171,271,426,16,2,-5.71,0.01,-0.45
3754,692564907,12,42,2,88,113,183,45,169,272,425,17,2,-5.71,0.01,-0.45
3755,692565396,14,44,2,84,112,182,44,171,273,425,18,3,-0.28,-7.39,2.13
3756,692566209,14,48,3,82,120,188,44,172,267,422,17,3,-0.28,-7.39,2.13
3757,692567208,13,45,2,82,115,188,40,171,269,426,18,2,-0.28,-7.39,2.13
3758,692568213,14,45,3,84,118,184,46,171,265,426,17,2,-0.28,-7.39,2.13
3759,692569208,14,44,3,83,116,182,46,171,269,426,18,3,-0.28,-7.39,2.13
3760,692570214,12,44,2,82,121,183,45,172,278,428,18,3,-0.28,-7.39,2.13
3761,692571207,11,46,3,82,111,182,45,173,279,427,17,2,-0.28,-7.39,2.13
3762,692572212,13,44,2,84,112,188,46,173,270,428,17,2,-0.28,-7.39,2.13
3763,692573208,13,47,2,86,116,184,46,173,273,428,17,2,-0.28,-7.39,2.13
3764,692574208,10,47,2,79,118,180,44,173,269,428,18,3,-0.28,-7.39,2.13
3765,692575216,10,47,1,83,114,179,48,170,272,428,18,2,4.43,-6.57,2.15
3766,692576208,9,44,2,86,113,185,48,173,273,431,19,2,4.43,-6.57,2.15
3767,692577208,10,47,3,82,113,182,46,172,276,432,17,2,4.43,-6.57,2.15
3768,692578208,9,48,2,83,114,181,48,171,272,432,15,3,4.43,-6.57,2.15
3769,692579208,9,44,3,80,115,186,48,169,273,433,17,2,4.43,-6.57,2.15
3770,692580209,9,45,2,81,117,181,48,171,276,434,16,3,4.43,-6.57,2.15
3771,692581208,11,47,2,82,115,177,47,171,273,433,15,2,4.43,-6.57,2.15
3772,692582213,11,45,2,82,113,178,49,170,272,431,14,2,4.43,-6.57,2.15
3773,692583208,12,48,3,85,110,185,50,172,273,434,16,2,4.43,-6.57,2.15
3774,692584215,14,43,3,89,113,183,51,173,280,434,15,2,4.43,-6.57,2.15
3775,692585216,14,43,1,86,114,185,49,171,276,436,16,2,0.5,-6.14,3.22
3776,692586204,16,46,3,86,116,180,48,171,275,435,16,2,0.5,-6.14,3.22
3777,692587207,15,43,3,84,112,179,47,170,277,435,17,2,0.5,-6.14,3.22
3778,692588204,19,46,3,82,115,182,46,170,279,435,17,2,0.5,-6.14,3.22
3779,692589210,23,49,1,83,119,182,46,174,276,434,16,2,0.5,-6.14,3.22
3780,692590203,27,48,3,80,118,179,46,169,271,434,15,3,0.5,-6.14,3.22
3781,692591204,27,51,2,88,116,179,46,166,276,434,2,2,0.5,-6.14,3.22
3782,692592204,35,56,1,83,113,180,44,167,275,434,2,3,0.5,-6.14,3.22
3783,692594718,35,49,1,84,109,178,47,168,272,435,2,3,0.5,-6.14,3.22
3784,692595204,45,61,3,81,112,181,47,168,276,434,2,2,-4.1,-10.7,-7.77
3785,692595688,49,60,2,83,113,182,45,167,276,434,2,2,-4.1,-10.7,-7.77
3786,692596204,47,65,3,82,114,180,40,170,273,431,2,2,-4.1,-10.7,-7.77
3787,692597208,47,66,3,88,108,184,43,169,273,429,2,4,-4.1,-10.7,-7.77
3788,692598203,50,66,1,85,109,184,43,171,270,428,2,2,-4.1,-10.7,-7.77
3789,692599204,51,66,1,81,112,180,44,168,265,426,1,2,-4.1,-10.7,-7.77
3790,692602600,54,68,2,81,111,186,40,170,271,422,2,2,-4.1,-10.7,-7.77
3791,692604741,63,61,2,84,109,179,46,169,267,421,9,3,-4.1,-10.7,-7.77
3792,692605229,58,66,1,81,111,179,44,172,272,421,4,2,-3.96,-15.3,6.16
3793,692606208,56,65,2,81,108,176,44,172,270,420,2,3,-3.96,-15.3,6.16
3794,692607207,63,73,1,83,110,179,44,170,270,420,1,3,-3.96,-15.3,6.16
3795,692608208,61,70,2,83,112,178,43,167,268,418,2,2,-3.96,-15.3,6.16
3796,692609208,69,79,3,84,108,185,47,172,268,418,2,2,-3.96,-15.3,6.16
3797,692612379,62,76,1,84,111,186,48,172,268,417,2,2,-3.96,-15.3,6.16
3798,692614874,67,79,2,85,108,180,46,172,265,418,2,2,-3.96,-15.3,6.16
3799,692615357,70,87,2,86,110,180,46,168,270,419,18,2,1.79,-19.28,6.23
3800,692616204,70,91,1,85,105,182,44,168,268,419,17,2,1.79,-19.28,6.23
3801,692617209,69,84,1,81,107,182,44,169,268,419,19,2,1.79,-19.28,6.23
3802,692618260,78,95,1,85,107,183,46,173,266,416,19,3,1.79,-19.28,6.23
3803,692619204,76,86,2,83,110,179,46,175,267,419,2,2,1.79,-19.28,6.23
3804,692620204,72,92,2,84,112,181,44,175,266,416,4,3,1.79,-19.28,6.23
3805,692621204,77,96,2,83,108,179,47,176,268,417,1,2,1.79,-19.28,6.23
3806,692622206,75,89,3,81,107,183,45,170,269,419,19,2,1.79,-19.28,6.23
3807,692623204,79,97,3,82,108,183,49,173,268,418,18,2,1.79,-19.28,6.23
3808,692624208,78,89,1,85,107,183,46,173,268,417,19,2,1.79,-19.28,6.23
3809,692625211,78,94,2,83,109,185,48,174,270,416,2,2,-0.53,-18.17,-10.75
3810,692626205,81,91,2,86,107,183,49,171,270,419,2,2,-0.53,-18.17,-10.75
3811,692627204,82,98,2,81,109,181,46,174,269,417,2,2,-0.53,-18.17,-10.75
3812,692628210,80,95,2,80,108,183,46,173,264,417,2,2,-0.53,-18.17,-10.75
3813,692629207,81,102,3,83,110,182,50,172,269,416,2,2,-0.53,-18.17,-10.75
3814,692630205,81,96,3,78,108,187,53,172,270,418,2,2,-0.53,-18.17,-10.75
3815,692631204,79,92,1,80,106,182,54,170,265,417,2,2,-0.53,-18.17,-10.75
3816,692632205,79,104,2,83,106,181,51,176,265,417,2,2,-0.53,-18.17,-10.75
3817,692633204,78,100,1,78,106,182,56,174,265,417,2,3,-0.53,-18.17,-10.75
3818,692634204,84,100,1,78,111,187,51,175,264,418,2,2,-0.53,-18.17,-10.75
3819,692635220,85,103,1,79,106,186,53,175,265,416,2,3,-8.71,-18.09,-5.44
3820,692636204,83,104,2,80,105,183,54,175,263,416,2,3,-8.71,-18.09,-5.44
3821,692637204,85,104,2,80,108,183,55,176,263,416,3,2,-8.71,-18.09,-5.44
3822,692638204,88,105,2,77,110,183,56,173,263,416,2,3,-8.71,-18.09,-5.44
3823,692639203,83,103,2,79,106,189,55,174,263,416,2,2,-8.71,-18.09,-5.44
3824,692640204,83,104,1,79,104,186,56,177,266,416,2,2,-8.71,-18.09,-5.44
3825,692641203,87,103,2,79,111,182,58,175,265,417,2,2,-8.71,-18.09,-5.44
3826,692642204,85,103,3,77,109,183,56,175,262,416,2,2,-8.71,-18.09,-5.44
3827,692643203,90,99,4,83,106,185,59,173,264,417,2,2,-8.71,-18.09,-5.44
3828,692644944,79,105,3,81,109,188,58,174,264,416,2,2,-4.07,-9.99,-12.88
3829,692645433,86,98,3,80,107,178,63,176,264,417,2,2,-4.07,-9.99,-12.88
3830,692646209,79,99,3,82,108,187,59,172,265,416,2,2,-4.07,-9.99,-12.88
3831,692647208,86,97,1,79,110,183,56,170,264,416,2,2,-4.07,-9.99,-12.88
3832,692648208,83,99,1,81,106,181,56,171,265,416,2,3,-4.07,-9.99,-12.88
3833,692649208,81,104,2,81,106,183,57,173,266,415,3,3,-4.07,-9.99,-12.88
3834,692652599,80,103,2,80,110,188,61,176,265,417,2,1,-4.07,-9.99,-12.88
3835,692654768,79,101,2,84,107,185,59,178,263,415,2,2,-4.07,-9.99,-12.88
3836,692655255,84,96,2,78,111,185,63,172,267,416,2,2,-2.72,-12.74,-3.67
3837,692656208,80,102,1,77,110,184,65,168,263,416,2,2,-2.72,-12.74,-3.67
3838,692657207,84,101,2,81,106,180,60,174,262,415,2,2,-2.72,-12.74,-3.67
3839,692658208,87,101,2,84,110,185,60,172,262,415,2,2,-2.72,-12.74,-3.67
3840,692659207,84,104,2,81,105,183,64,177,267,417,2,2,-2.72,-12.74,-3.67
3841,692662797,86,103,3,86,110,187,60,172,266,416,2,3,-2.72,-12.74,-3.67
3842,692664954,84,102,2,83,107,177,64,176,267,415,3,3,-2.72,-12.74,-3.67
3843,692665437,91,101,2,79,110,187,57,176,266,416,2,2,-3.97,-6.66,-4.4
3844,692666203,84,103,1,84,107,186,61,177,266,416,2,2,-3.97,-6.66,-4.4
3845,692667203,87,98,3,79,106,188,62,173,263,416,2,3,-3.97,-6.66,-4.4
3846,692668203,85,100,3,82,104,188,59,177,263,416,2,3,-3.97,-6.66,-4.4
3847,692669203,91,105,1,83,109,180,57,177,263,416,2,2,-3.97,-6.66,-4.4
3848,692670203,87,99,2,79,108,180,55,176,263,416,2,2,-3.97,-6.66,-4.4
3849,692671204,82,101,2,82,106,179,57,176,266,416,1,3,-3.97,-6.66,-4.4
3850,692672203,92,100,2,79,108,186,58,172,264,417,2,2,-3.97,-6.66,-4.4
3851,692673204,86,103,1,78,109,188,56,174,266,416,2,2,-3.97,-6.66,-4.4
3852,692674204,82,105,2,81,110,185,57,175,262,417,2,3,-3.97,-6.66,-4.4
3853,692675208,86,109,3,80,112,185,55,174,262,416,3,2,-2.34,-6.79,-6.44
3854,692676209,85,104,1,77,107,189,53,174,265,418,2,1,-2.34,-6.79,-6.44
3855,692677208,83,105,2,80,110,182,56,176,265,418,2,2,-2.34,-6.79,-6.44
3856,692678208,88,102,1,78,108,182,59,172,266,418,2,2,-2.34,-6.79,-6.44
3857,692679208,85,109,2,76,108,184,57,173,266,417,2,2,-2.34,-6.79,-6.44
3858,692680208,90,104,3,79,109,187,56,178,265,417,2,3,-2.34,-6.79,-6.44
3859,692681208,84,106,2,80,108,186,55,178,266,418,2,2,-2.34,-6.79,-6.44
3860,692682208,83,108,1,85,110,188,55,174,266,418,2,2,-2.34,-6.79,-6.44
3861,692683208,93,107,2,80,109,188,55,176,266,418,2,2,-2.34,-6.79,-6.44
3862,692684208,87,111,2,78,108,185,55,174,266,416,2,3,-2.34,-6.79,-6.44
3863,692685208,85,111,1,84,108,182,59,173,266,417,1,2,-6.1,-3.01,-2.74
3864,692686208,91,110,1,85,108,184,53,175,263,414,2,2,-6.1,-3.01,-2.74
3865,692687208,93,105,2,79,108,182,54,171,266,414,2,3,-6.1,-3.01,-2.74
3866,692688208,91,107,2,80,108,184,58,173,263,414,2,2,-6.1,-3.01,-2.74
3867,692689207,87,106,2,80,112,188,55,175,266,417,2,2,-6.1,-3.01,-2.74
3868,692690208,91,108,2,80,108,182,55,172,266,414,2,3,-6.1,-3.01,-2.74
3869,692691224,91,105,2,85,111,184,53,174,265,415,2,3,-6.1,-3.01,-2.74
3870,692692208,86,108,3,81,107,180,53,172,265,414,2,2,-6.1,-3.01,-2.74
3871,692694715,90,107,1,79,107,183,55,173,265,415,1,2,-6.1,-3.01,-2.74
3872,692695220,91,100,2,82,110,179,50,172,267,412,2,2,-4.36,-10.22,-4.51
3873,692695725,91,103,3,82,104,180,52,172,267,411,2,2,-4.36,-10.22,-4.51
3874,692696230,82,104,3,81,108,182,51,171,263,411,2,2,-4.36,-10.22,-4.51
3875,692697208,86,100,2,80,109,183,50,171,263,411,2,3,-4.36,-10.22,-4.51
3876,692698223,88,101,1,83,109,182,53,168,266,412,2,2,-4.36,-10.22,-4.51
3877,692699224,92,105,3,79,108,182,53,168,263,412,2,1,-4.36,-10.22,-4.51
3878,692702376,89,109,2,80,107,182,55,166,263,413,2,2,-4.36,-10.22,-4.51
3879,692704701,95,96,2,82,110,180,53,173,263,410,2,2,-4.36,-10.22,-4.51
3880,692705189,94,106,2,83,109,188,56,170,266,411,2,2,1.6,-13.21,-3.43
3881,692705677,90,101,2,83,109,186,58,172,264,412,2,2,1.6,-13.21,-3.43
3882,692706209,94,106,3,83,110,187,57,171,266,412,2,2,1.6,-13.21,-3.43
3883,692707208,88,107,1,81,109,187,55,175,267,412,3,3,1.6,-13.21,-3.43
3884,692708212,85,105,3,83,112,188,54,175,266,412,2,2,1.6,-13.21,-3.43
3885,692709208,85,109,2,81,109,180,53,172,266,412,3,2,1.6,-13.21,-3.43
3886,692712593,87,96,2,79,108,185,53,174,267,413,2,2,1.6,-13.21,-3.43
3887,692714885,89,106,1,82,111,186,52,175,262,412,2,2,1.6,-13.21,-3.43
3888,692715389,94,99,3,78,108,184,53,172,265,413,2,2,-9.92,-5.65,-5.27
3889,692716208,94,100,3,80,109,185,56,174,263,413,2,2,-9.92,-5.65,-5.27
3890,692717208,94,103,3,86,112,185,54,174,266,412,3,2,-9.92,-5.65,-5.27
3891,692718208,92,104,3,80,108,181,54,175,263,413,2,2,-9.92,-5.65,-5.27
3892,692719208,86,101,3,82,109,188,53,176,263,412,2,2,-9.92,-5.65,-5.27
3893,692720228,83,96,2,86,107,189,57,175,264,412,2,2,-9.92,-5.65,-5.27
3894,692721208,84,97,1,87,108,181,50,176,264,413,2,2,-9.92,-5.65,-5.27
3895,692722208,87,102,3,83,109,181,51,174,264,413,2,2,-9.92,-5.65,-5.27
3896,692723223,90,98,2,79,111,187,53,173,263,413,2,2,-9.92,-5.65,-5.27
3897,692724479,85,91,3,85,109,183,51,176,264,412,3,2,-9.92,-5.65,-5.27
3898,692725208,84,101,2,84,112,188,51,177,264,413,2,2,-4.01,-2.06,-2.91
3899,692726224,86,94,2,85,110,181,51,174,264,413,2,2,-4.01,-2.06,-2.91
3900,692727224,95,100,3,81,108,181,51,176,261,412,2,2,-4.01,-2.06,-2.91
3901,692728208,83,100,1,81,109,187,49,177,264,413,2,2,-4.01,-2.06,-2.91
3902,692729224,89,92,2,76,108,182,58,179,266,413,2,2,-4.01,-2.06,-2.91
3903,692730208,92,89,4,77,109,184,55,178,265,411,2,2,-4.01,-2.06,-2.91
3904,692731208,85,88,1,78,108,185,53,179,263,414,2,3,-4.01,-2.06,-2.91
3905,692732208,81,93,1,82,108,187,53,175,264,411,15,2,-4.01,-2.06,-2.91
3906,692733207,85,88,1,79,107,189,55,176,265,413,16,3,-4.01,-2.06,-2.91
3907,692734456,83,98,3,78,112,181,53,175,266,412,15,2,-4.01,-2.06,-2.91
3908,692735208,83,87,1,79,109,187,52,179,266,413,16,2,1.93,-4.14,-5.62
3909,692736208,84,96,2,80,110,182,51,179,264,411,17,2,1.93,-4.14,-5.62
3910,692737208,83,98,1,79,109,188,50,176,267,412,16,2,1.93,-4.14,-5.62
3911,692738208,81,94,3,78,107,186,54,178,264,411,18,2,1.93,-4.14,-5.62
3912,692739211,81,89,2,80,110,185,52,180,266,412,18,2,1.93,-4.14,-5.62
3913,692740207,85,90,3,78,108,187,53,175,262,411,18,3,1.93,-4.14,-5.62
3914,692741208,84,89,2,76,110,188,57,179,262,411,17,2,1.93,-4.14,-5.62
3915,692742208,85,88,2,81,109,186,52,176,265,411,17,2,1.93,-4.14,-5.62
3916,692744704,78,87,2,80,107,182,54,175,267,412,17,3,1.93,-4.14,-5.62
3917,692745189,80,96,2,85,113,183,58,169,266,412,17,2,0.62,-8.07,-3.8
3918,692745673,83,94,2,80,110,180,55,177,267,413,17,2,0.62,-8.07,-3.8
3919,692746204,85,97,2,81,110,182,51,171,267,413,16,2,0.62,-8.07,-3.8
3920,692747203,89,98,2,83,108,178,58,172,262,412,15,2,0.62,-8.07,-3.8
3921,692748203,82,87,1,80,108,180,52,168,266,412,15,2,0.62,-8.07,-3.8
3922,692749203,85,92,1,80,108,183,57,166,263,413,13,2,0.62,-8.07,-3.8
3923,692752379,85,99,2,84,111,179,55,165,266,412,14,2,0.62,-8.07,-3.8
3924,692754625,88,89,1,80,110,183,55,170,265,412,1,2,0.62,-8.07,-3.8
3925,692755109,85,88,2,82,108,183,54,171,265,414,2,2,-3.72,-6.6,-4.96
3926,692755592,85,98,1,84,108,179,54,172,262,412,2,2,-3.72,-6.6,-4.96
3927,692756203,82,96,1,83,111,181,57,171,265,412,2,2,-3.72,-6.6,-4.96
3928,692757205,83,88,3,83,109,183,54,173,266,413,2,2,-3.72,-6.6,-4.96
3929,692758204,85,91,2,81,108,184,56,173,267,413,16,3,-3.72,-6.6,-4.96
3930,692759207,84,89,1,85,113,187,53,172,265,412,15,3,-3.72,-6.6,-4.96
3931,692762389,84,90,1,78,114,182,54,175,263,412,16,2,-3.72,-6.6,-4.96
3932,692764832,84,88,1,82,110,180,57,179,266,414,2,2,-3.72,-6.6,-4.96
3933,692765320,85,96,3,81,114,186,52,178,266,414,2,2,-3.83,-7.9,-3.32
3934,692766208,80,88,2,83,110,187,55,179,266,414,2,2,-3.83,-7.9,-3.32
3935,692767208,81,88,1,79,108,183,55,176,266,412,2,2,-3.83,-7.9,-3.32
3936,692768208,82,92,1,80,109,185,49,174,266,412,3,2,-3.83,-7.9,-3.32
3937,692769208,81,92,3,84,110,187,53,181,264,413,4,2,-3.83,-7.9,-3.32
3938,692770208,83,88,2,82,108,188,54,174,266,414,4,3,-3.83,-7.9,-3.32
3939,692771208,81,97,3,80,107,189,52,176,266,413,5,2,-3.83,-7.9,-3.32
3940,692772208,84,97,2,80,110,183,53,176,267,412,4,3,-3.83,-7.9,-3.32
3941,692773208,81,93,2,80,109,186,54,178,267,414,4,3,-3.83,-7.9,-3.32
3942,692774467,88,98,1,81,111,186,52,177,265,412,3,3,-3.83,-7.9,-3.32
3943,692775208,81,90,2,82,111,184,52,177,266,412,2,2,-3.49,-7.44,-2.66
3944,692776208,84,94,2,81,110,188,58,174,264,411,2,3,-3.49,-7.44,-2.66
3945,692777208,84,99,2,81,112,188,55,179,265,413,2,3,-3.49,-7.44,-2.66
3946,692778208,82,92,1,81,109,187,55,175,262,412,2,2,-3.49,-7.44,-2.66
3947,692779209,79,89,2,79,112,183,53,179,262,412,2,2,-3.49,-7.44,-2.66
3948,692780208,82,100,1,82,110,188,55,178,262,414,2,2,-3.49,-7.44,-2.66
3949,692781208,82,96,1,78,107,184,53,181,267,412,2,3,-3.49,-7.44,-2.66
3950,692782208,82,94,1,83,107,183,58,179,264,413,1,3,-3.49,-7.44,-2.66
