8000,1212187890,25,62,9,52,188,236,56,178,275,409,31,45,-6.94,-4.47,5.27
8001,1212188404,24,65,9,52,182,236,56,178,280,408,31,45,-6.94,-4.47,5.27
8002,1212189195,25,62,9,51,184,236,58,180,277,408,31,45,-6.94,-4.47,5.27
8003,1212190203,24,60,8,51,182,235,58,183,274,409,36,47,-6.94,-4.47,5.27
8004,1212191201,24,61,9,50,188,235,57,180,279,410,31,44,-6.94,-4.47,5.27
8005,1212192196,24,67,9,51,182,236,57,178,273,410,30,45,-6.94,-4.47,5.27
8006,1212195469,25,66,9,53,188,237,55,178,275,408,31,44,-6.94,-4.47,5.27
8007,1212197413,25,62,8,50,187,236,55,179,275,407,30,44,-6.94,-4.47,5.27
8008,1212197926,24,64,9,52,181,237,56,178,275,408,30,45,-6.91,-4.46,5.24
8009,1212198439,25,61,9,53,185,235,59,180,275,410,31,44,-6.91,-4.46,5.24
8010,1212199195,24,65,8,51,186,235,56,178,278,409,31,44,-6.91,-4.46,5.24
8011,1212200195,24,61,7,51,183,236,56,176,280,410,31,43,-6.91,-4.46,5.24
8012,1212201196,24,61,8,50,188,237,55,180,275,410,31,45,-6.91,-4.46,5.24
8013,1212202195,25,63,9,51,185,236,56,178,276,410,30,45,-6.91,-4.46,5.24
8014,1212204916,24,60,9,50,183,233,55,178,276,410,30,43,-6.91,-4.46,5.24
8015,1212207426,24,57,8,50,188,236,56,179,278,409,31,45,-6.91,-4.46,5.24
8016,1212207938,24,59,9,51,188,237,59,180,277,408,30,45,-6.94,-4.47,5.23
8017,1212208452,25,66,9,50,187,236,58,179,277,409,30,44,-6.94,-4.47,5.23
8018,1212209195,24,63,9,52,185,237,56,176,277,409,30,45,-6.94,-4.47,5.23
8019,1212210195,24,59,9,52,186,237,58,178,272,409,31,45,-6.94,-4.47,5.23
8020,1212211196,25,59,9,52,187,236,58,180,276,408,31,45,-6.94,-4.47,5.23
8021,1212212195,24,59,8,50,180,235,56,176,274,408,30,43,-6.94,-4.47,5.23
8022,1212213196,25,64,9,52,188,237,57,178,275,409,31,45,-6.94,-4.47,5.23
8023,1212214196,24,63,8,49,184,235,57,177,275,409,36,46,-6.94,-4.47,5.23
8024,1212215196,24,64,8,50,182,236,55,175,275,407,30,45,-6.94,-4.47,5.23
8025,1212216196,25,61,9,53,186,234,57,180,276,407,29,44,-6.94,-4.47,5.23
8026,1212217456,24,57,9,52,184,235,55,178,276,409,30,45,-6.94,-4.47,5.23
8027,1212218196,24,56,9,50,188,235,60,177,279,409,30,45,-6.93,-4.46,5.21
8028,1212219195,25,61,9,51,182,236,57,180,274,408,31,45,-6.93,-4.46,5.21
8029,1212220195,25,58,9,53,183,235,55,177,278,407,30,43,-6.93,-4.46,5.21
8030,1212221195,25,60,9,51,184,234,57,178,276,407,30,44,-6.93,-4.46,5.21
8031,1212222196,25,58,7,51,187,236,59,177,280,408,30,44,-6.93,-4.46,5.21
8032,1212225364,25,61,9,49,187,235,59,179,275,409,31,44,-6.93,-4.46,5.21
8033,1212227312,25,56,8,49,183,235,57,181,280,406,31,47,-6.93,-4.46,5.21
8034,1212227824,24,63,8,51,186,234,58,178,280,407,36,47,-6.91,-4.48,5.24
8035,1212228343,24,65,9,50,179,235,55,177,276,407,30,44,-6.91,-4.48,5.24
8036,1212229196,25,58,7,54,188,235,58,177,276,408,30,43,-6.91,-4.48,5.24
8037,1212230196,25,65,8,50,182,235,60,180,275,407,30,45,-6.91,-4.48,5.24
8038,1212231195,24,58,8,50,180,235,55,180,278,410,30,43,-6.91,-4.48,5.24
8039,1212232196,24,61,9,50,185,235,54,180,278,409,30,45,-6.91,-4.48,5.24
8040,1212235648,24,61,9,51,181,237,55,179,275,408,30,45,-6.91,-4.48,5.24
8041,1212237398,25,58,8,52,188,236,55,177,272,409,30,45,-6.91,-4.48,5.24
8042,1212237911,25,64,9,52,188,236,56,176,275,410,30,45,-6.9,-4.49,5.31
8043,1212238424,25,61,9,53,188,236,58,180,275,410,30,45,-6.9,-4.49,5.31
8044,1212239196,25,59,9,52,188,237,57,180,275,410,30,45,-6.9,-4.49,5.31
8045,1212240195,25,62,8,51,185,236,56,180,271,407,29,47,-6.9,-4.49,5.31
8046,1212241196,25,61,8,50,181,234,61,180,278,409,30,44,-6.9,-4.49,5.31
8047,1212242196,24,64,9,50,181,236,55,179,279,410,30,45,-6.9,-4.49,5.31
8048,1212245365,24,66,9,49,187,236,55,180,273,410,30,45,-6.9,-4.49,5.31
8049,1212247339,24,56,9,51,188,236,55,179,275,409,30,45,-6.9,-4.49,5.31
8050,1212247852,25,59,9,52,187,236,55,179,277,408,30,45,-6.92,-4.48,5.24
8051,1212248365,25,66,9,50,187,236,57,180,273,409,30,45,-6.92,-4.48,5.24
8052,1212249195,24,65,9,50,181,235,54,176,279,409,30,45,-6.92,-4.48,5.24
8053,1212250196,24,65,8,48,180,235,54,178,279,409,30,43,-6.92,-4.48,5.24
8054,1212251195,24,62,9,50,182,236,56,177,278,411,30,45,-6.92,-4.48,5.24
8055,1212252203,24,62,9,51,188,237,55,179,276,409,30,45,-6.92,-4.48,5.24
8056,1212255812,25,60,8,50,182,235,56,179,277,409,36,46,-6.92,-4.48,5.24
8057,1212257585,24,56,9,52,185,236,54,180,276,408,30,44,-6.92,-4.46,5.21
8058,1212258097,24,64,9,52,185,236,54,180,277,409,31,45,-6.92,-4.46,5.21
8059,1212258609,25,61,9,52,188,236,56,177,277,410,31,45,-6.92,-4.46,5.21
8060,1212259195,25,60,9,52,188,236,56,179,272,409,30,45,-6.92,-4.46,5.21
8061,1212260195,24,61,9,52,188,237,55,180,281,409,30,45,-6.92,-4.46,5.21
8062,1212261195,24,66,9,53,188,236,56,177,279,409,31,45,-6.92,-4.46,5.21
8063,1212262196,25,59,8,52,188,235,57,181,276,411,30,44,-6.92,-4.46,5.21
8064,1212263196,24,59,7,50,185,235,60,180,281,408,31,45,-6.92,-4.46,5.21
8065,1212264195,24,63,9,50,188,236,59,177,275,409,30,44,-6.92,-4.46,5.21
8066,1212265195,24,60,9,50,188,237,56,177,276,409,30,45,-6.92,-4.46,5.21
8067,1212266195,24,60,8,51,183,235,55,182,271,411,30,45,-6.92,-4.46,5.21
8068,1212267556,24,65,8,50,188,236,59,177,275,410,30,45,-6.94,-4.49,5.2
8069,1212268195,24,63,9,52,188,236,57,176,276,410,30,45,-6.94,-4.49,5.2
8070,1212269195,24,65,9,49,188,236,54,180,276,409,30,45,-6.94,-4.49,5.2
8071,1212270195,24,64,9,52,181,235,55,177,273,409,30,45,-6.94,-4.49,5.2
8072,1212271195,25,59,7,50,184,236,54,177,279,409,36,47,-6.94,-4.49,5.2
8073,1212272195,24,65,8,52,188,237,55,178,275,409,30,45,-6.94,-4.49,5.2
8074,1212275586,25,59,9,52,188,236,56,180,277,410,30,45,-6.94,-4.49,5.2
8075,1212277438,25,60,9,51,182,236,56,178,276,410,30,45,-6.91,-4.47,5.21
8076,1212277955,24,61,9,52,185,236,57,178,275,410,30,45,-6.91,-4.47,5.21
8077,1212278465,24,63,9,52,185,237,58,178,274,409,30,45,-6.91,-4.47,5.21
8078,1212279195,24,64,9,52,182,237,55,178,275,410,30,45,-6.91,-4.47,5.21
8079,1212280195,24,59,8,51,182,235,54,179,276,410,31,44,-6.91,-4.47,5.21
8080,1212281196,25,59,8,49,183,236,55,181,275,407,31,47,-6.91,-4.47,5.21
8081,1212282195,24,60,9,50,187,236,55,176,276,409,30,45,-6.91,-4.47,5.21
8082,1212285283,24,61,9,50,188,236,56,176,274,408,30,45,-6.91,-4.47,5.21
8083,1212287424,24,58,9,53,182,236,54,178,275,409,31,45,-6.91,-4.47,5.21
8084,1212287936,25,63,9,52,185,237,54,179,275,409,30,45,-6.91,-4.46,5.3
8085,1212288451,25,68,9,50,182,236,55,179,277,410,31,45,-6.91,-4.46,5.3
8086,1212289195,25,57,9,52,187,235,58,180,277,408,30,45,-6.91,-4.46,5.3
8087,1212290196,25,63,8,50,185,236,55,177,280,410,30,43,-6.91,-4.46,5.3
8088,1212291196,24,64,9,52,187,236,55,178,279,410,30,45,-6.91,-4.46,5.3
8089,1212292202,24,60,9,52,188,236,55,180,274,409,30,45,-6.91,-4.46,5.3
8090,1212295596,23,63,9,50,184,236,55,178,276,408,30,43,-6.91,-4.46,5.3
8091,1212297342,25,55,9,52,181,236,55,180,274,409,30,44,-6.91,-4.46,5.3
8092,1212297859,24,62,9,51,188,236,59,178,273,410,30,45,-6.92,-4.45,5.26
8093,1212298371,24,67,9,49,182,236,58,176,277,408,30,45,-6.92,-4.45,5.26
8094,1212299195,25,62,9,50,188,236,55,178,278,409,30,45,-6.92,-4.45,5.26
8095,1212300195,24,63,9,52,183,236,54,178,275,411,30,45,-6.92,-4.45,5.26
8096,1212301195,25,58,8,52,184,235,54,177,278,408,30,45,-6.92,-4.45,5.26
8097,1212302196,24,64,7,49,184,235,55,179,275,408,31,43,-6.92,-4.45,5.26
8098,1212305364,24,60,8,51,188,236,58,177,276,408,30,45,-6.92,-4.45,5.26
8099,1212307500,24,58,9,49,183,237,55,178,273,409,30,45,-6.92,-4.45,5.26
8100,1212308013,24,67,8,53,188,236,55,178,276,410,31,45,-6.92,-4.48,5.23
8101,1212308525,25,61,9,51,188,236,54,178,276,409,31,45,-6.92,-4.48,5.23
8102,1212309199,24,59,9,50,186,236,56,180,279,410,30,45,-6.92,-4.48,5.23
8103,1212310196,25,62,9,53,188,236,54,177,275,409,31,45,-6.92,-4.48,5.23
8104,1212311196,25,59,8,50,186,235,55,180,273,409,31,44,-6.92,-4.48,5.23
8105,1212312197,24,59,9,53,187,236,55,177,275,408,30,44,-6.92,-4.48,5.23
8106,1212313196,25,68,8,51,186,236,56,180,272,409,30,45,-6.92,-4.48,5.23
8107,1212314195,24,68,9,49,182,236,54,181,276,409,30,45,-6.92,-4.48,5.23
8108,1212315195,24,60,8,50,182,235,54,179,275,409,36,45,-6.92,-4.48,5.23
8109,1212316208,24,65,9,52,185,236,57,178,275,410,30,45,-6.92,-4.48,5.23
8110,1212317545,24,59,9,51,188,237,56,179,278,409,31,45,-6.92,-4.47,5.19
8111,1212318195,24,60,9,51,181,236,55,178,275,410,30,45,-6.92,-4.47,5.19
8112,1212319195,24,62,8,50,188,236,55,177,278,410,30,45,-6.92,-4.47,5.19
8113,1212320203,25,62,8,51,183,236,57,179,276,409,30,44,-6.92,-4.47,5.19
8114,1212321200,24,62,9,51,185,236,55,177,275,410,30,45,-6.92,-4.47,5.19
8115,1212322196,24,66,9,51,188,236,55,177,279,408,31,45,-6.92,-4.47,5.19
8116,1212325394,24,60,9,52,187,236,55,180,275,408,30,44,-6.92,-4.47,5.19
8117,1212327344,24,57,9,50,185,236,59,178,273,410,30,45,-6.92,-4.47,5.19
8118,1212327857,24,66,9,50,185,236,56,177,278,409,30,44,-6.92,-4.47,5.16
8119,1212328371,24,63,9,49,185,236,59,177,277,409,30,45,-6.92,-4.47,5.16
8120,1212329196,24,62,9,50,185,235,55,179,273,409,36,45,-6.92,-4.47,5.16
8121,1212330196,24,60,8,50,187,235,55,178,277,408,30,43,-6.92,-4.47,5.16
8122,1212331196,25,67,9,50,186,237,54,178,277,408,36,45,-6.92,-4.47,5.16
8123,1212332196,24,63,9,52,185,236,56,177,275,409,30,45,-6.92,-4.47,5.16
8124,1212335636,24,66,8,50,182,235,55,183,275,408,30,46,-6.92,-4.47,5.16
8125,1212337414,24,66,9,50,182,236,54,180,280,409,31,45,-6.93,-4.46,5.26
8126,1212337926,25,63,9,51,183,236,54,178,275,409,31,45,-6.93,-4.46,5.26
8127,1212338439,24,62,9,52,182,236,58,180,274,409,30,45,-6.93,-4.46,5.26
8128,1212339196,24,65,8,53,185,236,54,179,277,408,30,45,-6.93,-4.46,5.26
8129,1212340195,25,66,9,50,185,237,56,178,274,409,31,45,-6.93,-4.46,5.26
8130,1212341195,25,65,8,51,184,235,57,183,271,409,31,47,-6.93,-4.46,5.26
8131,1212342196,24,61,9,53,188,236,60,177,274,409,30,45,-6.93,-4.46,5.26
8132,1212345087,24,62,8,50,181,235,55,179,278,410,29,43,-6.93,-4.46,5.26
8133,1212347219,25,57,9,50,184,237,55,177,275,409,31,45,-6.93,-4.46,5.26
8134,1212347731,24,65,8,53,188,236,57,179,279,410,30,45,-6.92,-4.45,5.21
8135,1212348244,25,60,9,52,188,236,54,180,275,409,30,45,-6.92,-4.45,5.21
8136,1212349198,25,62,8,51,185,235,57,177,275,410,30,44,-6.92,-4.45,5.21
8137,1212350195,24,65,9,49,188,236,56,179,276,410,31,45,-6.92,-4.45,5.21
8138,1212351196,24,68,9,52,185,237,55,177,275,408,30,45,-6.92,-4.45,5.21
8139,1212352195,24,61,8,51,181,235,56,178,275,409,30,45,-6.92,-4.45,5.21
8140,1212355601,24,59,8,49,184,236,55,180,272,410,31,43,-6.92,-4.45,5.21
8141,1212357533,25,56,9,51,188,236,56,180,276,408,30,45,-6.92,-4.45,5.21
8142,1212358045,24,64,8,51,188,237,55,180,273,410,31,45,-6.91,-4.47,5.23
8143,1212358560,24,64,9,51,188,236,58,178,275,410,31,45,-6.91,-4.47,5.23
8144,1212359195,24,63,9,52,184,236,55,180,279,410,30,45,-6.91,-4.47,5.23
8145,1212360196,24,63,9,52,185,236,59,176,272,409,30,45,-6.91,-4.47,5.23
8146,1212361196,24,64,9,51,182,236,57,180,275,409,31,45,-6.91,-4.47,5.23
8147,1212362196,24,61,8,50,184,235,56,183,274,408,30,47,-6.91,-4.47,5.23
8148,1212363195,24,61,9,53,188,237,55,182,275,409,30,45,-6.91,-4.47,5.23
8149,1212364195,24,61,9,53,185,236,55,177,273,410,31,45,-6.91,-4.47,5.23
8150,1212365195,24,66,9,52,188,236,56,178,276,410,30,45,-6.91,-4.47,5.23
8151,1212366198,23,62,9,53,185,233,54,179,274,409,30,43,-6.91,-4.47,5.23
8152,1212367411,24,61,9,52,185,236,58,180,275,409,30,45,-6.91,-4.47,5.23
8153,1212368196,25,58,9,52,188,236,55,179,272,409,30,45,-6.9,-4.49,5.21
8154,1212369195,24,62,9,53,188,237,57,180,275,410,30,45,-6.9,-4.49,5.21
8155,1212370195,24,60,8,50,180,234,56,179,273,409,30,47,-6.9,-4.49,5.21
8156,1212371195,24,63,9,50,185,236,59,178,275,410,30,45,-6.9,-4.49,5.21
8157,1212372195,25,62,9,51,184,237,59,180,274,409,36,45,-6.9,-4.49,5.21
8158,1212375787,25,66,9,52,188,237,57,178,275,408,30,45,-6.9,-4.49,5.21
8159,1212377372,25,55,8,52,181,237,55,177,273,410,31,45,-6.93,-4.48,5.25
8160,1212377880,25,65,9,51,181,237,56,180,274,408,31,44,-6.93,-4.48,5.25
8161,1212378389,24,64,8,51,185,236,55,176,277,410,31,45,-6.93,-4.48,5.25
8162,1212379191,24,61,8,50,186,235,59,177,279,410,30,42,-6.93,-4.48,5.25
8163,1212380199,25,60,8,49,187,237,57,181,277,409,30,46,-6.93,-4.48,5.25
8164,1212381199,24,62,9,52,188,237,56,179,277,410,30,45,-6.93,-4.48,5.25
8165,1212382193,24,68,9,50,187,237,56,179,277,409,30,45,-6.93,-4.48,5.25
8166,1212385389,24,65,8,50,187,235,55,179,277,411,30,43,-6.93,-4.48,5.25
8167,1212387336,24,57,8,50,186,237,55,176,277,410,30,45,-6.93,-4.48,5.25
8168,1212387849,25,60,9,51,185,236,56,177,275,410,31,45,-6.92,-4.48,5.29
8169,1212388361,24,64,9,52,186,236,59,179,275,408,36,45,-6.92,-4.48,5.29
8170,1212389195,25,63,8,51,184,236,58,179,279,410,31,45,-6.92,-4.48,5.29
8171,1212390195,24,62,9,51,188,236,57,177,276,410,30,45,-6.92,-4.48,5.29
8172,1212391195,24,57,8,50,183,235,56,177,276,409,30,43,-6.92,-4.48,5.29
8173,1212392196,25,61,8,52,182,236,55,176,279,409,36,47,-6.92,-4.48,5.29
8174,1212395788,24,64,8,51,187,237,59,178,279,408,30,45,-6.92,-4.48,5.29
8175,1212397421,24,61,9,52,187,237,59,177,272,409,30,45,-6.92,-4.47,5.26
8176,1212397934,25,60,9,53,188,237,59,177,276,408,30,45,-6.92,-4.47,5.26
8177,1212398447,24,66,9,50,182,237,57,176,279,409,36,45,-6.92,-4.47,5.26
8178,1212399195,24,60,9,52,188,237,56,178,277,410,30,45,-6.92,-4.47,5.26
8179,1212400196,24,63,9,52,189,237,55,180,274,410,31,45,-6.92,-4.47,5.26
8180,1212401195,24,60,9,52,188,234,55,179,274,410,30,43,-6.92,-4.47,5.26
8181,1212402195,24,63,9,49,188,237,57,177,275,410,30,45,-6.92,-4.47,5.26
8182,1212405276,24,64,9,49,181,235,55,180,281,409,30,45,-6.92,-4.47,5.26
8183,1212407411,25,55,9,51,185,237,56,178,276,410,30,45,-6.92,-4.47,5.26
8184,1212407924,25,63,9,52,188,236,56,180,277,410,31,45,-6.91,-4.48,5.19
8185,1212408440,24,66,9,51,188,236,58,180,276,409,30,45,-6.91,-4.48,5.19
8186,1212409200,24,63,9,51,187,237,60,177,280,410,30,45,-6.91,-4.48,5.19
8187,1212410195,24,64,8,50,180,236,56,179,273,409,31,47,-6.91,-4.48,5.19
8188,1212411196,24,59,8,54,184,236,59,177,279,409,30,45,-6.91,-4.48,5.19
8189,1212412195,24,59,8,52,187,236,56,177,275,410,30,45,-6.91,-4.48,5.19
8190,1212413202,24,64,9,53,182,236,59,177,272,408,30,45,-6.91,-4.48,5.19
8191,1212414202,24,60,8,51,181,236,59,179,277,409,30,46,-6.91,-4.48,5.19
8192,1212415198,24,67,9,51,188,237,55,177,275,410,30,45,-6.91,-4.48,5.19
8193,1212416198,24,59,9,51,184,237,58,177,275,408,30,45,-6.91,-4.48,5.19
8194,1212417497,24,63,8,50,187,236,56,180,273,410,30,45,-6.91,-4.48,5.2
8195,1212418202,24,65,9,51,184,236,57,177,275,408,30,45,-6.91,-4.48,5.2
8196,1212419196,24,58,8,49,186,234,56,176,273,410,31,42,-6.91,-4.48,5.2
8197,1212420195,24,62,8,49,186,236,55,177,272,409,30,45,-6.91,-4.48,5.2
8198,1212421201,25,62,8,52,188,236,58,176,273,410,30,45,-6.91,-4.48,5.2
8199,1212422195,25,65,9,51,185,236,55,178,276,408,30,45,-6.91,-4.48,5.2
8200,1212425595,24,68,8,52,185,236,56,178,277,408,30,45,-6.91,-4.48,5.2
8201,1212427345,25,57,9,50,188,236,59,180,279,410,30,45,-6.91,-4.48,5.2
8202,1212427857,24,63,8,49,185,236,56,177,277,410,30,45,-6.9,-4.48,5.22
8203,1212428370,25,66,8,50,186,236,59,179,280,410,30,45,-6.9,-4.48,5.22
8204,1212429196,25,63,9,51,188,237,56,178,278,409,30,45,-6.9,-4.48,5.22
8205,1212430196,25,68,9,50,188,236,55,180,273,410,30,45,-6.9,-4.48,5.22
8206,1212431196,25,65,8,51,187,235,57,181,277,406,36,46,-6.9,-4.48,5.22
8207,1212432195,25,63,8,50,183,235,55,180,275,410,30,44,-6.9,-4.48,5.22
8208,1212435786,24,59,9,52,189,236,59,176,275,409,30,44,-6.9,-4.48,5.22
8209,1212437375,24,57,9,49,188,236,59,180,272,410,30,45,-6.92,-4.48,5.3
8210,1212437888,24,63,8,51,188,236,59,178,277,409,30,44,-6.92,-4.48,5.3
8211,1212438401,25,59,8,51,188,237,56,179,279,409,31,45,-6.92,-4.48,5.3
8212,1212439196,25,66,9,52,185,236,57,181,277,410,30,44,-6.92,-4.48,5.3
8213,1212440202,24,60,9,53,184,236,54,178,279,409,30,43,-6.92,-4.48,5.3
8214,1212441195,25,60,9,50,182,235,56,180,279,409,33,46,-6.92,-4.48,5.3
8215,1212442195,24,59,9,50,185,236,59,180,277,408,30,45,-6.92,-4.48,5.3
8216,1212445646,24,63,9,49,185,236,58,179,273,409,30,45,-6.92,-4.48,5.3
8217,1212447395,24,55,9,51,188,236,55,180,274,410,30,45,-6.92,-4.48,5.3
8218,1212447908,25,62,8,50,188,237,56,177,275,410,30,45,-6.93,-4.48,5.27
8219,1212448421,25,66,8,52,185,237,57,176,274,409,30,45,-6.93,-4.48,5.27
8220,1212449195,25,57,8,52,182,235,58,180,276,408,30,45,-6.93,-4.48,5.27
8221,1212450195,24,64,8,52,181,235,55,177,281,409,31,43,-6.93,-4.48,5.27
8222,1212451195,25,65,9,51,188,236,56,178,280,410,30,45,-6.93,-4.48,5.27
8223,1212452196,24,66,9,52,188,237,56,177,276,410,30,45,-6.93,-4.48,5.27
8224,1212454895,25,62,8,49,184,235,56,178,276,407,30,47,-6.93,-4.48,5.27
8225,1212457407,25,56,9,51,188,236,54,177,277,410,31,44,-6.93,-4.48,5.27
8226,1212457920,24,59,9,50,187,237,58,178,276,409,31,45,-6.93,-4.48,5.19
8227,1212458433,24,66,9,51,188,237,55,179,277,410,30,45,-6.93,-4.48,5.19
8228,1212459196,24,62,8,51,188,237,56,176,277,407,30,43,-6.93,-4.48,5.19
8229,1212460195,24,63,8,50,184,235,54,178,280,409,30,43,-6.93,-4.48,5.19
8230,1212461195,25,63,8,52,188,236,59,179,274,410,31,46,-6.93,-4.48,5.19
8231,1212462195,25,67,8,50,180,237,55,178,273,408,36,45,-6.93,-4.48,5.19
8232,1212463195,24,64,9,50,187,236,57,178,276,410,30,45,-6.93,-4.48,5.19
8233,1212464195,24,62,9,49,187,237,58,177,278,409,30,45,-6.93,-4.48,5.19
8234,1212465196,24,59,8,50,187,234,59,182,278,409,30,46,-6.93,-4.48,5.19
8235,1212466203,25,63,8,50,182,234,55,178,278,409,30,44,-6.93,-4.48,5.19
8236,1212467380,25,61,9,50,187,236,54,179,276,409,30,45,-6.93,-4.48,5.19
8237,1212468195,24,61,8,52,182,237,54,177,277,410,30,45,-6.91,-4.46,5.2
8238,1212469195,25,64,7,50,180,235,55,177,277,409,31,45,-6.91,-4.46,5.2
8239,1212470196,24,62,7,49,183,235,55,178,279,411,31,43,-6.91,-4.46,5.2
8240,1212471196,25,60,9,50,182,236,56,179,279,408,30,45,-6.91,-4.46,5.2
8241,1212472195,24,64,9,50,184,236,55,180,277,410,30,45,-6.91,-4.46,5.2
8242,1212475807,25,60,8,50,179,235,55,177,278,405,30,45,-6.91,-4.46,5.2
8243,1212477397,25,58,8,49,185,236,55,180,275,408,30,45,-6.9,-4.46,5.22
8244,1212477909,25,64,8,49,185,236,55,180,273,411,30,45,-6.9,-4.46,5.22
8245,1212478427,25,64,9,50,184,236,55,178,275,409,30,45,-6.9,-4.46,5.22
8246,1212479195,24,61,9,53,189,237,59,178,275,411,31,45,-6.9,-4.46,5.22
8247,1212480195,24,63,9,49,182,237,56,183,275,410,30,45,-6.9,-4.46,5.22
8248,1212481202,25,64,9,51,186,235,56,179,276,409,30,45,-6.9,-4.46,5.22
8249,1212482202,24,63,8,51,183,235,55,179,272,406,36,43,-6.9,-4.46,5.22
8250,1212485600,24,65,8,50,182,236,55,179,275,409,30,45,-6.9,-4.46,5.22
8251,1212487345,24,56,9,52,188,236,54,180,275,408,30,45,-6.9,-4.46,5.22
8252,1212487858,25,66,9,52,182,236,58,177,274,410,31,45,-6.92,-4.46,5.27
8253,1212488370,24,59,9,52,185,236,56,176,274,409,30,44,-6.92,-4.46,5.27
8254,1212489196,24,60,9,51,185,236,57,178,275,410,31,45,-6.92,-4.46,5.27
8255,1212490195,24,57,8,50,184,235,58,180,275,410,30,45,-6.92,-4.46,5.27
8256,1212491196,24,57,8,51,181,234,55,179,280,410,30,43,-6.92,-4.46,5.27
8257,1212492195,25,65,9,51,186,236,58,177,275,410,30,45,-6.92,-4.46,5.27
8258,1212495365,24,64,9,49,185,236,55,178,277,410,30,45,-6.92,-4.46,5.27
8259,1212497315,25,59,9,54,188,236,56,177,272,410,30,45,-6.92,-4.46,5.27
8260,1212497819,25,61,8,52,183,236,55,177,281,409,31,45,-6.92,-4.5,5.25
8261,1212498322,24,61,9,51,185,237,57,180,275,410,30,45,-6.92,-4.5,5.25
8262,1212499187,25,61,8,49,180,236,57,179,279,409,36,47,-6.92,-4.5,5.25
8263,1212500194,25,62,8,52,184,233,55,178,276,408,32,45,-6.92,-4.5,5.25
8264,1212501187,24,65,9,52,185,235,56,179,279,411,30,45,-6.92,-4.5,5.25
8265,1212502187,24,62,8,51,185,235,55,178,275,409,30,45,-6.92,-4.5,5.25
8266,1212505863,25,63,8,50,182,236,57,179,279,409,30,46,-6.92,-4.5,5.25
8267,1212507449,24,60,9,50,181,236,57,179,277,408,30,45,-6.92,-4.49,5.21
8268,1212507961,24,64,8,49,182,237,56,177,281,410,31,44,-6.92,-4.49,5.21
8269,1212508475,24,61,9,53,188,236,59,181,274,410,31,45,-6.92,-4.49,5.21
8270,1212509195,24,64,9,53,188,236,54,179,276,409,31,45,-6.92,-4.49,5.21
8271,1212510196,24,62,9,51,182,236,54,177,273,410,30,45,-6.92,-4.49,5.21
8272,1212511195,24,61,9,51,185,237,56,177,279,410,30,45,-6.92,-4.49,5.21
8273,1212512195,24,58,8,52,187,234,58,179,277,410,30,43,-6.92,-4.49,5.21
8274,1212513198,24,65,9,50,185,237,54,178,274,409,31,45,-6.92,-4.49,5.21
8275,1212514195,24,60,9,51,187,237,59,180,275,409,30,45,-6.92,-4.49,5.21
8276,1212515195,24,59,9,50,188,235,54,180,277,408,31,45,-6.92,-4.49,5.21
8277,1212517386,24,61,8,49,186,237,56,177,274,408,30,44,-6.92,-4.49,5.19
8278,1212517899,24,58,8,50,183,237,54,181,275,410,30,45,-6.92,-4.49,5.19
8279,1212518412,25,63,9,52,186,237,58,178,276,410,30,45,-6.92,-4.49,5.19
8280,1212519195,24,60,9,52,189,236,55,182,275,409,30,45,-6.92,-4.49,5.19
8281,1212520196,25,59,9,51,188,237,56,177,276,410,30,45,-6.92,-4.49,5.19
8282,1212521195,25,60,9,51,181,235,58,179,277,407,30,44,-6.92,-4.49,5.19
8283,1212522196,24,58,8,49,181,236,56,176,275,408,36,44,-6.92,-4.49,5.19
8284,1212525432,25,61,9,51,181,236,57,178,274,409,30,45,-6.92,-4.49,5.19
8285,1212527208,24,56,9,51,184,236,57,180,276,409,30,45,-6.94,-4.49,5.25
8286,1212527716,24,58,9,54,188,237,57,178,280,410,30,45,-6.94,-4.49,5.25
8287,1212528224,24,61,8,49,183,237,55,178,277,408,36,45,-6.94,-4.49,5.25
8288,1212529191,24,68,9,53,187,236,56,180,276,410,30,45,-6.94,-4.49,5.25
8289,1212530191,23,68,8,49,182,236,54,178,278,410,30,43,-6.94,-4.49,5.25
8290,1212531192,25,58,9,49,184,236,60,182,274,410,31,46,-6.94,-4.49,5.25
8291,1212532191,24,63,9,51,188,236,56,178,276,410,30,44,-6.94,-4.49,5.25
8292,1212535364,25,68,9,51,183,236,57,180,276,410,30,45,-6.94,-4.49,5.25
8293,1212537318,24,58,8,54,185,236,57,178,277,408,30,45,-6.94,-4.49,5.25
8294,1212537831,24,60,8,49,185,235,58,178,275,409,30,45,-6.95,-4.47,5.29
8295,1212538348,24,66,9,52,188,236,56,180,279,410,31,45,-6.95,-4.47,5.29
8296,1212539196,24,58,8,51,188,235,55,180,277,407,29,45,-6.95,-4.47,5.29
8297,1212540196,24,58,8,51,185,234,55,180,279,409,36,43,-6.95,-4.47,5.29
8298,1212541198,24,64,9,51,182,237,58,180,277,410,30,45,-6.95,-4.47,5.29
8299,1212542196,25,65,9,49,181,237,55,178,275,409,30,45,-6.95,-4.47,5.29
8300,1212545567,24,58,8,52,188,235,55,178,275,411,31,43,-6.95,-4.47,5.29
8301,1212547193,24,67,9,53,188,236,57,178,279,408,30,45,-6.91,-4.46,5.25
8302,1212547696,25,65,9,50,183,235,57,178,275,410,31,45,-6.91,-4.46,5.25
8303,1212548201,24,58,8,53,185,237,55,178,280,409,30,44,-6.91,-4.46,5.25
8304,1212549187,25,58,9,51,188,237,55,178,275,410,31,45,-6.91,-4.46,5.25
8305,1212550187,24,61,9,50,185,236,55,177,275,410,30,45,-6.91,-4.46,5.25
8306,1212551187,24,58,8,50,185,235,55,179,279,410,31,43,-6.91,-4.46,5.25
8307,1212552187,24,56,7,50,181,237,56,180,275,409,30,45,-6.91,-4.46,5.25
8308,1212555362,25,63,9,51,182,236,56,180,272,410,30,45,-6.91,-4.46,5.25
8309,1212557497,25,55,9,52,188,236,57,180,275,409,30,45,-6.91,-4.46,5.25
8310,1212558005,24,66,8,50,181,236,57,182,276,410,30,45,-6.94,-4.47,5.23
8311,1212558513,25,63,9,52,185,237,56,180,272,410,30,45,-6.94,-4.47,5.23
8312,1212559191,24,62,9,51,185,236,57,178,275,410,30,45,-6.94,-4.47,5.23
8313,1212560191,25,62,9,51,182,237,55,177,277,410,30,45,-6.94,-4.47,5.23
8314,1212561195,24,59,9,50,183,236,55,179,279,409,30,43,-6.94,-4.47,5.23
8315,1212562191,24,60,9,52,188,237,56,178,275,410,30,45,-6.94,-4.47,5.23
8316,1212563199,24,65,8,52,181,236,59,178,277,409,30,45,-6.94,-4.47,5.23
8317,1212564192,24,59,9,54,188,237,57,180,276,410,30,45,-6.94,-4.47,5.23
8318,1212565191,24,59,8,51,180,235,55,177,274,410,30,42,-6.94,-4.47,5.23
8319,1212566191,24,62,8,51,184,234,59,183,279,408,36,47,-6.94,-4.47,5.23
8320,1212567509,25,64,8,51,184,236,56,181,276,408,30,45,-6.91,-4.48,5.2
8321,1212568191,24,62,8,50,184,235,58,181,276,409,36,47,-6.91,-4.48,5.2
8322,1212569191,24,62,9,50,186,237,57,178,277,408,30,45,-6.91,-4.48,5.2
8323,1212570191,24,62,9,51,186,237,57,179,272,408,30,44,-6.91,-4.48,5.2
8324,1212571199,24,62,9,52,181,236,57,176,275,410,30,45,-6.91,-4.48,5.2
8325,1212572198,24,62,8,50,184,236,56,178,278,408,30,47,-6.91,-4.48,5.2
8326,1212575393,25,63,8,51,185,236,59,177,279,410,36,45,-6.91,-4.48,5.2
8327,1212577143,24,55,8,51,188,236,58,178,279,409,30,45,-6.91,-4.48,5.2
8328,1212577651,25,62,9,52,184,237,56,180,276,410,31,45,-6.9,-4.49,5.22
8329,1212578191,24,59,9,54,182,237,58,179,272,409,31,45,-6.9,-4.49,5.22
8330,1212579191,25,62,9,54,188,237,55,180,277,410,30,45,-6.9,-4.49,5.22
8331,1212580191,24,59,9,52,188,237,56,177,272,408,31,45,-6.9,-4.49,5.22
8332,1212581191,25,62,8,49,186,235,56,182,278,409,36,47,-6.9,-4.49,5.22
8333,1212582191,24,59,9,51,186,237,58,179,279,410,31,45,-6.9,-4.49,5.22
8334,1212585785,25,66,9,51,185,237,57,178,277,409,31,45,-6.9,-4.49,5.22
8335,1212587212,24,67,8,51,189,236,56,178,278,409,30,45,-6.92,-4.48,5.29
8336,1212587724,25,65,9,50,184,237,57,178,274,409,31,45,-6.92,-4.48,5.29
8337,1212588232,24,61,8,54,188,237,57,179,274,409,30,45,-6.92,-4.48,5.29
8338,1212589191,24,62,9,50,187,237,56,177,275,411,31,45,-6.92,-4.48,5.29
8339,1212590191,25,64,8,52,183,235,55,179,278,410,30,44,-6.92,-4.48,5.29
8340,1212591191,24,58,9,54,181,236,58,178,273,409,30,45,-6.92,-4.48,5.29
8341,1212592191,25,68,9,50,182,236,56,178,276,409,30,45,-6.92,-4.48,5.29
8342,1212595585,24,58,9,50,188,237,57,180,275,410,31,45,-6.92,-4.48,5.29
8343,1212597268,24,55,9,53,185,237,57,179,275,409,36,44,-6.92,-4.48,5.29
8344,1212597776,24,60,9,52,186,237,57,180,278,409,36,45,-6.9,-4.49,5.26
8345,1212598283,25,62,9,52,182,237,61,180,276,410,36,45,-6.9,-4.49,5.26
8346,1212599191,25,66,7,50,183,237,58,180,275,408,31,45,-6.9,-4.49,5.26
8347,1212600191,25,64,7,49,183,236,56,181,271,409,36,45,-6.9,-4.49,5.26
8348,1212601198,25,63,8,49,185,236,56,177,277,410,30,44,-6.9,-4.49,5.26
8349,1212602197,24,64,9,51,187,237,59,181,275,410,30,45,-6.9,-4.49,5.26
8350,1212605592,24,60,8,51,179,236,58,180,273,410,36,44,-6.9,-4.49,5.26
8351,1212607425,24,62,9,49,182,237,58,180,275,410,30,44,-6.91,-4.48,5.25
8352,1212607929,24,62,9,49,184,237,56,180,278,410,30,45,-6.91,-4.48,5.25
8353,1212608431,24,62,9,52,183,237,56,180,277,408,32,45,-6.91,-4.48,5.25
8354,1212609187,24,62,9,51,183,237,58,178,277,408,31,45,-6.91,-4.48,5.25
8355,1212610187,24,61,9,50,182,235,56,177,277,409,31,45,-6.91,-4.48,5.25
8356,1212611187,25,58,8,53,181,235,55,180,279,409,30,45,-6.91,-4.48,5.25
8357,1212612187,23,61,7,50,181,236,57,180,277,410,30,43,-6.91,-4.48,5.25
8358,1212613195,24,59,9,50,182,236,56,178,274,410,30,45,-6.91,-4.48,5.25
8359,1212614186,24,65,9,51,183,237,56,179,275,409,31,45,-6.91,-4.48,5.25
8360,1212615187,24,62,8,52,184,236,55,178,274,409,30,43,-6.91,-4.48,5.25
8361,1212617216,24,65,9,49,181,237,57,178,275,410,31,45,-6.92,-4.48,5.16
8362,1212617727,24,59,9,49,183,236,57,176,278,410,30,45,-6.92,-4.48,5.16
8363,1212618235,24,63,9,51,181,236,56,180,273,411,31,45,-6.92,-4.48,5.16
8364,1212619191,24,66,9,52,183,235,57,180,280,410,30,45,-6.92,-4.48,5.16
8365,1212620191,25,61,9,51,184,236,57,178,279,409,30,45,-6.92,-4.48,5.16
8366,1212621191,24,64,8,50,181,235,57,182,279,409,31,47,-6.92,-4.48,5.16
8367,1212622191,24,60,9,51,187,237,56,180,278,408,31,45,-6.92,-4.48,5.16
8368,1212625362,25,59,9,50,185,237,57,178,278,410,31,45,-6.92,-4.48,5.16
8369,1212627117,24,57,8,54,185,237,57,180,277,408,30,45,-6.92,-4.48,5.16
8370,1212627625,25,65,9,49,182,236,60,178,274,410,30,44,-6.92,-4.49,5.21
8371,1212628195,25,59,9,51,183,237,57,179,277,409,30,45,-6.92,-4.49,5.21
8372,1212629191,24,59,8,51,182,236,59,176,277,408,30,45,-6.92,-4.49,5.21
8373,1212630191,25,59,8,50,181,235,61,183,276,409,30,46,-6.92,-4.49,5.21
8374,1212631192,25,63,8,50,183,236,56,176,275,409,30,44,-6.92,-4.49,5.21
8375,1212632191,25,65,9,53,189,236,58,179,279,410,31,45,-6.92,-4.49,5.21
8376,1212635371,25,63,8,53,184,235,57,179,277,409,30,44,-6.92,-4.49,5.21
8377,1212637207,24,64,9,50,183,236,58,177,278,411,31,44,-6.92,-4.5,5.3
8378,1212637711,25,61,9,49,182,237,57,177,275,409,30,44,-6.92,-4.5,5.3
8379,1212638215,25,61,9,51,188,237,57,178,273,409,30,44,-6.92,-4.5,5.3
8380,1212639187,25,61,8,53,183,236,57,179,278,410,30,43,-6.92,-4.5,5.3
8381,1212640187,25,60,8,52,187,237,56,182,278,406,31,46,-6.92,-4.5,5.3
8382,1212641187,25,59,8,53,187,236,54,176,275,410,30,44,-6.92,-4.5,5.3
8383,1212642187,24,63,9,51,183,237,54,178,275,409,30,44,-6.92,-4.5,5.3
8384,1212645783,24,65,7,52,184,236,56,177,275,410,30,43,-6.92,-4.5,5.3
8385,1212647220,24,61,9,50,184,236,55,178,280,409,30,44,-6.94,-4.49,5.25
8386,1212647724,25,63,8,51,187,236,55,179,275,410,31,44,-6.94,-4.49,5.25
8387,1212648227,25,68,9,51,188,235,56,180,274,409,31,44,-6.94,-4.49,5.25
8388,1212649187,24,63,9,50,182,236,55,178,273,410,31,44,-6.94,-4.49,5.25
8389,1212650187,25,61,9,51,183,235,58,180,275,408,31,44,-6.94,-4.49,5.25
8390,1212651187,24,59,8,53,185,236,56,178,274,408,36,43,-6.94,-4.49,5.25
8391,1212652187,24,62,8,53,183,238,55,178,279,411,31,46,-6.94,-4.49,5.25
8392,1212655364,24,61,9,52,185,237,56,180,277,409,30,45,-6.94,-4.49,5.25
8393,1212657299,24,59,9,54,188,237,57,178,280,410,30,44,-6.94,-4.49,5.25
8394,1212657807,24,61,8,51,184,237,56,183,280,408,30,44,-6.9,-4.46,5.19
8395,1212658315,25,59,9,52,188,236,59,179,273,410,30,45,-6.9,-4.46,5.19
8396,1212659191,24,60,9,54,188,235,58,179,278,410,30,44,-6.9,-4.46,5.19
8397,1212660198,25,63,8,51,181,236,55,179,277,409,30,44,-6.9,-4.46,5.19
8398,1212661198,24,63,7,51,185,234,55,178,279,411,30,42,-6.9,-4.46,5.19
8399,1212662193,25,65,9,49,182,237,57,178,275,410,30,44,-6.9,-4.46,5.19
8400,1212663194,25,64,8,51,184,235,55,181,278,410,30,43,-6.9,-4.46,5.19
8401,1212664191,24,64,8,51,186,235,54,177,277,410,31,42,-6.9,-4.46,5.19
8402,1212665193,24,62,9,50,185,235,57,178,279,409,30,43,-6.9,-4.46,5.19
8403,1212666191,25,60,8,52,184,235,55,178,273,409,30,45,-6.9,-4.46,5.19
8404,1212667400,24,64,8,49,188,236,55,179,279,410,30,44,-6.91,-4.45,5.2
8405,1212668197,25,64,8,49,183,235,55,178,275,408,29,46,-6.91,-4.45,5.2
8406,1212669191,24,61,8,51,185,237,55,178,274,410,31,44,-6.91,-4.45,5.2
8407,1212670191,24,67,9,51,184,234,58,180,273,409,30,44,-6.91,-4.45,5.2
8408,1212671191,24,58,8,52,183,236,55,177,274,410,30,43,-6.91,-4.45,5.2
8409,1212672191,24,58,8,51,183,237,56,178,280,410,30,44,-6.91,-4.45,5.2
8410,1212675817,25,61,9,50,182,234,58,176,279,410,30,44,-6.91,-4.45,5.2
8411,1212677194,24,57,9,50,184,237,54,183,276,409,30,45,-6.91,-4.46,5.18
8412,1212677703,25,59,9,52,187,237,56,179,280,410,30,44,-6.91,-4.46,5.18
8413,1212678212,25,61,9,51,188,236,57,179,277,410,30,44,-6.91,-4.46,5.18
8414,1212679167,24,60,9,51,183,237,56,177,274,410,31,44,-6.91,-4.46,5.18
8415,1212680191,24,62,10,50,182,236,54,176,275,411,30,44,-6.91,-4.46,5.18
8416,1212681167,24,61,9,51,185,235,55,178,278,409,30,44,-6.91,-4.46,5.18
8417,1212682191,25,63,9,51,186,236,55,179,273,410,30,44,-6.91,-4.46,5.18
8418,1212685340,25,62,10,51,185,236,58,179,279,410,31,44,-6.91,-4.46,5.18
8419,1212687095,25,56,10,52,188,236,57,178,277,410,30,44,-6.91,-4.46,5.18
8420,1212687579,24,62,9,52,188,236,56,178,275,409,30,44,-6.9,-4.46,5.3
8421,1212688167,24,69,9,50,185,236,55,178,278,409,30,44,-6.9,-4.46,5.3
8422,1212689184,24,60,10,49,188,237,58,180,272,410,30,44,-6.9,-4.46,5.3
8423,1212690174,24,67,9,49,185,236,57,178,277,410,30,44,-6.9,-4.46,5.3
8424,1212691171,24,69,9,51,183,236,58,178,279,409,30,44,-6.9,-4.46,5.3
8425,1212692170,24,60,9,51,183,236,55,178,275,410,30,44,-6.9,-4.46,5.3
8426,1212695615,24,59,9,52,188,237,55,178,275,409,30,44,-6.9,-4.46,5.3
8427,1212697181,24,59,9,52,188,237,56,180,275,409,30,45,-6.94,-4.48,5.24
8428,1212697689,24,65,9,51,185,236,56,180,276,410,30,44,-6.94,-4.48,5.24
8429,1212698198,24,62,9,50,187,237,55,176,273,409,31,44,-6.94,-4.48,5.24
8430,1212699167,24,62,9,49,182,237,55,182,277,410,30,44,-6.94,-4.48,5.24
8431,1212700184,24,63,9,51,187,236,57,178,277,410,31,44,-6.94,-4.48,5.24
8432,1212701167,25,65,9,52,188,237,54,177,275,410,30,44,-6.94,-4.48,5.24
8433,1212702183,24,63,9,52,188,236,54,177,275,410,30,44,-6.94,-4.48,5.24
8434,1212705778,24,57,9,53,188,237,59,177,276,410,30,45,-6.94,-4.48,5.24
8435,1212707400,24,61,9,52,185,237,58,176,272,410,30,44,-6.91,-4.48,5.24
8436,1212707900,25,61,9,50,187,237,56,178,280,410,30,44,-6.91,-4.48,5.24
8437,1212708401,24,65,9,51,188,237,55,177,275,410,30,44,-6.91,-4.48,5.24
8438,1212709167,24,61,9,50,185,236,57,180,274,410,31,44,-6.91,-4.48,5.24
8439,1212710167,24,64,9,52,188,235,55,177,275,410,31,44,-6.91,-4.48,5.24
8440,1212711184,24,61,10,53,188,237,57,178,280,410,30,44,-6.91,-4.48,5.24
8441,1212712167,25,62,9,50,183,237,57,178,277,411,30,44,-6.91,-4.48,5.24
8442,1212713167,24,70,10,50,180,236,57,179,277,410,36,44,-6.91,-4.48,5.24
8443,1212714184,25,60,10,51,183,236,56,178,279,410,30,44,-6.91,-4.48,5.24
8444,1212715167,24,69,9,51,183,236,58,181,279,409,30,44,-6.91,-4.48,5.24
8445,1212716167,24,68,9,49,183,237,56,178,279,410,30,44,-6.91,-4.48,5.24
8446,1212717378,24,65,9,51,185,237,56,179,274,410,31,45,-6.94,-4.49,5.18
8447,1212718167,24,68,9,50,184,236,56,179,279,410,30,44,-6.94,-4.49,5.18
8448,1212719167,24,64,9,53,188,236,55,176,280,408,31,44,-6.94,-4.49,5.18
8449,1212720184,24,67,9,49,187,237,55,182,273,411,30,44,-6.94,-4.49,5.18
8450,1212721167,24,62,9,50,183,236,55,177,274,408,30,44,-6.94,-4.49,5.18
8451,1212722167,24,69,9,51,186,237,56,180,274,409,31,44,-6.94,-4.49,5.18
8452,1212725815,25,63,9,53,188,237,55,180,279,408,30,44,-6.94,-4.49,5.18
8453,1212727208,24,55,10,51,183,236,58,178,272,409,30,44,-6.92,-4.46,5.24
8454,1212727709,24,64,9,49,188,236,55,177,275,410,31,44,-6.92,-4.46,5.24
8455,1212728217,24,65,10,50,184,236,56,181,273,410,30,44,-6.92,-4.46,5.24
8456,1212729184,24,58,10,53,187,237,55,176,275,410,30,44,-6.92,-4.46,5.24
8457,1212730183,24,61,10,53,188,236,56,182,275,410,30,44,-6.92,-4.46,5.24
8458,1212731168,25,69,10,53,188,236,56,180,279,409,31,44,-6.92,-4.46,5.24
8459,1212732167,24,69,10,52,188,236,56,177,273,408,31,45,-6.92,-4.46,5.24
8460,1212735556,24,65,10,51,185,236,58,177,279,409,30,44,-6.92,-4.46,5.24
8461,1212737131,25,58,10,50,185,235,57,179,279,410,30,44,-6.9,-4.48,5.3
8462,1212737620,24,63,10,53,188,237,56,181,274,410,30,44,-6.9,-4.48,5.3
8463,1212738167,25,63,10,51,188,235,55,183,277,410,31,44,-6.9,-4.48,5.3
8464,1212739167,24,65,10,51,188,235,55,178,277,411,36,44,-6.9,-4.48,5.3
8465,1212740167,25,69,10,52,185,237,55,178,280,410,30,44,-6.9,-4.48,5.3
8466,1212741167,24,61,10,52,181,236,55,181,275,410,30,45,-6.9,-4.48,5.3
8467,1212742167,24,65,9,53,187,234,55,179,280,408,30,42,-6.9,-4.48,5.3
8468,1212745767,24,66,10,53,185,237,56,178,277,411,30,44,-6.9,-4.48,5.3
8469,1212747165,25,58,10,52,185,236,57,177,280,410,30,44,-6.92,-4.46,5.28
8470,1212747649,24,60,10,52,189,237,56,178,277,410,30,45,-6.92,-4.46,5.28
8471,1212748167,24,67,10,52,188,237,56,178,276,410,30,44,-6.92,-4.46,5.28
8472,1212749174,24,68,10,53,185,237,57,178,275,410,30,44,-6.92,-4.46,5.28
8473,1212750174,24,62,10,49,183,235,55,181,275,408,30,44,-6.92,-4.46,5.28
8474,1212751170,24,64,9,48,184,236,56,183,277,409,30,46,-6.92,-4.46,5.28
8475,1212752168,25,66,9,54,184,235,57,179,279,409,30,43,-6.92,-4.46,5.28
8476,1212755370,24,62,10,50,187,236,60,177,275,411,30,44,-6.92,-4.46,5.28
8477,1212757306,24,57,10,52,188,236,55,178,279,411,31,45,-6.92,-4.46,5.28
8478,1212757789,24,64,10,52,181,236,56,179,277,411,31,44,-6.91,-4.45,5.21
8479,1212758273,24,67,10,51,181,235,58,179,280,410,31,44,-6.91,-4.45,5.21
8480,1212759167,25,69,10,53,183,237,57,178,278,411,30,44,-6.91,-4.45,5.21
8481,1212760167,24,67,10,52,188,237,55,178,278,409,30,44,-6.91,-4.45,5.21
8482,1212761167,24,66,10,51,184,235,57,178,280,411,30,46,-6.91,-4.45,5.21
8483,1212762166,24,61,10,48,186,235,56,177,277,412,31,43,-6.91,-4.45,5.21
8484,1212763167,24,67,10,51,183,236,60,177,275,411,31,44,-6.91,-4.45,5.21
8485,1212764167,25,65,10,51,186,236,56,180,279,410,30,45,-6.91,-4.45,5.21
8486,1212765167,24,69,10,51,182,235,55,178,275,410,31,46,-6.91,-4.45,5.21
8487,1212766173,25,66,10,52,188,236,60,179,277,410,30,45,-6.91,-4.45,5.21
8488,1212767242,24,66,10,51,183,236,58,180,277,410,30,45,-6.91,-4.45,5.21
8489,1212768167,24,64,10,52,188,237,58,178,280,409,30,44,-6.93,-4.48,5.19
8490,1212769166,25,65,10,49,183,236,55,178,274,410,35,46,-6.93,-4.48,5.19
8491,1212770167,24,70,10,53,184,236,56,179,275,410,31,44,-6.93,-4.48,5.19
8492,1212771167,24,63,10,51,185,237,59,179,279,410,30,45,-6.93,-4.48,5.19
8493,1212772167,24,64,10,49,188,235,57,176,274,409,31,44,-6.93,-4.48,5.19
8494,1212775571,25,63,10,52,184,236,56,177,278,410,30,44,-6.93,-4.48,5.19
8495,1212777175,25,56,10,50,181,236,56,177,279,410,30,44,-6.92,-4.48,5.2
8496,1212777659,25,63,10,50,184,236,54,178,275,409,30,45,-6.92,-4.48,5.2
8497,1212778167,24,67,10,52,188,237,57,179,280,410,31,44,-6.92,-4.48,5.2
8498,1212779168,24,67,10,50,188,236,59,180,276,409,31,44,-6.92,-4.48,5.2
8499,1212780167,24,66,10,51,182,236,60,182,276,411,36,47,-6.92,-4.48,5.2
8500,1212781166,24,62,9,48,182,236,55,180,274,409,31,42,-6.92,-4.48,5.2
8501,1212782167,24,65,10,53,188,236,56,180,279,411,31,44,-6.92,-4.48,5.2
8502,1212785416,24,65,10,50,188,236,55,178,276,410,30,44,-6.92,-4.48,5.2
8503,1212787172,24,62,10,52,185,235,56,178,276,409,30,45,-6.92,-4.48,5.2
8504,1212787655,25,64,10,52,188,236,56,179,277,411,31,44,-6.92,-4.49,5.28
8505,1212788172,25,64,10,51,185,235,57,180,279,410,30,44,-6.92,-4.49,5.28
8506,1212789167,25,59,9,50,185,237,55,179,279,406,30,43,-6.92,-4.49,5.28
8507,1212790167,24,65,10,51,182,237,58,178,277,409,30,44,-6.92,-4.49,5.28
8508,1212791167,24,65,10,50,188,237,56,178,277,411,30,44,-6.92,-4.49,5.28
8509,1212792172,24,65,10,50,187,236,56,181,276,410,30,44,-6.92,-4.49,5.28
8510,1212795793,24,70,10,52,188,237,57,179,277,410,30,44,-6.92,-4.49,5.28
8511,1212797175,25,58,10,50,185,236,56,178,278,410,30,45,-6.91,-4.45,5.26
8512,1212797658,25,60,10,53,185,237,56,180,278,410,30,45,-6.91,-4.45,5.26
8513,1212798167,24,63,10,50,183,236,56,178,278,408,30,44,-6.91,-4.45,5.26
8514,1212799167,25,65,10,50,188,237,55,178,277,410,31,45,-6.91,-4.45,5.26
8515,1212800167,24,63,10,52,184,236,55,178,276,409,30,44,-6.91,-4.45,5.26
8516,1212801167,23,66,10,50,179,236,58,177,276,408,30,44,-6.91,-4.45,5.26
8517,1212802167,24,66,10,50,188,237,57,179,279,410,30,44,-6.91,-4.45,5.26
8518,1212805765,24,70,10,52,188,236,60,180,274,409,30,44,-6.91,-4.45,5.26
8519,1212807349,24,55,10,53,182,235,55,182,280,408,30,45,-6.92,-4.47,5.22
8520,1212807833,25,59,10,50,183,235,56,178,275,410,31,44,-6.92,-4.47,5.22
8521,1212808317,24,66,11,51,188,236,57,177,279,410,30,44,-6.92,-4.47,5.22
8522,1212809167,25,66,9,50,184,237,56,178,275,407,35,43,-6.92,-4.47,5.22
8523,1212810173,25,61,10,49,181,236,56,178,279,409,30,45,-6.92,-4.47,5.22
8524,1212811173,24,64,10,51,188,236,56,179,280,409,30,44,-6.92,-4.47,5.22
8525,1212812168,24,64,10,52,185,237,56,176,280,410,31,44,-6.92,-4.47,5.22
8526,1212813168,24,65,10,51,184,235,59,177,276,411,35,47,-6.92,-4.47,5.22
8527,1212814173,25,67,10,50,183,237,58,180,275,410,36,45,-6.92,-4.47,5.22
8528,1212815167,24,65,10,51,185,237,58,179,277,409,30,44,-6.92,-4.47,5.22
8529,1212816170,24,64,10,52,188,235,57,178,280,410,31,45,-6.92,-4.47,5.22
8530,1212817340,24,60,9,51,181,234,55,178,275,409,31,43,-6.9,-4.46,5.19
8531,1212818170,24,60,10,51,185,235,57,179,280,410,30,44,-6.9,-4.46,5.19
8532,1212819167,24,61,10,51,185,236,57,178,278,410,30,44,-6.9,-4.46,5.19
8533,1212820167,24,60,10,53,182,234,56,179,275,407,30,42,-6.9,-4.46,5.19
8534,1212821166,24,62,10,50,180,234,56,180,276,408,30,44,-6.9,-4.46,5.19
8535,1212822170,25,64,10,50,188,236,56,178,277,410,31,44,-6.9,-4.46,5.19
8536,1212825787,25,64,10,53,185,237,57,180,275,410,31,45,-6.9,-4.46,5.19
8537,1212827173,25,56,10,52,184,236,60,177,278,408,31,45,-6.9,-4.47,5.18
8538,1212827657,24,60,10,51,182,236,56,178,278,410,30,45,-6.9,-4.47,5.18
8539,1212828167,24,61,10,51,181,236,56,178,278,408,30,44,-6.9,-4.47,5.18
8540,1212829167,25,62,9,53,181,233,56,178,275,411,30,43,-6.9,-4.47,5.18
8541,1212830167,24,67,10,52,183,237,58,179,278,409,30,44,-6.9,-4.47,5.18
8542,1212831167,24,64,10,52,185,236,55,179,275,410,30,44,-6.9,-4.47,5.18
8543,1212832167,24,65,10,51,185,235,55,178,276,410,30,44,-6.9,-4.47,5.18
8544,1212835572,24,66,10,50,184,236,58,181,279,410,30,44,-6.9,-4.47,5.18
8545,1212837147,24,58,10,53,184,236,56,178,280,410,30,44,-6.91,-4.49,5.3
8546,1212837630,24,61,10,52,188,237,56,178,280,410,30,44,-6.91,-4.49,5.3
8547,1212838167,25,63,10,51,181,236,59,180,280,410,30,45,-6.91,-4.49,5.3
8548,1212839168,24,60,10,53,184,235,58,178,273,410,31,45,-6.91,-4.49,5.3
8549,1212840167,25,62,10,52,182,236,58,178,277,410,31,44,-6.91,-4.49,5.3
8550,1212841167,25,66,10,52,187,236,56,178,280,410,36,47,-6.91,-4.49,5.3
8551,1212842167,24,64,10,52,183,236,57,176,277,408,30,44,-6.91,-4.49,5.3
8552,1212845787,25,62,10,53,188,236,59,178,278,410,30,44,-6.91,-4.49,5.3
8553,1212847172,24,57,10,51,183,236,56,178,280,410,31,45,-6.93,-4.45,5.25
8554,1212847650,24,61,10,52,184,235,56,179,276,410,30,44,-6.93,-4.45,5.25
8555,1212848165,24,66,10,53,186,236,57,179,280,411,31,45,-6.93,-4.45,5.25
8556,1212849163,24,60,10,52,188,235,55,179,279,409,30,44,-6.93,-4.45,5.25
8557,1212850163,24,59,9,53,187,235,60,180,276,408,30,44,-6.93,-4.45,5.25
8558,1212851163,25,65,9,50,180,237,58,179,278,408,30,41,-6.93,-4.45,5.25
8559,1212852169,24,62,9,49,185,236,55,178,275,408,30,45,-6.93,-4.45,5.25
8560,1212855571,24,63,9,52,189,234,56,179,280,410,30,42,-6.93,-4.45,5.25
8561,1212857337,25,57,10,51,185,235,54,178,274,410,36,45,-6.91,-4.46,5.19
8562,1212857821,25,59,10,51,189,236,56,180,274,410,31,45,-6.91,-4.46,5.19
8563,1212858305,25,61,10,51,185,235,59,180,275,410,31,44,-6.91,-4.46,5.19
8564,1212859167,25,63,10,51,185,236,59,183,275,410,31,45,-6.91,-4.46,5.19
8565,1212860167,24,60,10,53,188,238,57,179,277,411,31,44,-6.91,-4.46,5.19
8566,1212861167,24,65,10,48,187,236,56,178,277,409,36,46,-6.91,-4.46,5.19
8567,1212862166,24,65,9,51,186,236,59,178,280,409,30,43,-6.91,-4.46,5.19
8568,1212863167,24,69,10,49,188,235,56,179,274,408,31,44,-6.91,-4.46,5.19
8569,1212864167,24,69,10,49,182,235,57,180,279,410,30,44,-6.91,-4.46,5.19
8570,1212865167,24,59,10,51,183,234,61,176,276,408,36,45,-6.91,-4.46,5.19
8571,1212866167,24,69,10,51,189,235,58,179,277,410,31,44,-6.91,-4.46,5.19
8572,1212867218,24,68,10,51,185,235,56,179,278,409,30,44,-6.91,-4.46,5.19
8573,1212868167,24,64,10,51,187,236,58,179,276,410,35,46,-6.93,-4.47,5.19
8574,1212869167,24,63,10,51,188,236,56,177,280,410,31,44,-6.93,-4.47,5.19
8575,1212870167,25,64,10,51,188,236,58,178,277,410,36,45,-6.93,-4.47,5.19
8576,1212871167,24,63,10,51,185,235,58,180,280,410,30,44,-6.93,-4.47,5.19
8577,1212872168,24,65,9,50,183,237,58,179,278,407,31,46,-6.93,-4.47,5.19
8578,1212875341,24,70,10,51,188,236,55,179,277,410,30,44,-6.93,-4.47,5.19
8579,1212877134,25,63,10,51,182,235,54,183,277,410,36,45,-6.91,-4.47,5.24
8580,1212877618,24,64,10,51,184,235,59,180,278,410,31,44,-6.91,-4.47,5.24
8581,1212878167,24,67,10,52,182,234,56,177,275,411,31,44,-6.91,-4.47,5.24
8582,1212879173,25,62,10,50,183,236,56,181,279,411,30,45,-6.91,-4.47,5.24
8583,1212880167,25,62,9,52,183,234,54,178,277,409,31,42,-6.91,-4.47,5.24
8584,1212881167,25,62,10,51,183,236,56,177,279,411,30,44,-6.91,-4.47,5.24
8585,1212882167,25,64,10,49,188,235,56,176,277,410,31,44,-6.91,-4.47,5.24
8586,1212885788,24,64,10,50,189,235,56,178,275,410,30,45,-6.91,-4.47,5.24
8587,1212887177,25,55,10,50,183,235,56,177,275,410,31,44,-6.91,-4.47,5.31
8588,1212887661,24,69,10,53,183,235,56,177,274,410,31,45,-6.91,-4.47,5.31
8589,1212888167,24,65,10,50,185,235,57,183,279,410,31,44,-6.91,-4.47,5.31
8590,1212889168,24,65,9,50,184,235,56,178,279,410,30,42,-6.91,-4.47,5.31
8591,1212890167,25,63,10,50,188,235,55,180,279,410,31,44,-6.91,-4.47,5.31
8592,1212891167,24,70,10,51,183,236,59,180,275,410,31,44,-6.91,-4.47,5.31
8593,1212892167,24,65,9,53,187,238,57,178,273,408,30,43,-6.91,-4.47,5.31
8594,1212895763,24,68,10,50,185,234,56,178,277,409,31,44,-6.91,-4.47,5.31
8595,1212897181,25,64,10,54,185,235,55,179,277,410,30,45,-6.91,-4.49,5.26
8596,1212897664,24,63,10,54,185,235,55,178,279,410,30,44,-6.91,-4.49,5.26
8597,1212898168,24,68,10,49,182,235,57,182,272,410,30,44,-6.91,-4.49,5.26
8598,1212899167,24,67,10,52,183,236,56,183,277,408,30,44,-6.91,-4.49,5.26
8599,1212900167,24,64,10,52,188,236,57,176,278,409,30,44,-6.91,-4.49,5.26
8600,1212901167,23,61,9,52,184,236,57,177,277,408,30,45,-6.91,-4.49,5.26
8601,1212902167,24,70,10,51,188,235,57,180,280,411,30,44,-6.91,-4.49,5.26
8602,1212905566,24,63,10,52,187,236,56,180,275,410,30,44,-6.91,-4.49,5.26
8603,1212907340,24,57,10,51,181,235,59,176,272,410,31,44,-6.91,-4.49,5.19
8604,1212907824,24,68,10,51,183,236,56,178,278,409,31,44,-6.91,-4.49,5.19
8605,1212908314,24,61,10,49,183,235,58,178,280,410,31,44,-6.91,-4.49,5.19
8606,1212909174,25,65,9,50,186,235,59,179,280,410,30,43,-6.91,-4.49,5.19
8607,1212910173,24,62,10,49,183,237,56,176,274,409,36,44,-6.91,-4.49,5.19
8608,1212911169,24,67,10,51,185,236,59,180,279,410,30,44,-6.91,-4.49,5.19
8609,1212912168,24,67,10,53,184,236,57,178,275,410,31,44,-6.91,-4.49,5.19
8610,1212913175,24,62,10,51,188,235,59,180,276,409,30,44,-6.91,-4.49,5.19
8611,1212914169,24,69,10,52,185,236,56,180,274,411,30,44,-6.91,-4.49,5.19
8612,1212915167,25,66,10,51,189,235,56,179,279,410,31,44,-6.91,-4.49,5.19
8613,1212917120,24,66,10,50,188,235,54,178,279,410,31,44,-6.89,-4.48,5.2
8614,1212917604,24,64,10,51,189,235,56,176,275,410,30,45,-6.89,-4.48,5.2
8615,1212918167,25,65,10,53,183,235,58,183,277,410,31,46,-6.89,-4.48,5.2
8616,1212919173,24,63,10,51,186,236,56,178,279,409,31,42,-6.89,-4.48,5.2
8617,1212920167,24,66,10,53,185,236,59,183,278,409,30,44,-6.89,-4.48,5.2
8618,1212921167,24,65,10,52,185,237,57,177,279,410,30,44,-6.89,-4.48,5.2
8619,1212922546,25,65,10,49,182,236,58,176,279,410,30,46,-6.89,-4.48,5.2
8620,1212925580,24,56,10,53,186,235,61,178,279,409,31,44,-6.89,-4.48,5.2
8621,1212927189,24,62,10,53,188,235,56,182,274,411,31,44,-6.91,-4.46,5.19
8622,1212927672,25,66,10,52,184,235,58,179,272,410,31,44,-6.91,-4.46,5.19
8623,1212928167,24,60,10,50,185,235,60,178,274,410,30,44,-6.91,-4.46,5.19
8624,1212929167,24,65,10,51,184,235,59,178,273,410,30,44,-6.91,-4.46,5.19
8625,1212930167,24,59,10,54,187,236,56,178,278,410,30,44,-6.91,-4.46,5.19
8626,1212931167,24,63,10,50,184,234,56,176,279,409,30,44,-6.91,-4.46,5.19
8627,1212932167,24,62,10,52,188,236,61,177,275,410,31,44,-6.91,-4.46,5.19
8628,1212935345,24,60,10,53,185,236,61,183,279,411,30,44,-6.91,-4.46,5.19
8629,1212937102,25,55,10,51,185,235,57,179,279,408,31,44,-6.91,-4.46,5.19
8630,1212937586,24,67,10,52,185,235,57,178,277,410,30,44,-6.91,-4.48,5.29
8631,1212938167,24,63,10,50,188,235,59,178,279,410,30,44,-6.91,-4.48,5.29
8632,1212939167,24,68,10,51,184,233,59,176,275,409,31,44,-6.91,-4.48,5.29
8633,1212940169,24,68,9,51,184,235,58,179,278,411,36,46,-6.91,-4.48,5.29
8634,1212941168,24,61,10,53,188,236,60,178,277,411,30,44,-6.91,-4.48,5.29
8635,1212942559,23,66,10,50,184,233,55,179,280,408,30,44,-6.91,-4.48,5.29
8636,1212945601,25,57,9,50,183,237,56,179,279,409,30,42,-6.91,-4.48,5.29
8637,1212947172,24,56,10,52,184,234,58,179,276,411,36,46,-6.92,-4.45,5.2
8638,1212947655,24,67,10,50,183,235,56,179,276,410,36,47,-6.92,-4.45,5.2
8639,1212948167,25,62,10,51,184,236,56,177,278,410,30,44,-6.92,-4.45,5.2
8640,1212949166,24,60,10,51,188,235,55,177,274,410,30,42,-6.92,-4.45,5.2
8641,1212950167,24,65,10,54,183,235,56,179,280,410,30,44,-6.92,-4.45,5.2
8642,1212951168,24,65,10,50,185,237,56,176,279,409,36,46,-6.92,-4.45,5.2
8643,1212953331,24,63,10,51,188,236,58,179,273,410,31,44,-6.92,-4.45,5.2
8644,1212956172,24,57,10,51,185,234,60,183,276,410,31,44,-6.92,-4.45,5.2
8645,1212957380,25,56,10,52,188,235,57,177,278,408,30,45,-6.91,-4.47,5.24
8646,1212957863,24,62,10,54,184,236,58,178,278,410,31,44,-6.91,-4.47,5.24
8647,1212958346,25,59,10,52,188,236,61,180,277,410,30,44,-6.91,-4.47,5.24
8648,1212959174,24,62,10,52,185,236,56,179,275,410,30,44,-6.91,-4.47,5.24
8649,1212960174,24,63,10,50,186,236,59,180,275,410,30,44,-6.91,-4.47,5.24
8650,1212961169,23,61,10,52,180,235,56,179,276,410,36,45,-6.91,-4.47,5.24
8651,1212962168,24,66,10,50,188,236,58,177,274,408,30,45,-6.91,-4.47,5.24
8652,1212963178,25,62,8,50,184,234,58,179,280,409,30,43,-6.91,-4.47,5.24
8653,1212964168,24,60,10,54,184,234,58,180,278,410,36,44,-6.91,-4.47,5.24
8654,1212965167,24,61,9,50,185,234,59,178,279,410,30,42,-6.91,-4.47,5.24
8655,1212966168,25,68,10,53,188,236,56,179,276,410,31,44,-6.91,-4.47,5.24
8656,1212967296,24,69,10,51,185,237,56,177,277,410,30,44,-6.9,-4.46,5.19
8657,1212968168,25,62,10,49,181,235,57,179,274,408,36,46,-6.9,-4.46,5.19
8658,1212969166,24,62,10,51,184,235,57,181,274,410,31,42,-6.9,-4.46,5.19
8659,1212970167,24,60,10,51,185,237,58,177,277,410,31,44,-6.9,-4.46,5.19
8660,1212971167,24,62,10,53,189,236,58,180,278,410,31,44,-6.9,-4.46,5.19
8661,1212973298,24,59,10,50,188,234,61,176,276,412,31,44,-6.9,-4.46,5.19
8662,1212975926,24,56,10,52,185,236,58,179,280,410,30,44,-6.9,-4.46,5.19
8663,1212977123,24,56,10,52,187,236,56,180,280,409,30,44,-6.91,-4.47,5.21
8664,1212977608,25,62,10,52,188,236,58,180,277,410,31,44,-6.91,-4.47,5.21
8665,1212978167,24,60,10,51,186,235,56,183,278,410,31,44,-6.91,-4.47,5.21
8666,1212979167,24,65,10,54,185,235,55,179,276,411,31,44,-6.91,-4.47,5.21
8667,1212980167,24,65,10,50,182,235,56,180,280,410,30,44,-6.91,-4.47,5.21
8668,1212981167,24,63,10,51,183,234,57,177,280,407,30,43,-6.91,-4.47,5.21
8669,1212982576,25,65,10,52,185,236,55,179,277,409,30,44,-6.91,-4.47,5.21
8670,1212985406,24,60,10,53,185,236,54,179,278,411,31,44,-6.91,-4.47,5.21
8671,1212987180,24,56,10,51,187,236,55,178,276,410,31,44,-6.91,-4.48,5.3
8672,1212987664,24,60,10,51,185,237,54,178,278,410,30,44,-6.91,-4.48,5.3
8673,1212988167,25,62,10,53,187,236,56,179,273,410,30,44,-6.91,-4.48,5.3
8674,1212989167,24,61,10,50,185,236,57,179,279,410,31,44,-6.91,-4.48,5.3
8675,1212990167,24,68,10,52,188,236,57,180,274,408,31,45,-6.91,-4.48,5.3
8676,1212991167,23,63,10,49,188,235,57,178,276,411,31,46,-6.91,-4.48,5.3
8677,1212992168,24,60,10,52,188,235,58,178,280,410,31,44,-6.91,-4.48,5.3
8678,1212995345,25,66,10,49,182,235,61,178,278,409,36,45,-6.91,-4.48,5.3
8679,1212997095,24,58,10,52,188,235,59,179,278,410,31,44,-6.91,-4.48,5.3
8680,1212997578,24,63,10,53,188,236,61,178,278,410,31,44,-6.89,-4.47,5.22
8681,1212998167,25,65,9,52,180,235,57,180,278,410,30,43,-6.89,-4.47,5.22
8682,1212999168,24,65,10,50,188,237,60,177,274,408,35,44,-6.89,-4.47,5.22
8683,1213000169,24,63,10,51,183,237,58,181,277,411,31,44,-6.89,-4.47,5.22
8684,1213001167,24,70,10,52,187,236,60,179,277,409,30,44,-6.89,-4.47,5.22
8685,1213002189,24,64,10,52,185,237,58,177,279,411,30,45,-6.89,-4.47,5.22
8686,1213005553,25,62,10,51,184,234,57,178,279,410,30,44,-6.89,-4.47,5.22
8687,1213007316,25,57,10,50,185,236,58,180,280,411,30,44,-6.92,-4.46,5.2
8688,1213007799,25,63,10,51,188,237,59,177,279,411,31,44,-6.92,-4.46,5.2
8689,1213008283,25,66,10,52,188,236,60,178,279,411,31,44,-6.92,-4.46,5.2
8690,1213009167,25,67,10,52,185,235,57,177,278,410,30,45,-6.92,-4.46,5.2
8691,1213010184,24,59,10,51,188,236,56,177,279,410,30,45,-6.92,-4.46,5.2
8692,1213011167,24,65,10,52,186,235,60,179,280,411,30,44,-6.92,-4.46,5.2
8693,1213012167,25,63,10,51,185,235,61,178,277,409,30,44,-6.92,-4.46,5.2
8694,1213013175,24,61,10,50,188,236,57,178,275,411,31,44,-6.92,-4.46,5.2
8695,1213014167,24,64,10,51,183,235,58,176,277,410,31,44,-6.92,-4.46,5.2
8696,1213015167,24,63,10,52,188,237,60,179,278,410,31,44,-6.92,-4.46,5.2
8697,1213017120,25,65,10,51,187,236,56,180,277,408,31,44,-6.91,-4.46,5.19
8698,1213017604,25,62,10,51,187,236,56,183,277,410,30,44,-6.91,-4.46,5.19
8699,1213018168,24,60,10,51,188,236,58,178,277,410,30,44,-6.91,-4.46,5.19
8700,1213019167,24,63,10,53,188,237,57,178,278,410,30,45,-6.91,-4.46,5.19
8701,1213020167,24,69,10,50,181,235,58,178,275,410,31,45,-6.91,-4.46,5.19
8702,1213021184,25,65,10,53,185,236,58,179,273,410,30,45,-6.91,-4.46,5.19
8703,1213022762,24,61,10,54,188,237,55,178,273,411,30,45,-6.91,-4.46,5.19
8704,1213025386,25,57,10,52,188,236,58,179,280,408,30,45,-6.91,-4.46,5.19
8705,1213027142,25,57,10,53,181,236,58,180,275,410,31,45,-6.91,-4.46,5.19
8706,1213027643,24,60,10,51,187,236,57,178,275,410,30,45,-6.91,-4.46,5.26
8707,1213028167,25,66,10,51,185,236,57,178,280,410,31,44,-6.91,-4.46,5.26
8708,1213029172,24,65,10,50,188,235,57,178,278,410,30,45,-6.91,-4.46,5.26
8709,1213030167,25,69,10,50,185,236,60,180,277,410,30,45,-6.91,-4.46,5.26
8710,1213031168,25,63,10,51,188,235,57,180,278,408,30,45,-6.91,-4.46,5.26
8711,1213032167,25,69,10,51,188,236,57,178,277,410,30,44,-6.91,-4.46,5.26
8712,1213035764,25,64,10,53,186,236,57,182,275,410,31,45,-6.91,-4.46,5.26
8713,1213037173,24,58,10,52,184,235,58,176,276,410,30,45,-6.9,-4.46,5.29
8714,1213037676,24,65,10,49,188,235,57,178,275,410,30,45,-6.9,-4.46,5.29
8715,1213038167,24,70,10,50,188,236,56,179,274,410,31,45,-6.9,-4.46,5.29
8716,1213039167,24,70,10,52,189,234,59,178,278,410,30,45,-6.9,-4.46,5.29
8717,1213040167,25,65,10,52,186,236,56,182,279,410,31,45,-6.9,-4.46,5.29
8718,1213041167,24,64,10,50,188,236,56,183,280,410,31,45,-6.9,-4.46,5.29
8719,1213042186,24,60,10,52,182,236,56,178,279,410,30,45,-6.9,-4.46,5.29
8720,1213045345,24,65,10,50,188,237,58,178,280,411,30,44,-6.9,-4.46,5.29
8721,1213047138,24,55,10,50,188,235,57,176,275,410,36,45,-6.92,-4.48,5.26
8722,1213047621,25,64,10,51,181,235,58,178,275,410,30,44,-6.92,-4.48,5.26
8723,1213048173,24,60,10,50,188,236,55,180,274,410,31,44,-6.92,-4.48,5.26
8724,1213049167,24,63,10,50,185,236,55,177,274,410,36,44,-6.92,-4.48,5.26
8725,1213050184,25,64,10,49,186,236,56,179,276,410,30,44,-6.92,-4.48,5.26
8726,1213051168,24,63,10,54,185,235,57,178,280,410,31,44,-6.92,-4.48,5.26
8727,1213052167,24,68,10,51,185,236,57,179,280,410,30,44,-6.92,-4.48,5.26
8728,1213055567,24,60,10,52,185,235,58,180,275,410,31,44,-6.92,-4.48,5.26
8729,1213057368,24,55,10,52,187,235,57,180,278,411,30,44,-6.91,-4.48,5.2
8730,1213057852,24,63,10,51,188,235,56,180,274,410,36,45,-6.91,-4.48,5.2
8731,1213058336,24,61,10,50,185,235,58,176,279,409,30,44,-6.91,-4.48,5.2
8732,1213059168,24,68,10,51,184,235,57,177,274,410,31,44,-6.91,-4.48,5.2
8733,1213060167,24,63,10,51,184,236,56,179,277,411,31,44,-6.91,-4.48,5.2
8734,1213061167,25,68,10,51,188,234,56,177,275,410,31,44,-6.91,-4.48,5.2
8735,1213062184,24,57,10,49,187,236,57,178,275,410,31,45,-6.91,-4.48,5.2
8736,1213063175,24,64,10,49,184,237,59,176,279,410,31,44,-6.91,-4.48,5.2
8737,1213064167,24,69,10,50,188,237,57,180,280,410,31,44,-6.91,-4.48,5.2
8738,1213065184,25,59,10,51,185,235,59,178,275,409,30,44,-6.91,-4.48,5.2
8739,1213066167,25,64,10,52,185,236,60,179,273,410,31,44,-6.91,-4.48,5.2
8740,1213067305,24,63,10,53,185,236,55,179,279,410,30,44,-6.89,-4.46,5.21
8741,1213068167,25,63,10,54,188,235,57,178,278,410,30,44,-6.89,-4.46,5.21
8742,1213069184,24,62,10,51,185,235,59,177,277,411,36,45,-6.89,-4.46,5.21
8743,1213070184,25,61,10,53,187,235,59,180,278,410,30,44,-6.89,-4.46,5.21
8744,1213071167,24,63,10,51,185,235,56,178,279,409,31,44,-6.89,-4.46,5.21
8745,1213073339,24,62,10,50,185,235,55,177,278,409,30,44,-6.89,-4.46,5.21
8746,1213075993,25,61,10,53,188,238,57,180,276,410,30,44,-6.89,-4.46,5.21
8747,1213077200,25,59,10,53,188,234,59,178,275,409,36,45,-6.94,-4.49,5.22
8748,1213077689,25,59,10,51,185,234,55,179,273,409,36,45,-6.94,-4.49,5.22
8749,1213078173,24,64,10,52,188,235,55,177,273,409,31,44,-6.94,-4.49,5.22
8750,1213079184,24,62,10,51,181,235,56,182,273,408,30,44,-6.94,-4.49,5.22
8751,1213080168,24,60,10,51,186,236,56,176,279,410,31,44,-6.94,-4.49,5.22
8752,1213081167,24,65,10,52,188,236,56,178,277,411,30,44,-6.94,-4.49,5.22
8753,1213082167,24,66,10,50,181,235,57,179,278,410,30,44,-6.94,-4.49,5.22
8754,1213085804,25,59,10,52,185,235,59,176,275,410,36,45,-6.94,-4.49,5.22
8755,1213087181,24,57,10,50,183,235,55,178,277,410,30,44,-6.93,-4.47,5.27
8756,1213087682,24,66,10,50,183,236,55,178,280,410,30,44,-6.93,-4.47,5.27
8757,1213088183,24,64,10,53,184,237,55,179,275,411,30,45,-6.93,-4.47,5.27
8758,1213089168,25,68,10,52,183,235,55,178,279,411,30,44,-6.93,-4.47,5.27
8759,1213090224,24,60,10,53,188,237,57,179,275,409,31,44,-6.93,-4.47,5.27
8760,1213091190,24,62,10,54,183,236,56,179,277,410,30,44,-6.93,-4.47,5.27
8761,1213092184,25,61,10,51,184,236,59,176,280,410,31,45,-6.93,-4.47,5.27
8762,1213095585,24,61,10,51,188,234,57,180,279,411,30,44,-6.93,-4.47,5.27
8763,1213097165,24,62,10,50,182,236,58,179,277,410,30,45,-6.93,-4.47,5.22
8764,1213097666,25,58,10,50,183,235,57,180,278,408,31,44,-6.93,-4.47,5.22
8765,1213098184,24,61,10,52,186,235,57,178,279,410,31,44,-6.93,-4.47,5.22
8766,1213099167,24,64,10,54,184,235,55,178,277,410,31,44,-6.93,-4.47,5.22
8767,1213100167,24,60,10,51,185,235,55,178,277,411,30,44,-6.93,-4.47,5.22
8768,1213101184,24,65,10,51,185,236,57,178,275,410,36,45,-6.93,-4.47,5.22
8769,1213102167,24,63,10,52,183,235,56,179,276,410,30,44,-6.93,-4.47,5.22
8770,1213105765,24,65,10,52,184,235,56,179,275,411,30,44,-6.93,-4.47,5.22
8771,1213107350,24,55,10,52,181,236,58,179,280,410,30,44,-6.9,-4.44,5.22
8772,1213107833,25,61,10,54,187,235,55,178,279,410,30,44,-6.9,-4.44,5.22
8773,1213108317,24,60,10,50,188,236,58,180,280,410,31,44,-6.9,-4.44,5.22
8774,1213109167,24,65,10,53,188,236,56,178,278,411,31,44,-6.9,-4.44,5.22
8775,1213110187,24,63,10,52,183,235,56,177,277,410,31,44,-6.9,-4.44,5.22
8776,1213111184,24,60,10,50,181,237,58,181,278,410,30,44,-6.9,-4.44,5.22
8777,1213112184,24,59,10,51,189,235,56,179,279,410,30,45,-6.9,-4.44,5.22
8778,1213113192,25,64,10,50,183,235,56,177,275,410,31,44,-6.9,-4.44,5.22
8779,1213114167,24,67,10,51,188,235,56,176,277,411,31,45,-6.9,-4.44,5.22
8780,1213115174,25,60,10,51,185,236,58,176,277,411,31,44,-6.9,-4.44,5.22
8781,1213117121,24,59,10,52,183,236,56,178,276,410,31,44,-6.91,-4.46,5.19
8782,1213117605,25,59,10,52,189,236,55,183,275,410,31,44,-6.91,-4.46,5.19
8783,1213118172,24,64,10,50,185,235,55,180,275,411,31,44,-6.91,-4.46,5.19
8784,1213119167,24,59,10,51,188,235,56,178,278,410,30,44,-6.91,-4.46,5.19
8785,1213120167,25,63,10,51,185,236,55,181,275,410,30,44,-6.91,-4.46,5.19
8786,1213121186,24,58,10,51,188,235,56,180,273,410,30,44,-6.91,-4.46,5.19
8787,1213122743,24,63,10,51,181,235,56,183,280,410,31,44,-6.91,-4.46,5.19
8788,1213125583,24,56,10,52,181,235,55,178,280,410,31,45,-6.91,-4.46,5.19
8789,1213127157,24,57,10,52,181,236,58,177,280,411,36,45,-6.92,-4.46,5.18
8790,1213127642,24,65,10,53,188,236,55,179,277,410,31,44,-6.92,-4.46,5.18
8791,1213128168,25,62,10,52,188,237,57,177,277,411,31,44,-6.92,-4.46,5.18
8792,1213129167,24,65,10,51,188,235,56,178,277,411,31,44,-6.92,-4.46,5.18
8793,1213130167,24,64,10,52,188,234,58,178,279,410,30,44,-6.92,-4.46,5.18
8794,1213131184,24,59,10,52,187,235,57,176,274,411,30,45,-6.92,-4.46,5.18
8795,1213132168,24,66,10,52,189,236,57,179,274,411,31,44,-6.92,-4.46,5.18
8796,1213135361,24,60,10,53,188,236,55,177,278,410,30,44,-6.92,-4.46,5.18
8797,1213137135,24,57,10,51,188,236,55,180,275,410,30,44,-6.92,-4.48,5.28
8798,1213137635,25,58,10,51,189,236,56,180,277,411,31,44,-6.92,-4.48,5.28
8799,1213138167,25,66,10,51,186,236,58,176,277,411,31,44,-6.92,-4.48,5.28
8800,1213139184,24,61,11,52,181,237,56,176,275,410,30,44,-6.92,-4.48,5.28
8801,1213140167,24,65,10,50,185,235,57,178,277,411,31,44,-6.92,-4.48,5.28
8802,1213141184,24,62,11,51,186,237,57,180,277,410,32,44,-6.92,-4.48,5.28
8803,1213142184,24,62,10,51,187,234,55,178,276,406,31,44,-6.92,-4.48,5.28
8804,1213145361,24,60,10,50,182,235,55,183,279,410,30,44,-6.92,-4.48,5.28
8805,1213147111,24,56,10,52,185,236,56,178,278,411,31,44,-6.92,-4.48,5.28
8806,1213147602,24,68,11,50,185,237,55,177,277,411,31,44,-6.91,-4.5,5.25
8807,1213148176,24,65,10,53,189,236,54,179,274,410,30,44,-6.91,-4.5,5.25
8808,1213149175,24,59,10,52,186,237,56,180,280,410,30,44,-6.91,-4.5,5.25
8809,1213150180,24,62,10,52,188,236,55,182,279,410,30,45,-6.91,-4.5,5.25
8810,1213151175,24,60,10,51,188,236,57,178,280,410,30,44,-6.91,-4.5,5.25
8811,1213152175,24,62,10,51,181,236,55,177,275,410,30,44,-6.91,-4.5,5.25
8812,1213155564,25,67,10,51,182,236,58,177,273,411,30,44,-6.91,-4.5,5.25
8813,1213157335,24,58,10,53,188,237,55,179,277,410,30,44,-6.94,-4.51,5.22
8814,1213157842,25,65,10,53,188,237,58,179,274,410,31,45,-6.94,-4.51,5.22
8815,1213158342,24,59,10,52,188,236,56,176,276,410,30,44,-6.94,-4.51,5.22
8816,1213159184,24,64,10,50,182,237,56,177,276,410,30,45,-6.94,-4.51,5.22
8817,1213160184,25,62,10,51,184,236,57,176,279,411,30,42,-6.94,-4.51,5.22
8818,1213161184,24,63,9,50,180,235,56,178,277,410,30,44,-6.94,-4.51,5.22
8819,1213162183,24,57,10,54,185,236,56,179,273,410,30,44,-6.94,-4.51,5.22
8820,1213163183,25,62,10,53,188,237,56,176,272,409,30,44,-6.94,-4.51,5.22
8821,1213164184,25,60,10,53,184,236,57,177,274,408,30,46,-6.94,-4.51,5.22
8822,1213165184,24,59,10,50,185,235,56,180,276,411,30,44,-6.94,-4.51,5.22
8823,1213166184,25,59,10,51,183,236,56,178,277,410,30,44,-6.94,-4.51,5.22
8824,1213167226,25,60,11,50,186,237,58,179,276,411,30,42,-6.93,-4.48,5.2
8825,1213168183,24,64,10,49,184,237,57,178,278,408,30,44,-6.93,-4.48,5.2
8826,1213169183,25,63,10,50,187,237,54,177,274,411,30,44,-6.93,-4.48,5.2
8827,1213170184,25,60,10,53,188,235,54,178,273,410,30,45,-6.93,-4.48,5.2
8828,1213171184,24,62,10,51,188,235,56,176,273,410,30,44,-6.93,-4.48,5.2
8829,1213174055,25,59,9,51,184,236,59,176,275,408,36,46,-6.93,-4.48,5.2
8830,1213176482,24,58,10,51,182,236,57,177,275,410,31,45,-6.93,-4.48,5.2
8831,1213177310,24,58,10,49,182,234,55,176,277,411,30,44,-6.89,-4.48,5.24
8832,1213177811,24,61,10,51,188,235,58,178,276,410,30,44,-6.89,-4.48,5.24
8833,1213178311,25,59,10,52,188,237,58,178,280,411,31,44,-6.89,-4.48,5.24
8834,1213179185,24,61,10,54,188,238,56,178,275,410,31,44,-6.89,-4.48,5.24
8835,1213180184,24,64,10,51,189,238,58,179,277,410,30,44,-6.89,-4.48,5.24
8836,1213181189,25,61,10,49,185,237,56,178,275,411,30,42,-6.89,-4.48,5.24
8837,1213182184,24,65,10,51,188,236,55,178,275,410,30,44,-6.89,-4.48,5.24
8838,1213185369,24,59,10,51,188,235,56,178,277,411,30,44,-6.89,-4.48,5.24
8839,1213187113,24,56,10,52,188,235,56,180,275,410,36,44,-6.89,-4.48,5.24
8840,1213187620,25,65,10,50,182,235,58,179,277,411,31,44,-6.92,-4.46,5.28
8841,1213188184,24,62,10,51,189,235,55,179,272,410,30,44,-6.92,-4.46,5.28
8842,1213189184,24,59,10,52,187,236,58,179,279,409,30,44,-6.92,-4.46,5.28
8843,1213190184,24,58,10,50,188,237,57,177,275,409,29,44,-6.92,-4.46,5.28
8844,1213191184,24,57,10,50,182,235,55,179,277,411,30,44,-6.92,-4.46,5.28
8845,1213192184,24,63,10,49,182,235,57,180,274,410,30,44,-6.92,-4.46,5.28
8846,1213195556,24,61,10,51,183,237,56,177,279,410,30,46,-6.92,-4.46,5.28
8847,1213197145,25,57,10,50,182,237,56,181,273,411,31,44,-6.91,-4.49,5.27
8848,1213197646,25,60,10,53,185,235,55,181,277,410,31,44,-6.91,-4.49,5.27
8849,1213198184,25,59,10,49,185,235,58,179,275,410,30,44,-6.91,-4.49,5.27
8850,1213199184,24,59,10,51,188,235,58,176,277,411,30,44,-6.91,-4.49,5.27
8851,1213200184,24,59,10,54,189,238,58,179,273,410,30,44,-6.91,-4.49,5.27
8852,1213201184,25,58,10,52,183,235,58,183,277,411,31,43,-6.91,-4.49,5.27
8853,1213202185,24,59,10,53,188,238,57,178,280,410,30,44,-6.91,-4.49,5.27
8854,1213205583,24,59,10,50,187,237,59,176,272,410,30,44,-6.91,-4.49,5.27
8855,1213207267,25,56,10,49,185,236,57,177,275,410,30,44,-6.91,-4.49,5.2
8856,1213207768,24,64,10,53,188,235,56,180,280,410,31,44,-6.91,-4.49,5.2
8857,1213208268,25,61,10,52,188,235,59,177,275,410,30,44,-6.91,-4.49,5.2
8858,1213209187,24,65,11,53,188,235,58,179,280,410,31,44,-6.91,-4.49,5.2
8859,1213210184,26,57,9,50,185,237,57,179,272,408,31,46,-6.91,-4.49,5.2
8860,1213211184,24,62,10,51,185,235,55,178,279,410,30,44,-6.91,-4.49,5.2
8861,1213212186,25,60,10,50,187,236,55,178,278,410,30,44,-6.91,-4.49,5.2
8862,1213213184,24,64,11,49,185,238,59,179,275,410,30,44,-6.91,-4.49,5.2
8863,1213214184,24,62,10,51,186,235,57,177,277,408,30,43,-6.91,-4.49,5.2
8864,1213215184,25,61,10,50,186,236,59,177,275,407,30,46,-6.91,-4.49,5.2
8865,1213216186,25,58,10,52,184,236,55,179,271,409,30,43,-6.91,-4.49,5.2
8866,1213217205,24,66,10,50,186,235,58,179,275,408,31,45,-6.92,-4.49,5.17
8867,1213218184,25,63,10,51,182,236,59,176,275,410,30,44,-6.92,-4.49,5.17
8868,1213219183,24,59,10,51,188,235,54,179,279,410,30,44,-6.92,-4.49,5.17
8869,1213220185,25,64,10,52,183,237,57,179,279,410,31,43,-6.92,-4.49,5.17
8870,1213221183,25,68,9,50,182,234,59,176,275,408,29,45,-6.92,-4.49,5.17
8871,1213224629,24,61,10,51,180,235,55,180,272,411,30,44,-6.92,-4.49,5.17
8872,1213226955,24,59,10,52,188,235,57,179,277,410,36,44,-6.92,-4.49,5.17
8873,1213227457,24,61,10,51,188,236,55,178,275,410,31,44,-6.93,-4.45,5.2
8874,1213228184,25,63,10,50,188,238,56,178,276,410,31,44,-6.93,-4.45,5.2
8875,1213229184,25,66,10,49,188,235,55,179,277,411,36,45,-6.93,-4.45,5.2
8876,1213230184,25,60,9,51,182,235,57,179,278,408,31,46,-6.93,-4.45,5.2
8877,1213231183,24,66,10,50,181,236,56,178,279,410,35,43,-6.93,-4.45,5.2
8878,1213233700,24,64,10,51,186,236,58,177,275,411,30,44,-6.93,-4.45,5.2
8879,1213236321,24,55,10,53,181,235,54,180,274,410,31,44,-6.93,-4.45,5.2
8880,1213237147,25,56,10,49,183,235,55,179,276,411,31,44,-6.88,-4.46,5.28
8881,1213237648,24,64,10,49,183,235,56,180,273,411,31,44,-6.88,-4.46,5.28
8882,1213238184,24,57,10,53,183,236,55,177,275,409,31,44,-6.88,-4.46,5.28
8883,1213239186,24,61,10,52,183,235,55,180,280,411,31,45,-6.88,-4.46,5.28
8884,1213240184,25,62,10,50,187,235,55,179,273,410,31,46,-6.88,-4.46,5.28
8885,1213241189,24,61,10,52,186,235,55,180,277,411,30,44,-6.88,-4.46,5.28
8886,1213243138,24,63,10,51,187,235,56,178,275,410,31,44,-6.88,-4.46,5.28
8887,1213245812,24,65,10,51,185,235,58,177,280,410,30,44,-6.88,-4.46,5.28
8888,1213247014,24,56,10,51,188,235,56,176,277,410,30,45,-6.9,-4.5,5.3
8889,1213247510,25,67,10,50,188,235,56,178,278,411,36,45,-6.9,-4.5,5.3
8890,1213248179,24,61,10,52,186,235,55,180,275,410,30,44,-6.9,-4.5,5.3
8891,1213249179,25,62,10,52,185,235,55,180,278,411,30,43,-6.9,-4.5,5.3
8892,1213250179,24,62,11,51,187,237,55,178,277,411,36,44,-6.9,-4.5,5.3
8893,1213251179,24,62,11,53,180,236,55,177,276,410,31,45,-6.9,-4.5,5.3
8894,1213253691,25,63,10,49,188,235,55,178,275,410,31,44,-6.9,-4.5,5.3
8895,1213256314,24,61,10,49,184,236,57,183,280,410,31,45,-6.9,-4.5,5.3
8896,1213257334,24,57,10,51,183,236,55,178,275,410,36,45,-6.9,-4.48,5.21
8897,1213257835,24,59,10,49,180,238,57,178,276,410,36,45,-6.9,-4.48,5.21
8898,1213258336,25,59,10,53,183,236,56,183,275,410,30,45,-6.9,-4.48,5.21
8899,1213259184,24,56,10,51,180,235,56,177,278,410,36,47,-6.9,-4.48,5.21
8900,1213260184,24,60,10,49,181,236,58,179,277,410,36,45,-6.9,-4.48,5.21
8901,1213261184,25,64,11,52,183,235,58,180,278,410,31,44,-6.9,-4.48,5.21
8902,1213262184,24,64,10,49,188,235,58,178,277,410,31,45,-6.9,-4.48,5.21
8903,1213263184,24,63,10,51,187,236,59,180,277,410,36,47,-6.9,-4.48,5.21
8904,1213264184,24,64,10,53,181,237,55,181,276,410,31,45,-6.9,-4.48,5.21
8905,1213265184,25,64,10,51,188,235,58,181,280,410,31,45,-6.9,-4.48,5.21
8906,1213266184,25,62,10,50,180,235,55,176,275,408,31,46,-6.9,-4.48,5.21
8907,1213267239,24,65,11,51,188,235,59,178,276,410,36,45,-6.91,-4.49,5.19
8908,1213268184,24,64,10,50,185,235,56,177,274,411,30,45,-6.91,-4.49,5.19
8909,1213269183,24,62,10,51,188,235,58,177,276,411,30,45,-6.91,-4.49,5.19
8910,1213270184,25,59,10,50,183,238,55,177,278,411,30,43,-6.91,-4.49,5.19
8911,1213271184,24,60,10,50,188,235,56,179,278,411,30,44,-6.91,-4.49,5.19
8912,1213274710,24,58,10,50,188,235,58,180,275,410,31,45,-6.91,-4.49,5.19
8913,1213276975,25,56,10,49,186,236,55,180,276,409,31,45,-6.91,-4.49,5.19
8914,1213277477,25,61,10,50,185,235,55,179,277,411,31,45,-6.92,-4.49,5.18
8915,1213278184,24,66,11,52,188,236,56,180,274,410,31,45,-6.92,-4.49,5.18
8916,1213279184,24,67,10,52,181,235,55,177,275,408,30,44,-6.92,-4.49,5.18
8917,1213280183,24,63,10,48,185,235,60,177,273,410,36,47,-6.92,-4.49,5.18
8918,1213281184,24,61,10,52,180,236,58,178,276,410,31,45,-6.92,-4.49,5.18
8919,1213283519,25,63,10,49,188,235,57,177,272,411,31,44,-6.92,-4.49,5.18
8920,1213286192,25,64,10,53,182,235,58,180,274,409,31,45,-6.92,-4.49,5.18
8921,1213287214,25,56,10,53,188,237,55,178,277,411,31,45,-6.93,-4.47,5.29
8922,1213287714,24,65,10,51,188,235,57,178,275,411,31,45,-6.93,-4.47,5.29
8923,1213288216,24,67,10,50,187,235,55,180,273,409,30,45,-6.93,-4.47,5.29
8924,1213289184,24,67,10,49,183,236,58,178,273,411,30,42,-6.93,-4.47,5.29
8925,1213290183,25,63,9,51,184,235,56,178,275,410,31,44,-6.93,-4.47,5.29
8926,1213291184,24,61,10,52,188,236,56,178,273,410,31,44,-6.93,-4.47,5.29
8927,1213292184,24,62,10,52,188,236,58,179,274,410,31,45,-6.93,-4.47,5.29
8928,1213295361,24,57,10,51,184,236,56,178,278,409,31,44,-6.93,-4.47,5.29
8929,1213296924,24,57,10,53,185,236,58,177,277,409,30,45,-6.93,-4.47,5.26
8930,1213297426,25,62,10,53,181,236,58,177,273,410,30,44,-6.93,-4.47,5.26
8931,1213298190,24,62,10,51,188,235,55,178,272,410,31,44,-6.93,-4.47,5.26
8932,1213299185,24,65,10,53,186,236,56,180,275,411,30,44,-6.93,-4.47,5.26
8933,1213300184,24,62,10,50,186,236,56,178,274,410,30,44,-6.93,-4.47,5.26
8934,1213301189,25,64,10,51,187,234,55,182,278,407,30,46,-6.93,-4.47,5.26
8935,1213304446,25,63,10,51,188,236,55,176,275,410,31,44,-6.93,-4.47,5.26
8936,1213307005,24,67,10,51,186,235,56,179,279,410,36,45,-6.93,-4.47,5.26
8937,1213307506,24,64,10,53,188,236,58,183,276,410,31,44,-6.92,-4.47,5.2
8938,1213308183,24,63,10,53,183,235,55,178,275,410,30,44,-6.92,-4.47,5.2
8939,1213309183,24,61,10,50,183,237,58,179,280,410,31,44,-6.92,-4.47,5.2
8940,1213310184,24,60,10,52,181,234,57,176,279,410,30,44,-6.92,-4.47,5.2
8941,1213311184,24,61,10,51,187,236,58,179,275,410,30,44,-6.92,-4.47,5.2
8942,1213312183,24,63,10,53,185,236,56,179,274,409,30,44,-6.92,-4.47,5.2
8943,1213313184,24,60,11,52,182,237,56,179,274,411,32,44,-6.92,-4.47,5.2
8944,1213314183,24,64,10,50,179,235,55,178,278,413,31,44,-6.92,-4.47,5.2
8945,1213315187,24,60,10,54,187,236,56,183,275,410,30,44,-6.92,-4.47,5.2
8946,1213317117,24,60,11,50,188,237,56,179,277,410,30,44,-6.94,-4.48,5.21
8947,1213317618,25,68,10,51,187,236,56,179,278,411,30,44,-6.94,-4.48,5.21
8948,1213318184,24,66,10,51,181,236,59,180,277,410,31,44,-6.94,-4.48,5.21
8949,1213319184,24,62,10,49,187,234,55,178,280,411,30,43,-6.94,-4.48,5.21
8950,1213320184,25,62,10,49,188,236,57,179,279,410,31,44,-6.94,-4.48,5.21
8951,1213321184,24,59,10,50,187,236,56,180,272,410,30,44,-6.94,-4.48,5.21
8952,1213322757,24,58,10,51,188,236,58,180,275,411,31,44,-6.94,-4.48,5.21
8953,1213325430,25,64,10,53,188,236,57,178,275,410,31,44,-6.94,-4.48,5.21
8954,1213326996,24,56,11,51,188,237,56,181,272,410,31,44,-6.94,-4.48,5.23
8955,1213327498,24,64,10,52,187,235,56,178,278,411,36,44,-6.94,-4.48,5.23
8956,1213328184,25,62,10,50,186,235,55,175,279,408,30,47,-6.94,-4.48,5.23
8957,1213329183,24,68,11,53,183,238,57,176,275,410,30,44,-6.94,-4.48,5.23
8958,1213330184,24,60,10,50,182,235,59,178,273,409,31,46,-6.94,-4.48,5.23
8959,1213331184,25,63,10,52,182,235,56,178,278,410,31,43,-6.94,-4.48,5.23
8960,1213333686,25,63,9,50,183,234,56,181,276,412,31,44,-6.94,-4.48,5.23
8961,1213336545,25,54,10,53,188,235,55,178,277,410,30,44,-6.94,-4.48,5.23
8962,1213337174,24,58,10,51,186,235,55,179,277,410,30,44,-6.9,-4.46,5.3
8963,1213337679,24,66,10,50,187,236,56,178,277,410,35,44,-6.9,-4.46,5.3
8964,1213338184,24,63,10,53,188,236,58,178,275,411,30,44,-6.9,-4.46,5.3
8965,1213339183,24,60,10,53,188,235,58,180,273,410,30,44,-6.9,-4.46,5.3
8966,1213340184,24,57,10,52,182,236,55,178,280,411,30,44,-6.9,-4.46,5.3
8967,1213341184,24,58,10,50,183,234,58,178,277,408,36,44,-6.9,-4.46,5.3
8968,1213342976,25,64,9,49,182,235,58,181,273,410,30,44,-6.9,-4.46,5.3
8969,1213345604,24,56,11,51,184,236,57,178,275,410,31,44,-6.9,-4.46,5.3
8970,1213346992,25,57,10,53,188,236,57,177,272,411,36,44,-6.91,-4.48,5.26
8971,1213347493,24,66,10,51,188,237,56,178,272,410,31,44,-6.91,-4.48,5.26
8972,1213348188,25,62,10,52,188,236,57,177,275,410,30,44,-6.91,-4.48,5.26
8973,1213349184,24,61,10,52,184,235,57,177,277,411,30,44,-6.91,-4.48,5.26
8974,1213350184,25,58,10,51,185,235,58,181,276,410,31,44,-6.91,-4.48,5.26
8975,1213351183,24,67,10,51,184,237,54,178,280,409,30,42,-6.91,-4.48,5.26
8976,1213353908,24,60,10,52,188,237,56,176,275,410,31,44,-6.91,-4.48,5.26
8977,1213357002,25,58,10,52,181,236,55,178,277,410,36,44,-6.91,-4.48,5.26
8978,1213357504,24,60,10,53,188,236,57,180,277,410,31,44,-6.91,-4.45,5.2
8979,1213358184,24,62,10,50,182,237,56,179,277,410,31,44,-6.91,-4.45,5.2
8980,1213359183,24,58,10,53,187,236,56,178,278,410,30,44,-6.91,-4.45,5.2
8981,1213360184,24,57,10,52,186,236,58,177,278,410,30,44,-6.91,-4.45,5.2
8982,1213361184,25,62,11,50,184,236,58,180,275,409,30,44,-6.91,-4.45,5.2
8983,1213362184,24,61,10,50,181,236,57,179,279,411,36,44,-6.91,-4.45,5.2
8984,1213363183,24,58,10,50,185,235,56,179,274,410,36,46,-6.91,-4.45,5.2
8985,1213364184,24,63,10,51,187,236,61,182,278,408,30,46,-6.91,-4.45,5.2
8986,1213365185,24,59,10,52,184,236,58,180,275,411,31,44,-6.91,-4.45,5.2
8987,1213366184,24,61,10,53,188,236,56,179,276,410,30,44,-6.91,-4.45,5.2
8988,1213367187,23,59,10,51,187,235,55,177,278,410,33,44,-6.9,-4.47,5.21
8989,1213368184,24,61,10,51,185,237,59,176,280,410,30,44,-6.9,-4.47,5.21
8990,1213369184,25,59,10,53,185,235,58,180,275,411,31,44,-6.9,-4.47,5.21
8991,1213370184,25,60,10,53,183,237,60,180,274,408,29,43,-6.9,-4.47,5.21
8992,1213371183,24,65,10,49,185,236,56,181,273,410,30,44,-6.9,-4.47,5.21
8993,1213374566,24,61,10,52,184,236,58,180,275,409,31,44,-6.9,-4.47,5.21
8994,1213376901,24,57,10,49,181,235,56,176,278,410,36,45,-6.9,-4.47,5.21
8995,1213377403,25,64,10,53,188,235,58,177,275,411,31,44,-6.92,-4.48,5.19
8996,1213378184,24,63,10,51,188,235,55,180,275,410,31,44,-6.92,-4.48,5.19
8997,1213379184,25,59,10,52,184,236,56,181,278,410,31,43,-6.92,-4.48,5.19
8998,1213380183,24,60,10,53,187,236,56,178,277,410,31,44,-6.92,-4.48,5.19
8999,1213381184,24,62,10,50,181,235,56,179,279,410,30,44,-6.92,-4.48,5.19
9000,1213384319,24,65,10,49,185,235,57,177,275,410,31,44,-6.92,-4.48,5.19
