10000,661181245,39,67,49,89,296,304,129,266,190,272,4,17,2.57,-5.8,6.49
10001,661181734,37,61,47,91,298,304,132,267,189,274,4,18,2.57,-5.8,6.49
10002,661182490,38,61,45,88,297,304,133,264,189,273,4,17,2.57,-5.8,6.49
10003,661183489,41,65,42,90,298,301,137,266,184,274,4,17,2.57,-5.8,6.49
10004,661184489,36,64,46,86,296,303,129,267,190,274,3,19,2.57,-5.8,6.49
10005,661185489,39,65,47,87,296,306,135,268,189,274,3,19,2.57,-5.8,6.49
10006,661189109,40,64,46,89,297,306,133,264,189,274,2,17,2.57,-5.8,6.49
10007,661191266,41,61,48,93,297,304,135,263,189,273,2,17,2.57,-5.8,6.49
10008,661191758,39,61,48,96,297,307,132,264,190,268,2,18,2.63,-5.99,6.49
10009,661192489,37,62,49,90,297,305,137,267,184,274,2,17,2.63,-5.99,6.49
10010,661193489,39,63,45,91,297,304,139,266,187,272,3,18,2.63,-5.99,6.49
10011,661194494,40,60,46,88,298,306,140,264,188,269,3,18,2.63,-5.99,6.49
10012,661195489,40,61,47,90,298,307,136,265,190,269,4,17,2.63,-5.99,6.49
10013,661198864,39,65,49,95,297,305,137,266,190,268,4,17,2.63,-5.99,6.49
10014,661201230,37,64,51,88,295,304,138,266,184,270,2,17,2.63,-5.99,6.49
10015,661201718,37,67,48,97,296,304,139,265,187,274,2,17,2.74,-5.93,6.69
10016,661202489,37,61,50,89,296,302,141,263,187,267,2,18,2.74,-5.93,6.69
10017,661203489,37,61,46,88,295,305,141,266,188,271,1,19,2.74,-5.93,6.69
10018,661204489,38,66,47,89,297,304,143,269,189,268,2,17,2.74,-5.93,6.69
10019,661205490,39,61,48,97,295,303,142,264,189,272,2,17,2.74,-5.93,6.69
10020,661206494,37,60,49,98,297,302,136,266,189,270,2,17,2.74,-5.93,6.69
10021,661207489,40,60,47,99,295,303,140,265,190,267,2,17,2.74,-5.93,6.69
10022,661208489,36,65,46,87,297,306,137,265,190,269,2,17,2.74,-5.93,6.69
10023,661209490,39,57,49,96,296,303,146,268,186,270,2,18,2.74,-5.93,6.69
10024,661210489,41,63,45,95,296,305,141,268,183,265,2,17,2.74,-5.93,6.69
10025,661211489,38,65,47,97,298,301,143,268,189,268,2,17,2.97,-5.78,6.87
10026,661212489,39,65,49,90,297,306,140,264,185,271,2,17,2.97,-5.78,6.87
10027,661213489,39,68,48,90,295,304,146,263,191,268,2,18,2.97,-5.78,6.87
10028,661214489,40,65,48,90,297,302,144,263,189,271,2,17,2.97,-5.78,6.87
10029,661215489,40,64,49,97,297,304,145,264,187,273,2,17,2.97,-5.78,6.87
10030,661216489,40,65,48,87,296,302,143,267,188,271,2,17,2.97,-5.78,6.87
10031,661217490,41,62,48,95,296,303,149,267,189,267,2,19,2.97,-5.78,6.87
10032,661218489,42,65,49,88,296,301,148,265,189,271,4,18,2.97,-5.78,6.87
10033,661219489,40,60,47,92,297,303,149,265,189,272,4,17,2.97,-5.78,6.87
10034,661220490,39,64,53,87,294,304,147,269,186,269,4,19,2.97,-5.78,6.87
10035,661221490,41,68,50,90,296,303,144,267,190,271,4,17,3.53,-5.44,7.17
10036,661222490,39,64,47,90,297,306,146,265,187,271,2,17,3.53,-5.44,7.17
10037,661223489,37,62,50,92,296,307,147,264,187,269,2,18,3.53,-5.44,7.17
10038,661224489,39,57,48,90,298,305,147,266,187,267,2,18,3.53,-5.44,7.17
10039,661225489,39,64,52,90,297,306,149,264,191,270,2,17,3.53,-5.44,7.17
10040,661226490,40,59,48,91,298,305,150,263,189,271,2,17,3.53,-5.44,7.17
10041,661227506,39,63,50,90,298,302,148,265,189,274,2,17,3.53,-5.44,7.17
10042,661228489,40,60,47,93,300,306,154,265,191,272,2,17,3.53,-5.44,7.17
10043,661231187,41,59,49,90,298,304,150,265,190,270,2,18,3.53,-5.44,7.17
10044,661231693,36,67,47,89,299,306,151,263,189,271,6,17,3.42,-5.74,7.59
10045,661232490,41,66,48,90,299,303,147,263,189,274,5,17,3.42,-5.74,7.59
10046,661233489,38,65,50,90,299,304,148,263,186,272,3,17,3.42,-5.74,7.59
10047,661234489,38,70,47,89,299,303,153,265,191,273,4,17,3.42,-5.74,7.59
10048,661235489,40,64,49,90,299,307,149,264,191,274,5,17,3.42,-5.74,7.59
10049,661238667,40,58,49,90,300,308,149,264,181,271,5,17,3.42,-5.74,7.59
10050,661240975,40,61,50,94,300,307,154,264,187,270,5,17,3.42,-5.74,7.59
10051,661241464,38,69,50,90,299,306,147,265,191,274,2,18,3.58,-6.19,6.81
10052,661241952,41,66,47,91,298,308,148,263,187,273,2,17,3.58,-6.19,6.81
10053,661242496,36,57,53,89,298,307,153,265,190,270,2,19,3.58,-6.19,6.81
10054,661243491,36,61,50,90,297,308,147,268,189,268,2,19,3.58,-6.19,6.81
10055,661244490,40,64,46,88,299,307,155,263,187,270,5,17,3.58,-6.19,6.81
10056,661245489,41,64,47,87,300,306,155,263,189,272,4,17,3.58,-6.19,6.81
10057,661248864,40,58,49,90,300,309,150,263,190,274,5,17,3.58,-6.19,6.81
10058,661251225,40,62,50,88,301,309,153,264,190,271,5,17,3.58,-6.19,6.81
10059,661251709,37,68,49,91,302,310,150,267,189,274,5,17,3.57,-6,6.68
10060,661252485,37,61,48,89,301,310,148,268,180,268,6,19,3.57,-6,6.68
10061,661253485,38,64,48,86,298,306,147,267,189,269,6,19,3.57,-6,6.68
10062,661254485,38,68,50,91,301,308,154,264,189,272,6,17,3.57,-6,6.68
10063,661255485,38,65,50,88,299,309,153,264,190,269,5,17,3.57,-6,6.68
10064,661256495,37,58,51,91,298,310,154,261,188,271,5,19,3.57,-6,6.68
10065,661257484,39,65,49,97,301,310,151,265,188,273,6,18,3.57,-6,6.68
10066,661258485,35,63,49,91,303,309,154,263,189,270,5,17,3.57,-6,6.68
10067,661259485,35,66,48,96,303,310,154,266,188,274,5,17,3.57,-6,6.68
10068,661260485,38,61,50,93,299,309,150,262,188,271,5,20,3.57,-6,6.68
10069,661261489,38,66,47,90,299,310,151,264,189,270,6,17,3.26,-5.57,6.87
10070,661262489,39,58,47,91,301,313,155,264,190,270,6,17,3.26,-5.57,6.87
10071,661263489,40,59,50,95,299,313,155,267,187,272,6,17,3.26,-5.57,6.87
10072,661264489,40,59,49,89,299,313,150,270,191,267,5,19,3.26,-5.57,6.87
10073,661265489,35,62,50,89,301,314,157,267,189,274,6,17,3.26,-5.57,6.87
10074,661266489,37,62,47,92,302,314,157,267,189,271,6,18,3.26,-5.57,6.87
10075,661267490,39,64,51,89,299,313,148,268,190,269,5,19,3.26,-5.57,6.87
10076,661268489,34,65,53,94,305,314,152,267,189,269,5,19,3.26,-5.57,6.87
10077,661269489,34,61,48,88,307,315,147,265,180,272,5,18,3.26,-5.57,6.87
10078,661270489,37,56,47,98,302,315,150,266,185,270,5,17,3.26,-5.57,6.87
10079,661271489,39,64,50,91,303,313,154,268,187,269,5,18,3.27,-5.45,6.65
10080,661272506,39,65,48,96,307,315,151,267,189,270,2,17,3.27,-5.45,6.65
10081,661273489,37,59,50,91,308,315,147,266,191,270,2,17,3.27,-5.45,6.65
10082,661274506,38,69,48,95,308,315,158,265,186,274,2,18,3.27,-5.45,6.65
10083,661275489,37,65,50,95,307,315,157,268,189,274,2,18,3.27,-5.45,6.65
10084,661276489,37,63,48,92,307,315,152,268,181,274,2,17,3.27,-5.45,6.65
10085,661277506,39,63,46,96,305,315,161,267,187,270,2,17,3.27,-5.45,6.65
10086,661278489,39,65,50,90,305,316,158,266,191,274,2,17,3.27,-5.45,6.65
10087,661279507,35,66,49,90,305,316,152,264,191,269,2,17,3.27,-5.45,6.65
10088,661281262,37,64,49,93,308,317,151,265,189,269,2,18,3.14,-5.51,6.49
10089,661281763,38,61,49,90,307,316,163,268,190,270,2,18,3.14,-5.51,6.49
10090,661282501,38,64,51,89,307,315,157,268,189,274,2,17,3.14,-5.51,6.49
10091,661283502,33,66,50,89,307,317,158,264,191,269,2,17,3.14,-5.51,6.49
10092,661284502,35,59,51,96,309,317,160,267,187,274,4,18,3.14,-5.51,6.49
10093,661285501,34,66,50,91,306,316,155,265,189,266,4,18,3.14,-5.51,6.49
10094,661288678,34,66,49,90,305,315,167,270,189,267,5,17,3.14,-5.51,6.49
10095,661291006,38,66,48,90,307,315,166,268,187,269,2,17,3.14,-5.51,6.49
10096,661291512,38,59,49,90,312,317,166,264,186,270,2,17,2.33,-5.88,6.58
10097,661292489,41,60,47,86,313,317,163,266,184,271,5,17,2.33,-5.88,6.58
10098,661293506,36,58,47,91,312,315,168,263,190,270,4,18,2.33,-5.88,6.58
10099,661294496,38,63,48,92,312,317,161,262,180,270,4,18,2.33,-5.88,6.58
10100,661295490,40,62,51,89,312,317,168,263,190,276,4,17,2.33,-5.88,6.58
10101,661299115,39,62,50,95,311,318,163,264,189,269,3,17,2.33,-5.88,6.58
10102,661301252,40,64,51,88,313,318,163,267,188,272,4,17,2.33,-5.88,6.58
10103,661301741,39,62,47,93,315,318,165,266,186,271,5,18,1.39,-5.6,6.91
10104,661302489,37,65,49,93,315,318,168,268,190,272,5,17,1.39,-5.6,6.91
10105,661303489,39,64,48,89,314,316,164,264,188,271,2,17,1.39,-5.6,6.91
10106,661304489,40,64,50,91,313,318,169,265,191,276,2,18,1.39,-5.6,6.91
10107,661305489,39,60,46,89,316,318,169,266,190,270,2,18,1.39,-5.6,6.91
10108,661306506,39,63,49,86,316,317,171,263,182,275,2,18,1.39,-5.6,6.91
10109,661307489,41,65,48,90,317,318,165,265,190,271,2,17,1.39,-5.6,6.91
10110,661308505,35,63,52,93,317,318,172,263,185,271,4,17,1.39,-5.6,6.91
10111,661309489,39,70,51,95,319,317,167,264,190,276,2,17,1.39,-5.6,6.91
10112,661310505,40,69,50,95,320,318,173,262,189,275,2,17,1.39,-5.6,6.91
10113,661311489,33,63,52,92,321,317,170,263,189,270,2,17,1.22,-5.04,6.35
10114,661312506,36,64,50,89,321,319,168,264,188,272,0,17,1.22,-5.04,6.35
10115,661313490,40,68,50,90,321,319,168,262,189,273,1,17,1.22,-5.04,6.35
10116,661314489,37,57,51,88,323,318,167,267,189,274,1,17,1.22,-5.04,6.35
10117,661315506,40,69,50,88,323,318,169,264,187,276,2,18,1.22,-5.04,6.35
10118,661316489,40,61,51,97,325,319,168,266,188,269,3,17,1.22,-5.04,6.35
10119,661317506,39,63,52,89,326,318,170,266,189,276,4,17,1.22,-5.04,6.35
10120,661318489,38,59,53,89,327,319,168,266,189,273,4,18,1.22,-5.04,6.35
10121,661319506,40,63,54,92,327,319,173,267,189,271,4,18,1.22,-5.04,6.35
10122,661320489,37,62,56,92,327,319,169,267,185,275,4,18,1.22,-5.04,6.35
10123,661321506,39,69,53,91,327,319,170,266,191,270,4,19,1.19,-5.23,6.39
10124,661322489,36,63,58,98,327,319,169,265,188,273,4,19,1.19,-5.23,6.39
10125,661323489,40,60,56,92,327,319,170,265,191,275,4,19,1.19,-5.23,6.39
10126,661324506,38,59,60,88,328,319,173,266,187,272,4,20,1.19,-5.23,6.39
10127,661325489,36,60,58,93,329,319,173,267,190,272,4,20,1.19,-5.23,6.39
10128,661326506,38,69,54,90,330,319,173,267,189,271,3,22,1.19,-5.23,6.39
10129,661327489,37,64,57,90,330,319,173,267,184,271,4,21,1.19,-5.23,6.39
10130,661328505,36,61,55,89,327,319,173,266,189,271,3,22,1.19,-5.23,6.39
10131,661331174,40,65,61,97,327,319,175,265,189,272,1,22,1.19,-5.23,6.39
10132,661331662,36,68,60,97,329,319,172,266,189,274,3,24,1.88,-5.74,5.42
10133,661332506,37,64,62,86,329,319,172,266,190,275,3,26,1.88,-5.74,5.42
10134,661333489,36,65,62,88,329,320,174,270,191,274,3,34,1.88,-5.74,5.42
10135,661334506,37,65,61,89,331,320,177,270,187,278,3,35,1.88,-5.74,5.42
10136,661335489,39,68,65,88,334,321,173,271,189,280,3,39,1.88,-5.74,5.42
10137,661338670,39,68,59,96,331,321,176,266,188,276,3,39,1.88,-5.74,5.42
10138,661341016,39,62,60,88,331,322,173,268,189,280,3,39,1.88,-5.74,5.42
10139,661341511,38,66,61,87,335,323,177,265,185,278,3,43,3.37,-4.94,6.17
10140,661342490,39,65,60,88,335,324,175,264,189,279,3,43,3.37,-4.94,6.17
10141,661343496,37,69,65,86,336,324,178,264,188,282,3,42,3.37,-4.94,6.17
10142,661344496,37,64,63,92,334,324,177,263,189,276,3,43,3.37,-4.94,6.17
10143,661345494,38,64,62,89,339,324,180,264,189,275,2,44,3.37,-4.94,6.17
10144,661348897,38,64,63,88,337,325,180,264,190,280,3,43,3.37,-4.94,6.17
10145,661351210,37,62,65,88,338,325,184,267,190,273,2,41,3.37,-4.94,6.17
10146,661351698,37,65,66,91,340,326,183,267,192,275,2,38,2.83,-4.9,7.14
10147,661352506,37,69,67,88,342,327,180,266,179,277,2,40,2.83,-4.9,7.14
10148,661353556,38,62,62,87,340,326,185,271,189,278,2,40,2.83,-4.9,7.14
10149,661354489,38,63,62,91,341,326,186,268,189,278,2,38,2.83,-4.9,7.14
10150,661355506,37,62,62,88,340,326,186,265,188,278,2,43,2.83,-4.9,7.14
10151,661356496,38,64,67,88,347,327,182,265,190,275,2,40,2.83,-4.9,7.14
10152,661357490,35,60,64,89,344,328,185,267,185,278,1,43,2.83,-4.9,7.14
10153,661358506,37,60,65,87,348,328,188,265,189,279,2,45,2.83,-4.9,7.14
10154,661359489,38,64,60,84,348,327,179,266,188,279,2,44,2.83,-4.9,7.14
10155,661360489,33,65,61,86,350,328,183,264,187,276,2,42,2.83,-4.9,7.14
10156,661361506,38,61,61,81,352,327,188,265,183,281,2,43,2.48,-5.31,5.87
10157,661362489,38,63,69,86,353,328,185,265,189,281,2,43,2.48,-5.31,5.87
10158,661363489,35,60,63,85,356,329,190,265,189,278,2,45,2.48,-5.31,5.87
10159,661364506,32,60,66,87,356,328,192,269,186,284,2,45,2.48,-5.31,5.87
10160,661365489,38,61,65,85,358,329,193,266,189,286,2,45,2.48,-5.31,5.87
10161,661366506,36,65,64,85,360,329,194,268,185,287,2,47,2.48,-5.31,5.87
10162,661367489,38,57,68,85,363,330,193,269,189,286,2,47,2.48,-5.31,5.87
10163,661368489,38,66,67,89,362,327,197,266,190,286,2,46,2.48,-5.31,5.87
10164,661369489,35,60,65,86,364,327,201,269,190,289,2,46,2.48,-5.31,5.87
10165,661370506,40,70,70,90,364,330,198,264,191,290,2,45,2.48,-5.31,5.87
10166,661371489,37,65,62,87,365,328,199,264,188,291,2,48,2.37,-5.16,6.59
10167,661372489,39,69,61,89,365,330,198,264,189,292,2,46,2.37,-5.16,6.59
10168,661373506,40,61,63,86,368,330,205,271,188,293,2,48,2.37,-5.16,6.59
10169,661374489,37,62,61,88,369,329,201,273,190,292,2,46,2.37,-5.16,6.59
10170,661375489,36,69,61,88,368,331,202,270,186,295,2,46,2.37,-5.16,6.59
10171,661376489,37,65,65,98,370,330,201,270,187,295,2,48,2.37,-5.16,6.59
10172,661377506,38,59,70,92,372,326,201,275,182,295,3,49,2.37,-5.16,6.59
10173,661378489,39,61,70,100,373,329,201,272,187,293,2,46,2.37,-5.16,6.59
10174,661379489,34,64,70,87,375,328,203,263,187,296,2,48,2.37,-5.16,6.59
10175,661381261,35,60,62,90,376,332,203,269,187,298,2,50,2.43,-5.27,6.87
10176,661381767,35,64,70,86,377,327,203,268,183,298,1,50,2.43,-5.27,6.87
10177,661382489,35,62,67,96,379,331,210,268,187,297,1,48,2.43,-5.27,6.87
10178,661383506,35,57,63,98,379,329,211,266,189,297,2,49,2.43,-5.27,6.87
10179,661384489,35,59,68,100,381,333,207,265,189,299,2,52,2.43,-5.27,6.87
10180,661385489,37,68,69,102,383,330,206,269,188,298,2,49,2.43,-5.27,6.87
10181,661389102,38,61,65,100,385,331,208,266,183,300,2,50,2.43,-5.27,6.87
10182,661391061,40,56,62,105,387,334,207,266,191,302,2,47,2.43,-5.27,6.87
10183,661391567,35,60,70,108,389,330,213,272,190,307,2,48,2.39,-5.04,6.09
10184,661392492,40,64,67,109,389,334,207,274,190,309,2,50,2.39,-5.04,6.09
10185,661393506,41,63,69,111,391,331,208,272,189,310,1,51,2.39,-5.04,6.09
10186,661394489,41,68,68,117,391,330,207,272,189,313,2,50,2.39,-5.04,6.09
10187,661395509,42,64,64,112,391,331,208,275,189,316,2,51,2.39,-5.04,6.09
10188,661398873,45,61,67,117,393,332,210,269,187,317,3,51,2.39,-5.04,6.09
10189,661401205,47,60,71,116,398,328,212,269,188,321,2,56,2.39,-5.04,6.09
10190,661401693,46,64,69,117,394,331,213,276,188,323,2,55,2.84,-6.33,5.17
10191,661402489,50,58,74,124,397,335,213,268,190,323,3,53,2.84,-6.33,5.17
10192,661403506,50,66,73,122,399,334,218,274,189,323,2,56,2.84,-6.33,5.17
10193,661404489,51,61,70,121,397,332,213,269,188,325,2,54,2.84,-6.33,5.17
10194,661405506,50,64,74,117,399,334,213,272,189,325,3,60,2.84,-6.33,5.17
10195,661406495,51,63,74,118,404,333,211,271,189,326,2,55,2.84,-6.33,5.17
10196,661407489,49,68,75,119,401,336,213,279,190,326,2,57,2.84,-6.33,5.17
10197,661408489,49,59,72,118,402,334,209,265,186,327,3,61,2.84,-6.33,5.17
10198,661409489,54,63,78,119,404,338,221,267,189,326,2,66,2.84,-6.33,5.17
10199,661410506,51,66,78,120,406,335,218,266,182,326,2,65,2.84,-6.33,5.17
10200,661411489,52,59,80,119,407,334,220,268,188,327,2,64,2.05,-5.91,7.17
10201,661412506,52,65,81,124,408,336,222,272,188,327,3,66,2.05,-5.91,7.17
10202,661413489,54,60,86,122,408,335,217,277,189,328,2,65,2.05,-5.91,7.17
10203,661414490,50,62,80,128,408,334,212,277,188,328,2,68,2.05,-5.91,7.17
10204,661415506,55,61,83,123,410,338,211,279,182,328,2,69,2.05,-5.91,7.17
10205,661416489,49,62,82,127,413,334,222,276,190,329,3,67,2.05,-5.91,7.17
10206,661417506,54,59,87,122,412,335,216,269,184,329,2,61,2.05,-5.91,7.17
10207,661418489,53,58,83,126,415,339,220,276,188,329,3,67,2.05,-5.91,7.17
10208,661419506,55,65,87,128,417,335,215,272,182,329,3,68,2.05,-5.91,7.17
10209,661420489,50,60,83,125,417,337,228,273,185,329,3,75,2.05,-5.91,7.17
10210,661421506,52,62,83,129,416,336,230,271,188,329,2,70,1.56,-5.56,6.13
10211,661422489,57,63,85,130,418,339,230,269,185,329,3,74,1.56,-5.56,6.13
10212,661423489,54,64,86,122,421,337,233,271,190,329,3,71,1.56,-5.56,6.13
10213,661424489,61,61,87,128,420,334,234,272,189,331,3,73,1.56,-5.56,6.13
10214,661425489,55,63,81,122,423,334,234,271,185,329,3,74,1.56,-5.56,6.13
10215,661426506,56,69,85,128,421,337,234,269,187,329,2,73,1.56,-5.56,6.13
10216,661427489,56,64,85,118,425,337,237,272,189,330,2,76,1.56,-5.56,6.13
10217,661428489,54,60,86,121,425,339,237,273,187,330,3,73,1.56,-5.56,6.13
10218,661431131,63,68,86,121,427,336,239,273,187,329,2,74,1.56,-5.56,6.13
10219,661431620,55,65,86,125,428,338,244,271,188,331,2,75,1.71,-4.39,7.95
10220,661432490,59,69,88,132,429,341,245,274,189,328,1,75,1.71,-4.39,7.95
10221,661433489,56,63,89,130,429,341,244,264,185,331,3,79,1.71,-4.39,7.95
10222,661434506,60,60,88,137,430,338,245,270,190,327,2,80,1.71,-4.39,7.95
10223,661435489,60,63,85,138,432,337,245,268,185,331,3,79,1.71,-4.39,7.95
10224,661439103,58,60,91,137,432,339,248,267,186,331,2,77,1.71,-4.39,7.95
10225,661441061,59,59,91,135,434,340,250,268,187,329,2,79,1.71,-4.39,7.95
10226,661441567,66,60,87,138,439,340,241,272,187,331,1,81,1.9,-4.51,6.13
10227,661442506,58,58,90,137,442,336,249,269,189,331,1,81,1.9,-4.51,6.13
10228,661443510,60,64,88,137,443,341,249,277,188,330,1,83,1.9,-4.51,6.13
10229,661444506,61,60,88,140,442,340,248,274,187,331,1,87,1.9,-4.51,6.13
10230,661445506,61,61,101,139,445,339,255,273,188,334,1,82,1.9,-4.51,6.13
10231,661448891,65,62,100,143,448,341,251,273,187,332,1,83,1.9,-4.51,6.13
10232,661451222,63,63,106,139,452,342,260,274,188,334,1,101,1.9,-4.51,6.13
10233,661451728,62,69,107,140,456,336,264,284,190,338,1,108,3.19,-5.12,5.71
10234,661452506,67,63,108,139,456,341,261,287,190,337,1,108,3.19,-5.12,5.71
10235,661453506,66,61,108,143,457,337,263,286,189,336,1,105,3.19,-5.12,5.71
10236,661454506,67,67,105,140,454,343,262,287,187,341,1,95,3.19,-5.12,5.71
10237,661455506,63,64,109,143,458,343,264,289,189,344,1,101,3.19,-5.12,5.71
10238,661456514,62,67,106,140,460,341,264,283,187,343,1,100,3.19,-5.12,5.71
10239,661457506,63,70,109,143,458,338,265,289,189,344,2,99,3.19,-5.12,5.71
10240,661458506,64,71,107,139,463,341,270,287,189,344,1,104,3.19,-5.12,5.71
10241,661459506,60,68,107,139,461,340,269,289,188,347,2,104,3.19,-5.12,5.71
10242,661460506,62,71,106,146,466,342,268,291,191,348,3,102,3.19,-5.12,5.71
10243,661461506,64,67,108,145,464,342,270,291,190,350,3,102,3.73,-4.79,4.95
10244,661462506,65,69,109,141,466,345,269,289,186,350,4,99,3.73,-4.79,4.95
10245,661463506,64,73,114,142,468,342,269,291,189,350,3,100,3.73,-4.79,4.95
10246,661464506,64,76,108,140,470,344,268,292,188,351,3,99,3.73,-4.79,4.95
10247,661465506,62,78,113,141,470,344,267,289,187,352,3,101,3.73,-4.79,4.95
10248,661466506,61,80,116,140,471,341,274,291,190,351,3,101,3.73,-4.79,4.95
10249,661467506,63,77,111,140,473,341,271,291,188,351,3,99,3.73,-4.79,4.95
10250,661468506,69,80,116,142,473,341,269,290,189,352,0,100,3.73,-4.79,4.95
10251,661469505,69,78,123,141,475,344,271,290,185,353,2,87,3.73,-4.79,4.95
10252,661470506,68,82,117,143,476,343,274,290,187,352,1,100,3.73,-4.79,4.95
10253,661471506,68,83,128,141,477,347,272,282,180,352,1,101,3.13,-6.6,6.6
10254,661472506,65,81,121,138,477,344,273,292,187,353,0,100,3.13,-6.6,6.6
10255,661473506,66,79,125,140,479,341,277,292,190,353,1,100,3.13,-6.6,6.6
10256,661474506,66,77,120,141,478,343,275,291,191,353,1,100,3.13,-6.6,6.6
10257,661475506,62,83,124,142,479,344,275,295,188,351,3,101,3.13,-6.6,6.6
10258,661476506,65,83,129,138,480,347,280,293,191,352,4,101,3.13,-6.6,6.6
10259,661477506,71,86,130,144,481,347,288,295,192,353,4,99,3.13,-6.6,6.6
10260,661478506,72,80,128,140,480,349,289,297,185,353,4,102,3.13,-6.6,6.6
10261,661479506,66,84,130,141,484,348,287,298,186,354,4,101,3.13,-6.6,6.6
10262,661481274,68,85,129,138,483,345,293,299,191,354,3,99,2.78,-7.04,6.43
10263,661481779,65,85,128,142,485,349,299,298,190,353,3,103,2.78,-7.04,6.43
10264,661482506,72,83,128,143,487,351,296,299,189,355,1,101,2.78,-7.04,6.43
10265,661483506,70,84,132,143,485,351,297,299,189,354,1,102,2.78,-7.04,6.43
10266,661484506,74,82,122,143,488,351,298,302,188,355,4,104,2.78,-7.04,6.43
10267,661485506,69,79,127,143,488,351,302,305,189,353,4,106,2.78,-7.04,6.43
10268,661488679,69,82,130,142,490,344,301,304,189,356,3,105,2.78,-7.04,6.43
10269,661491043,76,83,135,144,494,351,304,305,190,356,3,108,2.78,-7.04,6.43
10270,661491548,74,81,132,152,495,352,305,309,189,355,4,111,5.33,-3.86,5.16
10271,661492506,75,85,136,150,495,350,307,307,190,356,4,109,5.33,-3.86,5.16
10272,661493509,73,83,137,150,498,348,307,313,189,355,4,109,5.33,-3.86,5.16
10273,661494506,73,85,135,153,499,347,307,314,191,355,4,111,5.33,-3.86,5.16
10274,661495506,74,86,137,146,500,341,304,311,191,358,4,113,5.33,-3.86,5.16
10275,661498930,78,84,138,146,502,350,309,310,192,358,3,113,5.33,-3.86,5.16
10276,661501261,82,81,138,143,504,351,309,315,189,356,4,117,5.33,-3.86,5.16
10277,661501766,76,89,137,149,506,350,308,320,190,359,5,120,3.93,-5.16,6.92
10278,661502506,72,84,137,153,507,350,313,323,192,357,5,119,3.93,-5.16,6.92
10279,661503506,82,81,133,160,506,350,313,324,189,359,7,127,3.93,-5.16,6.92
10280,661504506,83,91,140,163,507,349,314,326,191,358,7,120,3.93,-5.16,6.92
10281,661505506,82,84,136,164,508,351,316,330,193,357,9,125,3.93,-5.16,6.92
10282,661506506,84,83,144,166,510,348,317,329,194,357,9,125,3.93,-5.16,6.92
10283,661507506,95,84,140,165,510,352,317,331,194,359,10,120,3.93,-5.16,6.92
10284,661508506,91,88,143,170,512,351,319,331,194,363,10,125,3.93,-5.16,6.92
10285,661509506,89,81,140,170,512,354,319,329,192,362,10,124,3.93,-5.16,6.92
10286,661510506,97,83,141,171,514,352,319,332,194,359,10,124,3.93,-5.16,6.92
10287,661511506,99,81,141,173,513,356,319,330,195,361,10,126,3.95,-5.49,6.11
10288,661512506,101,86,142,174,516,354,320,330,193,363,1,120,3.95,-5.49,6.11
10289,661513506,98,84,146,178,518,355,321,331,199,363,1,122,3.95,-5.49,6.11
10290,661514506,101,84,146,173,519,351,321,329,196,363,1,122,3.95,-5.49,6.11
10291,661515506,83,84,141,178,521,354,321,331,193,363,1,122,3.95,-5.49,6.11
10292,661516506,102,85,144,179,521,354,324,331,201,365,1,122,3.95,-5.49,6.11
10293,661517506,100,86,150,181,521,356,325,329,197,365,1,120,3.95,-5.49,6.11
10294,661518506,105,85,145,182,521,356,327,333,202,365,1,127,3.95,-5.49,6.11
10295,661519506,106,85,149,177,520,355,327,328,200,363,1,125,3.95,-5.49,6.11
10296,661520506,105,90,149,176,523,356,329,334,202,365,1,126,3.95,-5.49,6.11
10297,661521506,103,85,146,174,525,357,329,336,202,364,15,119,4.87,-6.13,5.19
10298,661522506,104,86,154,181,525,360,329,333,200,364,15,118,4.87,-6.13,5.19
10299,661523506,103,86,150,178,525,360,329,337,201,366,15,124,4.87,-6.13,5.19
10300,661524506,109,88,152,178,525,362,329,333,200,364,16,125,4.87,-6.13,5.19
10301,661525506,106,87,150,177,524,364,326,338,200,365,15,123,4.87,-6.13,5.19
10302,661526506,109,92,151,176,522,365,330,341,199,365,17,124,4.87,-6.13,5.19
10303,661527506,109,84,155,174,521,366,327,339,200,365,20,125,4.87,-6.13,5.19
10304,661528506,113,90,150,172,523,367,329,338,199,365,19,123,4.87,-6.13,5.19
10305,661530999,112,91,149,179,523,369,332,342,198,364,23,124,4.87,-6.13,5.19
10306,661531505,113,89,151,179,520,371,334,343,195,365,23,125,8.87,-9.07,8.89
10307,661532011,115,89,154,186,519,371,334,338,195,365,22,123,8.87,-9.07,8.89
10308,661532516,119,90,149,180,521,371,330,337,199,367,22,123,8.87,-9.07,8.89
10309,661533506,119,92,160,180,525,371,332,339,202,367,24,120,8.87,-9.07,8.89
10310,661534506,124,86,160,178,525,373,333,341,196,366,23,123,8.87,-9.07,8.89
10311,661535506,122,84,154,185,529,373,336,342,201,367,22,120,8.87,-9.07,8.89
10312,661538678,122,88,161,188,529,371,335,345,200,369,22,124,8.87,-9.07,8.89
10313,661541041,124,83,161,181,532,373,338,343,201,371,18,124,8.87,-9.07,8.89
10314,661541546,129,99,162,193,531,374,342,349,198,375,1,120,10.63,-8.03,4.6
10315,661542513,129,93,162,193,533,375,343,342,202,376,1,123,10.63,-8.03,4.6
10316,661543509,130,101,160,194,533,375,340,350,198,377,0,124,10.63,-8.03,4.6
10317,661544506,133,106,154,189,533,375,344,349,197,378,0,125,10.63,-8.03,4.6
10318,661545506,132,107,162,189,533,375,337,351,196,382,1,125,10.63,-8.03,4.6
10319,661548707,126,105,160,194,534,375,344,352,199,383,1,126,10.63,-8.03,4.6
10320,661551223,132,108,162,188,533,376,345,354,200,385,1,125,10.63,-8.03,4.6
10321,661551734,131,116,162,195,529,376,348,354,206,387,1,126,8.26,-6.48,7.57
10322,661552505,133,127,160,194,528,378,345,355,203,388,1,126,8.26,-6.48,7.57
10323,661553506,129,123,163,193,530,378,347,354,204,389,1,127,8.26,-6.48,7.57
10324,661554506,132,127,161,193,534,379,344,354,206,390,1,129,8.26,-6.48,7.57
10325,661555506,135,130,161,183,534,380,349,344,205,391,1,131,8.26,-6.48,7.57
10326,661556506,134,130,163,183,535,379,349,356,202,391,1,131,8.26,-6.48,7.57
10327,661557506,136,131,162,186,537,380,351,352,210,390,1,134,8.26,-6.48,7.57
10328,661558506,129,124,163,183,536,380,352,357,204,391,1,137,8.26,-6.48,7.57
10329,661559506,130,131,164,185,538,380,352,358,208,391,1,136,8.26,-6.48,7.57
10330,661560506,134,124,162,177,536,379,349,357,208,392,0,135,8.26,-6.48,7.57
10331,661561506,133,130,163,182,538,380,355,357,207,390,1,135,3.67,-7.34,9.64
10332,661562506,133,128,162,183,537,382,356,359,204,398,1,134,3.67,-7.34,9.64
10333,661563506,139,129,164,190,539,382,357,358,205,398,1,134,3.67,-7.34,9.64
10334,661564506,134,120,164,188,537,383,364,354,209,401,1,132,3.67,-7.34,9.64
10335,661565506,135,123,164,191,535,383,366,354,204,398,1,136,3.67,-7.34,9.64
10336,661566506,138,121,161,191,535,381,365,355,208,397,1,133,3.67,-7.34,9.64
10337,661567506,137,126,164,196,538,381,369,355,208,397,1,138,3.67,-7.34,9.64
10338,661568506,134,131,163,200,538,383,370,356,210,398,1,137,3.67,-7.34,9.64
10339,661569506,137,124,165,201,539,381,371,357,211,395,1,138,3.67,-7.34,9.64
10340,661570505,124,126,165,198,537,383,372,357,207,398,1,137,3.67,-7.34,9.64
10341,661571506,133,133,166,203,536,382,371,358,210,399,1,140,3.11,-6.9,11.84
10342,661572506,143,127,166,204,536,384,375,358,210,397,1,140,3.11,-6.9,11.84
10343,661573506,142,134,169,205,537,384,374,358,206,401,1,137,3.11,-6.9,11.84
10344,661574506,144,137,172,202,540,384,373,359,206,401,1,139,3.11,-6.9,11.84
10345,661575506,141,137,171,205,539,384,373,358,205,405,1,142,3.11,-6.9,11.84
10346,661576506,143,146,171,204,542,381,375,361,206,406,1,136,3.11,-6.9,11.84
10347,661577506,145,153,173,209,542,383,377,361,206,409,1,138,3.11,-6.9,11.84
10348,661578506,153,158,172,200,541,382,376,361,213,410,1,139,3.11,-6.9,11.84
10349,661579506,144,159,171,207,545,381,378,362,212,406,1,133,3.11,-6.9,11.84
10350,661581257,148,160,172,201,542,381,378,363,209,409,1,138,5.41,-4.77,6.87
10351,661581765,148,159,173,208,542,381,380,364,210,406,1,134,5.41,-4.77,6.87
10352,661582505,151,164,174,201,542,382,380,365,210,404,1,137,5.41,-4.77,6.87
10353,661583506,159,171,176,203,541,383,380,366,210,405,1,140,5.41,-4.77,6.87
10354,661584506,156,164,173,202,543,382,379,367,209,408,1,143,5.41,-4.77,6.87
10355,661585505,153,170,177,209,544,380,382,370,209,408,1,141,5.41,-4.77,6.87
10356,661589098,160,163,176,205,545,381,382,368,214,406,1,138,5.41,-4.77,6.87
10357,661591093,164,176,181,201,544,381,384,373,217,407,1,147,5.41,-4.77,6.87
10358,661591593,161,179,177,207,546,378,385,377,220,411,1,143,7.04,-6.75,4.8
10359,661592501,159,174,176,204,547,379,385,378,219,411,1,144,7.04,-6.75,4.8
10360,661593501,162,174,176,203,547,380,385,379,220,411,2,142,7.04,-6.75,4.8
10361,661594502,165,180,177,208,548,380,386,380,219,411,1,143,7.04,-6.75,4.8
10362,661595501,163,180,180,208,548,380,388,379,221,412,1,144,7.04,-6.75,4.8
10363,661598678,168,179,176,206,549,383,388,381,221,412,1,146,7.04,-6.75,4.8
10364,661601194,166,180,179,208,548,383,390,382,223,415,1,144,7.04,-6.75,4.8
10365,661601699,160,182,180,210,547,383,391,386,223,416,1,144,9.74,-7.57,4.95
10366,661602506,163,177,174,205,546,384,391,387,221,416,0,144,9.74,-7.57,4.95
10367,661603506,164,182,179,211,545,383,394,387,223,417,1,145,9.74,-7.57,4.95
10368,661604506,168,185,179,209,545,385,396,389,223,417,1,148,9.74,-7.57,4.95
10369,661605506,164,185,184,213,545,384,400,391,223,418,1,149,9.74,-7.57,4.95
10370,661606506,165,180,180,206,548,385,396,393,222,419,0,152,9.74,-7.57,4.95
10371,661607506,162,184,180,210,548,385,396,394,224,417,1,148,9.74,-7.57,4.95
10372,661608506,170,186,188,211,549,385,397,391,220,420,1,148,9.74,-7.57,4.95
10373,661609505,169,188,185,215,549,385,400,387,223,419,1,146,9.74,-7.57,4.95
10374,661610506,170,187,184,207,547,382,396,386,224,420,1,146,9.74,-7.57,4.95
10375,661611510,171,184,182,214,548,383,399,397,226,422,1,146,9.74,-7.57,4.95
10376,661612505,168,184,181,212,548,384,400,398,225,422,1,154,3.26,-6.76,5.21
10377,661613502,177,187,177,211,551,385,400,403,216,421,1,147,3.26,-6.76,5.21
10378,661614501,173,187,179,214,550,385,400,398,222,422,1,146,3.26,-6.76,5.21
10379,661615506,171,189,181,216,550,385,406,406,224,425,1,158,3.26,-6.76,5.21
10380,661616502,175,185,179,221,550,383,403,411,226,425,1,148,3.26,-6.76,5.21
10381,661617502,178,189,181,215,548,385,400,413,225,423,0,150,3.26,-6.76,5.21
10382,661618506,179,184,178,220,552,384,408,413,223,425,1,148,3.26,-6.76,5.21
10383,661619502,177,187,180,216,552,385,409,416,222,426,1,148,3.26,-6.76,5.21
10384,661620502,176,191,180,217,552,386,409,419,224,426,1,148,3.26,-6.76,5.21
10385,661621521,172,187,180,213,551,385,409,420,225,423,1,156,3.26,-6.76,5.21
10386,661622506,171,185,185,222,552,386,414,421,225,425,1,158,3.23,-3.41,3.99
10387,661623506,172,188,181,222,552,386,416,420,216,425,1,159,3.23,-3.41,3.99
10388,661624508,170,188,177,212,547,384,415,423,218,422,1,152,3.23,-3.41,3.99
10389,661625506,170,184,182,223,552,385,415,423,226,423,1,158,3.23,-3.41,3.99
10390,661626506,173,189,184,211,552,387,417,427,224,423,1,159,3.23,-3.41,3.99
10391,661627506,168,188,180,213,552,387,419,428,220,423,1,159,3.23,-3.41,3.99
10392,661628506,172,187,179,209,551,385,417,430,226,421,1,160,3.23,-3.41,3.99
10393,661631022,174,187,180,217,551,385,418,429,225,422,1,159,3.23,-3.41,3.99
10394,661631528,173,186,184,212,553,386,420,430,221,428,1,159,3.34,-5.86,7.86
10395,661632506,171,185,184,222,553,385,420,432,227,428,1,159,3.34,-5.86,7.86
10396,661633506,166,186,179,215,552,384,420,434,224,427,1,159,3.34,-5.86,7.86
10397,661634506,168,188,180,218,550,384,420,435,225,426,1,149,3.34,-5.86,7.86
10398,661635506,172,193,182,216,552,384,423,435,223,427,1,159,3.34,-5.86,7.86
10399,661638889,169,189,181,215,552,385,424,436,224,427,1,159,3.34,-5.86,7.86
10400,661641017,176,192,180,214,552,387,426,439,225,426,1,160,3.34,-5.86,7.86
10401,661641522,173,192,187,210,552,386,426,439,223,426,1,157,9.04,-5.51,6.61
10402,661642506,172,192,187,213,552,386,425,440,227,425,1,160,9.04,-5.51,6.61
10403,661643507,176,193,180,209,551,385,424,439,224,423,0,157,9.04,-5.51,6.61
10404,661644506,174,194,180,211,553,387,424,442,226,422,1,159,9.04,-5.51,6.61
10405,661645506,178,189,186,212,552,386,424,442,227,423,1,159,9.04,-5.51,6.61
10406,661648683,173,193,188,213,553,385,425,440,227,420,1,156,9.04,-5.51,6.61
10407,661651199,181,190,180,214,553,388,428,444,225,418,1,159,9.04,-5.51,6.61
10408,661651704,180,187,182,212,551,389,430,445,228,417,1,153,8.49,-6.71,6.09
10409,661652506,183,184,187,213,549,388,431,445,228,417,1,144,8.49,-6.71,6.09
10410,661653506,182,194,186,219,551,387,430,445,227,417,1,150,8.49,-6.71,6.09
10411,661654510,181,192,186,220,553,388,430,446,218,417,1,155,8.49,-6.71,6.09
10412,661655506,180,194,181,213,554,388,430,447,224,416,1,148,8.49,-6.71,6.09
10413,661656506,183,194,187,210,552,390,431,447,227,416,1,147,8.49,-6.71,6.09
10414,661657512,180,194,189,208,554,389,431,447,227,416,1,158,8.49,-6.71,6.09
10415,661658507,179,190,187,211,554,390,431,448,227,414,1,150,8.49,-6.71,6.09
10416,661659506,177,193,183,211,554,389,432,448,226,418,1,160,8.49,-6.71,6.09
10417,661660506,179,190,188,211,554,391,432,449,228,416,1,162,8.49,-6.71,6.09
10418,661661522,182,186,182,207,554,389,433,449,227,416,1,162,8.49,-6.71,6.09
10419,661662504,182,190,186,213,554,388,433,448,225,414,0,163,6.66,-8.16,7.32
10420,661663502,183,193,184,211,555,391,433,449,227,416,1,162,6.66,-8.16,7.32
10421,661664501,182,194,182,209,554,392,433,449,228,417,1,164,6.66,-8.16,7.32
10422,661665505,182,191,189,217,554,390,433,449,228,414,1,163,6.66,-8.16,7.32
10423,661666501,184,192,188,214,553,387,433,449,227,413,1,162,6.66,-8.16,7.32
10424,661667502,177,192,180,212,555,393,434,449,228,415,1,163,6.66,-8.16,7.32
10425,661668507,181,193,181,213,554,394,433,449,228,414,1,162,6.66,-8.16,7.32
10426,661669501,179,192,186,216,552,391,432,450,227,412,1,164,6.66,-8.16,7.32
10427,661670502,175,193,181,216,554,392,433,451,227,413,0,165,6.66,-8.16,7.32
10428,661671512,178,193,183,222,555,392,433,451,228,413,1,163,6.66,-8.16,7.32
10429,661672513,178,189,184,222,554,394,435,451,229,412,1,164,5.73,-7.52,6.2
10430,661673513,180,196,180,217,555,391,433,450,228,412,1,164,5.73,-7.52,6.2
10431,661674511,181,191,183,212,554,392,434,451,225,412,1,165,5.73,-7.52,6.2
10432,661675506,177,194,184,221,554,393,435,451,229,413,1,165,5.73,-7.52,6.2
10433,661676507,178,197,186,221,554,390,435,451,229,415,1,164,5.73,-7.52,6.2
10434,661677506,185,194,183,215,553,394,434,451,225,413,2,165,5.73,-7.52,6.2
10435,661678510,184,193,180,212,554,394,435,451,229,415,1,164,5.73,-7.52,6.2
10436,661679508,185,195,188,215,554,396,435,452,227,414,1,165,5.73,-7.52,6.2
10437,661681089,177,196,187,212,553,396,435,452,227,412,1,160,7.14,-5.68,7.31
10438,661681595,174,198,188,220,554,398,435,452,226,414,1,163,7.14,-5.68,7.31
10439,661682510,185,198,188,216,555,397,436,452,229,414,1,162,7.14,-5.68,7.31
10440,661683506,183,194,188,215,554,398,436,452,229,415,1,163,7.14,-5.68,7.31
10441,661684506,182,190,181,215,553,396,435,451,225,413,1,165,7.14,-5.68,7.31
10442,661685506,178,194,189,212,554,398,436,452,229,410,1,163,7.14,-5.68,7.31
10443,661688895,178,195,190,212,554,399,437,453,228,413,1,162,7.14,-5.68,7.31
10444,661691035,177,196,191,211,555,394,437,453,226,412,1,164,7.14,-5.68,7.31
10445,661691540,176,199,191,211,554,398,437,453,225,412,1,163,9.54,-3.62,8.16
10446,661692506,176,194,181,214,554,396,437,453,229,413,1,164,9.54,-3.62,8.16
10447,661693506,170,193,191,224,553,397,438,452,228,412,1,163,9.54,-3.62,8.16
10448,661694506,167,190,186,225,555,396,438,453,228,411,1,163,9.54,-3.62,8.16
10449,661695506,168,196,188,226,554,397,438,453,229,414,1,163,9.54,-3.62,8.16
10450,661698682,166,194,187,227,556,394,438,453,228,415,1,164,9.54,-3.62,8.16
10451,661701195,167,200,184,226,554,396,439,453,227,415,1,165,9.54,-3.62,8.16
10452,661701700,168,196,187,224,556,393,439,453,227,413,1,164,7.08,-3.66,6.1
10453,661702507,171,194,188,226,556,394,440,452,229,413,0,167,7.08,-3.66,6.1
10454,661703506,175,196,186,224,555,394,438,455,230,414,1,164,7.08,-3.66,6.1
10455,661704506,176,198,188,226,557,392,439,453,225,413,1,164,7.08,-3.66,6.1
10456,661705506,172,192,189,225,556,393,439,453,229,414,1,165,7.08,-3.66,6.1
10457,661706506,172,196,189,216,556,394,438,452,228,415,1,164,7.08,-3.66,6.1
10458,661707506,178,197,188,227,556,394,439,453,229,415,1,165,7.08,-3.66,6.1
10459,661708506,180,197,188,226,556,393,439,453,226,414,1,164,7.08,-3.66,6.1
10460,661709506,174,196,186,225,556,394,435,453,226,411,1,164,7.08,-3.66,6.1
10461,661710763,176,193,190,221,554,391,439,452,225,414,1,164,7.08,-3.66,6.1
10462,661711511,174,193,189,225,556,392,439,453,226,415,1,165,4.74,-4.8,6.31
10463,661712506,183,197,188,212,556,392,439,453,227,414,1,165,4.74,-4.8,6.31
10464,661713506,182,199,190,224,555,389,440,454,225,413,0,165,4.74,-4.8,6.31
10465,661714512,178,198,191,218,555,393,439,454,227,413,1,165,4.74,-4.8,6.31
10466,661715507,177,201,186,218,557,393,440,454,229,415,1,166,4.74,-4.8,6.31
10467,661716506,177,199,185,219,556,393,440,454,227,415,1,164,4.74,-4.8,6.31
10468,661717506,179,197,186,218,553,392,440,453,228,415,1,165,4.74,-4.8,6.31
10469,661718508,176,200,190,219,556,395,440,455,229,413,1,164,4.74,-4.8,6.31
10470,661719506,182,199,184,212,556,395,441,455,226,415,1,164,4.74,-4.8,6.31
10471,661720759,177,198,191,223,555,395,439,453,225,415,1,164,4.74,-4.8,6.31
10472,661721519,184,199,190,221,556,397,440,453,228,411,1,164,4.07,-6.75,5.6
10473,661722502,180,196,191,214,556,396,440,453,229,414,1,165,4.07,-6.75,5.6
10474,661723502,185,199,192,220,555,397,441,453,229,415,1,164,4.07,-6.75,5.6
10475,661724506,183,196,193,210,557,394,441,453,225,415,1,166,4.07,-6.75,5.6
10476,661725502,182,198,184,213,555,396,440,452,224,415,1,166,4.07,-6.75,5.6
10477,661726502,175,198,191,214,556,393,438,453,223,413,1,165,4.07,-6.75,5.6
10478,661727501,179,196,190,212,556,396,438,454,229,413,1,163,4.07,-6.75,5.6
10479,661728502,177,198,190,210,554,397,440,453,228,413,0,166,4.07,-6.75,5.6
10480,661731021,183,200,193,214,557,397,441,453,225,413,1,165,4.07,-6.75,5.6
10481,661731522,183,195,191,213,557,397,441,454,229,415,1,164,2.5,-8.2,4.34
10482,661732502,183,197,190,211,557,398,441,454,226,415,1,165,2.5,-8.2,4.34
10483,661733502,181,191,185,213,556,396,440,451,226,415,1,167,2.5,-8.2,4.34
10484,661734507,178,199,183,211,555,398,441,452,226,414,0,167,2.5,-8.2,4.34
10485,661735502,179,199,185,210,556,393,441,455,226,414,1,166,2.5,-8.2,4.34
10486,661738906,176,199,185,212,556,398,441,455,229,414,1,166,2.5,-8.2,4.34
10487,661741050,170,201,188,216,556,396,442,455,226,415,1,166,2.5,-8.2,4.34
10488,661741555,168,202,189,204,556,398,441,455,227,414,1,166,1.59,-10.04,3.51
10489,661742506,169,192,191,206,556,397,441,454,229,414,0,168,1.59,-10.04,3.51
10490,661743506,172,196,185,213,556,397,441,455,227,414,1,166,1.59,-10.04,3.51
10491,661744506,173,199,188,215,556,393,441,455,226,414,1,166,1.59,-10.04,3.51
10492,661745506,174,201,185,212,556,398,441,455,227,414,1,166,1.59,-10.04,3.51
10493,661748683,172,196,188,211,555,395,442,455,226,413,2,166,1.59,-10.04,3.51
10494,661751124,178,202,188,210,556,397,442,455,230,414,1,165,1.59,-10.04,3.51
10495,661751634,175,202,182,215,556,399,442,454,227,414,1,166,2.12,-7.22,4.67
10496,661752506,176,195,185,213,556,397,442,455,230,414,1,164,2.12,-7.22,4.67
10497,661753506,181,197,185,213,556,396,442,454,227,416,1,166,2.12,-7.22,4.67
10498,661754506,174,203,187,211,557,397,441,455,222,415,1,166,2.12,-7.22,4.67
10499,661755506,176,202,188,211,554,397,442,454,227,415,1,166,2.12,-7.22,4.67
10500,661756508,179,196,184,212,556,395,443,455,229,417,1,167,2.12,-7.22,4.67
10501,661757506,174,202,186,218,555,396,443,456,225,417,1,166,2.12,-7.22,4.67
10502,661758506,175,198,186,213,556,393,442,455,225,415,1,168,2.12,-7.22,4.67
10503,661759511,174,198,188,218,555,397,443,455,225,414,1,166,2.12,-7.22,4.67
10504,661760763,173,202,188,216,556,397,443,454,225,416,1,166,2.12,-7.22,4.67
10505,661761511,172,201,185,209,556,398,443,455,226,416,1,167,3.97,-6.46,6.86
10506,661762513,174,198,191,217,556,395,442,456,224,416,0,168,3.97,-6.46,6.86
10507,661763507,181,199,185,217,558,399,443,455,229,417,1,168,3.97,-6.46,6.86
10508,661764506,180,202,187,220,556,398,442,454,225,417,1,168,3.97,-6.46,6.86
10509,661765506,177,199,187,212,556,398,443,456,225,416,1,167,3.97,-6.46,6.86
10510,661766509,180,195,186,212,557,397,444,455,227,416,1,167,3.97,-6.46,6.86
10511,661767506,179,198,191,211,556,394,443,456,229,414,1,170,3.97,-6.46,6.86
10512,661768506,175,200,185,216,556,393,443,456,227,416,0,167,3.97,-6.46,6.86
10513,661769511,170,198,193,213,558,399,443,454,229,414,1,169,3.97,-6.46,6.86
10514,661770760,172,198,190,215,556,395,443,455,229,417,1,170,3.97,-6.46,6.86
10515,661771516,179,202,192,221,557,398,443,455,230,415,1,169,5.96,-4.94,6.81
10516,661772502,178,198,185,216,558,396,444,456,227,415,1,170,5.96,-4.94,6.81
10517,661773502,180,195,190,214,556,396,443,456,230,413,1,167,5.96,-4.94,6.81
10518,661774502,185,199,185,210,558,397,443,454,230,416,1,170,5.96,-4.94,6.81
10519,661775508,175,202,185,210,557,396,443,455,227,417,1,170,5.96,-4.94,6.81
10520,661776509,179,196,192,211,557,397,443,453,228,414,1,170,5.96,-4.94,6.81
10521,661777504,182,195,187,213,557,396,445,456,230,414,1,169,5.96,-4.94,6.81
10522,661778502,181,201,185,212,556,397,443,455,230,414,1,169,5.96,-4.94,6.81
10523,661780064,185,199,192,213,558,397,444,456,228,415,1,170,5.96,-4.94,6.81
10524,661781084,185,198,190,211,558,399,445,456,228,417,1,168,6.9,-3.4,7.01
10525,661781575,182,198,186,217,558,399,444,455,229,416,1,169,6.9,-3.4,7.01
10526,661782506,177,201,187,212,558,397,445,456,228,416,1,169,6.9,-3.4,7.01
10527,661783489,183,197,191,213,559,399,445,457,231,417,1,169,6.9,-3.4,7.01
10528,661784510,183,196,188,213,558,397,445,455,228,417,1,170,6.9,-3.4,7.01
10529,661785506,180,204,185,211,558,399,445,455,228,416,1,169,6.9,-3.4,7.01
10530,661788874,184,203,190,213,559,396,445,456,228,415,1,168,6.9,-3.4,7.01
10531,661791023,181,203,188,214,559,400,445,456,229,417,1,169,6.9,-3.4,7.01
10532,661791512,183,199,191,213,559,399,445,455,229,417,0,169,5.23,-4.18,7.36
10533,661792490,180,197,184,213,558,400,445,456,229,417,1,169,5.23,-4.18,7.36
10534,661793506,179,196,193,211,558,397,445,457,231,417,1,168,5.23,-4.18,7.36
10535,661794489,181,200,187,214,558,397,445,457,228,417,1,168,5.23,-4.18,7.36
10536,661795489,181,201,186,211,558,398,445,458,228,417,1,168,5.23,-4.18,7.36
10537,661799103,182,198,188,214,559,397,445,455,229,417,1,168,5.23,-4.18,7.36
10538,661801092,177,201,190,214,557,397,445,455,230,415,1,169,5.23,-4.18,7.36
10539,661801597,177,201,191,213,558,398,445,456,231,414,1,169,3.94,-5.24,7.22
10540,661802489,179,199,188,209,556,394,445,456,228,415,1,170,3.94,-5.24,7.22
10541,661803506,179,201,191,212,557,395,445,454,232,414,1,170,3.94,-5.24,7.22
10542,661804492,182,199,185,210,556,396,445,454,229,415,1,170,3.94,-5.24,7.22
10543,661805506,183,201,185,213,558,396,445,454,226,415,1,170,3.94,-5.24,7.22
10544,661806489,174,197,191,210,558,398,445,453,228,415,1,170,3.94,-5.24,7.22
10545,661807493,175,198,186,213,559,396,445,453,228,413,1,170,3.94,-5.24,7.22
10546,661808489,177,198,189,209,558,398,445,453,228,413,1,170,3.94,-5.24,7.22
10547,661809513,181,202,190,217,558,397,445,452,229,415,1,170,3.94,-5.24,7.22
10548,661810764,179,199,191,208,558,398,445,451,228,415,1,170,3.94,-5.24,7.22
10549,661811499,183,201,192,210,558,394,445,451,229,414,1,170,4.05,-6.02,6.43
10550,661812507,182,203,185,218,559,395,445,451,230,414,1,171,4.05,-6.02,6.43
10551,661813496,181,200,191,212,558,395,445,449,228,415,1,170,4.05,-6.02,6.43
10552,661814492,182,199,188,213,558,396,445,449,230,415,1,171,4.05,-6.02,6.43
10553,661815490,183,196,190,210,558,395,445,448,229,414,1,170,4.05,-6.02,6.43
10554,661816489,182,198,192,214,558,394,445,448,230,415,1,170,4.05,-6.02,6.43
10555,661817506,184,203,188,208,559,396,445,447,229,411,1,171,4.05,-6.02,6.43
10556,661818491,181,200,188,213,558,395,444,447,229,412,1,170,4.05,-6.02,6.43
10557,661819489,183,200,191,220,559,393,444,446,229,412,1,170,4.05,-6.02,6.43
10558,661820761,180,197,186,214,558,394,445,446,228,412,1,172,4.05,-6.02,6.43
10559,661821503,178,199,190,217,558,392,444,446,228,412,0,172,4.09,-7.51,6.82
10560,661822506,176,199,190,214,559,394,444,447,230,412,1,172,4.09,-7.51,6.82
10561,661823493,182,200,191,213,558,394,443,445,229,413,1,172,4.09,-7.51,6.82
10562,661824489,182,202,189,215,559,393,443,445,232,411,1,173,4.09,-7.51,6.82
10563,661825490,185,198,191,217,558,393,443,444,228,413,1,172,4.09,-7.51,6.82
10564,661826489,185,202,191,215,558,392,442,443,230,412,1,173,4.09,-7.51,6.82
10565,661827490,185,201,184,215,558,394,439,442,230,412,0,173,4.09,-7.51,6.82
10566,661828489,184,198,185,214,558,392,439,443,231,412,1,172,4.09,-7.51,6.82
10567,661831001,186,202,186,216,558,390,438,441,231,413,1,172,4.09,-7.51,6.82
10568,661831507,184,200,189,214,558,390,438,439,229,411,1,172,5.58,-6.09,7.29
10569,661832506,185,200,192,211,559,391,436,439,230,412,1,172,5.58,-6.09,7.29
10570,661833489,187,200,193,213,558,391,437,437,229,412,1,172,5.58,-6.09,7.29
10571,661834492,187,200,188,212,558,392,437,437,229,411,1,172,5.58,-6.09,7.29
10572,661835506,186,200,181,218,558,392,439,437,229,408,1,172,5.58,-6.09,7.29
10573,661838872,186,200,189,215,558,389,442,435,231,410,1,172,5.58,-6.09,7.29
10574,661841017,187,206,187,215,558,389,443,433,228,408,1,172,5.58,-6.09,7.29
10575,661841506,187,200,188,216,558,390,445,430,231,406,1,172,6.06,-4.97,7.45
10576,661842490,187,201,186,215,559,389,447,427,229,407,1,170,6.06,-4.97,7.45
10577,661843489,188,204,188,212,558,389,443,425,229,406,1,171,6.06,-4.97,7.45
10578,661844490,182,205,187,210,557,386,441,424,229,405,1,169,6.06,-4.97,7.45
10579,661845489,185,198,182,221,559,388,442,423,229,401,1,172,6.06,-4.97,7.45
10580,661848662,187,202,179,213,559,388,442,417,229,401,1,172,6.06,-4.97,7.45
10581,661851197,187,202,180,212,558,388,441,418,227,402,1,172,6.06,-4.97,7.45
10582,661851685,187,206,177,216,558,387,439,411,230,397,1,172,5.37,-4.62,7.06
10583,661852490,188,198,177,215,557,388,440,409,228,401,1,170,5.37,-4.62,7.06
10584,661853547,189,199,176,216,556,388,439,409,228,399,1,168,5.37,-4.62,7.06
10585,661854489,191,201,176,215,558,386,439,406,230,397,1,170,5.37,-4.62,7.06
10586,661855489,189,200,174,216,558,390,437,403,230,398,1,171,5.37,-4.62,7.06
10587,661856504,191,197,178,210,557,388,435,399,232,398,1,172,5.37,-4.62,7.06
10588,661857496,191,201,178,222,558,388,433,402,229,396,1,172,5.37,-4.62,7.06
10589,661858492,190,202,172,214,558,388,433,398,232,396,1,172,5.37,-4.62,7.06
10590,661859490,188,200,171,211,558,386,427,400,232,392,2,171,5.37,-4.62,7.06
10591,661860747,190,201,169,218,559,388,427,399,228,392,1,171,5.37,-4.62,7.06
10592,661861502,188,201,171,211,560,390,424,399,230,395,1,172,4.22,-4.17,6.68
10593,661862490,189,201,168,220,558,386,427,395,233,392,1,172,4.22,-4.17,6.68
10594,661863489,185,201,167,224,558,387,422,397,229,392,1,171,4.22,-4.17,6.68
10595,661864489,188,198,171,222,557,389,424,398,232,391,1,171,4.22,-4.17,6.68
10596,661865489,189,201,169,218,559,388,424,397,231,391,1,171,4.22,-4.17,6.68
10597,661866489,187,198,169,210,556,388,424,401,228,389,1,171,4.22,-4.17,6.68
10598,661867491,186,199,166,218,555,389,424,396,229,390,1,172,4.22,-4.17,6.68
10599,661868489,188,201,164,216,556,388,424,396,229,390,1,172,4.22,-4.17,6.68
10600,661869489,189,201,157,212,555,386,422,394,231,388,1,172,4.22,-4.17,6.68
10601,661870745,183,201,153,211,555,386,418,388,231,385,2,167,4.22,-4.17,6.68
10602,661871495,191,205,154,215,558,388,420,387,233,385,1,172,4.24,-4.6,5.92
10603,661872489,188,206,163,214,555,386,417,384,228,384,1,173,4.24,-4.6,5.92
10604,661873489,181,202,162,213,554,386,415,383,230,383,1,172,4.24,-4.6,5.92
10605,661874490,187,198,151,210,553,385,416,379,232,381,1,174,4.24,-4.6,5.92
10606,661875489,185,201,159,213,554,386,416,376,230,381,1,170,4.24,-4.6,5.92
10607,661876489,180,198,154,222,548,385,414,375,231,378,0,169,4.24,-4.6,5.92
10608,661877489,183,197,154,213,553,384,413,371,231,377,1,173,4.24,-4.6,5.92
10609,661878489,182,204,147,217,551,384,414,373,229,374,1,174,4.24,-4.6,5.92
10610,661879489,186,204,150,221,549,384,412,368,229,373,0,173,4.24,-4.6,5.92
10611,661881044,186,200,146,221,553,383,411,369,230,372,1,174,4.75,-6.18,7.07
10612,661881528,183,200,148,215,552,384,411,364,228,371,0,172,4.75,-6.18,7.07
10613,661882485,183,198,146,215,553,383,411,364,233,369,1,172,4.75,-6.18,7.07
10614,661883484,187,200,148,213,554,384,412,362,233,368,1,173,4.75,-6.18,7.07
10615,661884485,185,199,149,212,555,384,411,359,231,369,2,171,4.75,-6.18,7.07
10616,661885485,183,201,145,220,552,384,408,351,235,367,1,170,4.75,-6.18,7.07
10617,661888661,190,203,148,211,551,382,405,348,230,365,1,174,4.75,-6.18,7.07
10618,661890927,184,204,139,214,551,381,402,334,233,362,0,171,4.75,-6.18,7.07
10619,661891416,182,200,140,213,559,380,395,333,234,363,1,174,5.03,-6.67,7.2
10620,661891905,184,205,137,221,556,378,399,335,229,363,0,172,5.03,-6.67,7.2
10621,661892489,182,198,138,213,559,379,392,333,227,360,0,172,5.03,-6.67,7.2
10622,661893490,184,206,140,221,547,379,395,334,231,357,2,171,5.03,-6.67,7.2
10623,661894489,183,201,139,219,552,381,392,336,232,362,1,172,5.03,-6.67,7.2
10624,661895490,184,200,136,217,548,379,391,336,233,363,1,172,5.03,-6.67,7.2
10625,661898912,177,201,133,216,547,377,392,331,231,363,1,173,5.03,-6.67,7.2
10626,661901059,177,204,135,212,544,374,390,326,228,363,1,173,5.03,-6.67,7.2
10627,661901548,174,202,134,215,546,373,390,318,232,362,1,173,7.69,-7.53,7.37
10628,661902489,171,205,123,218,544,373,390,317,229,362,2,172,7.69,-7.53,7.37
10629,661903489,171,207,124,214,543,373,389,316,234,363,1,172,7.69,-7.53,7.37
10630,661904489,172,202,129,213,544,372,390,315,231,360,1,172,7.69,-7.53,7.37
10631,661905489,175,202,126,213,543,372,390,315,232,359,1,172,7.69,-7.53,7.37
10632,661906489,178,201,127,213,542,371,389,313,234,360,1,172,7.69,-7.53,7.37
10633,661907490,176,203,125,214,541,371,389,307,230,360,1,172,7.69,-7.53,7.37
10634,661908489,177,203,133,213,540,370,389,314,232,369,1,173,7.69,-7.53,7.37
10635,661909489,176,201,129,219,538,372,390,313,227,360,24,169,7.69,-7.53,7.37
10636,661910738,173,201,133,213,534,371,388,313,231,360,25,172,7.69,-7.53,7.37
10637,661911489,173,206,133,217,533,369,388,312,231,361,25,172,8.88,-7.28,6.11
10638,661912489,173,206,123,222,535,369,388,309,232,360,25,173,8.88,-7.28,6.11
10639,661913489,179,203,125,218,535,368,388,309,229,362,25,171,8.88,-7.28,6.11
10640,661914489,179,200,129,220,533,369,388,306,233,362,26,172,8.88,-7.28,6.11
10641,661915489,175,200,129,212,533,369,388,307,234,360,25,172,8.88,-7.28,6.11
10642,661916489,180,198,125,214,532,369,386,303,230,360,26,171,8.88,-7.28,6.11
10643,661917490,181,202,127,221,534,369,386,302,235,361,26,172,8.88,-7.28,6.11
10644,661918490,177,196,130,216,533,366,386,299,231,363,26,172,8.88,-7.28,6.11
10645,661919489,177,191,125,212,527,368,386,297,231,363,27,171,8.88,-7.28,6.11
10646,661920737,175,194,124,210,529,369,385,296,234,363,30,172,8.88,-7.28,6.11
10647,661921489,178,194,128,215,529,369,386,296,234,363,27,172,10.15,-8.56,7.03
10648,661922489,173,190,133,213,527,367,386,293,235,363,26,170,10.15,-8.56,7.03
10649,661923489,175,190,123,218,525,366,384,293,235,364,27,165,10.15,-8.56,7.03
10650,661924489,178,191,131,213,523,366,385,293,233,365,27,147,10.15,-8.56,7.03
10651,661925489,176,191,122,219,522,367,385,294,232,364,28,138,10.15,-8.56,7.03
10652,661926489,180,186,128,217,520,366,385,293,230,363,27,132,10.15,-8.56,7.03
10653,661927489,177,190,133,213,521,367,385,293,232,364,28,137,10.15,-8.56,7.03
10654,661928489,177,186,127,222,521,363,386,291,234,364,1,138,10.15,-8.56,7.03
10655,661930983,177,190,122,217,520,365,384,286,231,364,1,135,10.15,-8.56,7.03
10656,661931472,178,186,125,223,518,366,384,290,231,367,1,138,6.76,-7.91,9.08
10657,661931960,177,189,122,223,519,364,384,284,234,367,1,140,6.76,-7.91,9.08
10658,661932489,178,188,127,224,519,364,384,281,233,367,1,141,6.76,-7.91,9.08
10659,661933489,178,185,131,224,517,366,384,290,234,363,1,139,6.76,-7.91,9.08
10660,661934489,183,184,128,214,518,364,384,290,234,359,1,138,6.76,-7.91,9.08
10661,661935489,182,187,129,222,517,364,380,293,233,359,1,138,6.76,-7.91,9.08
10662,661938665,181,185,124,222,518,363,380,294,235,361,1,139,6.76,-7.91,9.08
10663,661940816,183,185,125,223,516,363,378,294,232,362,28,140,6.76,-7.91,9.08
10664,661941304,184,188,122,223,514,363,374,294,236,357,28,139,4.93,-0.18,2.73
10665,661941795,184,187,124,225,512,364,373,294,236,354,29,137,4.93,-0.18,2.73
10666,661942489,181,184,131,225,510,364,370,294,232,353,32,138,4.93,-0.18,2.73
10667,661943489,174,185,125,227,507,364,371,295,236,350,33,129,4.93,-0.18,2.73
10668,661944496,174,184,123,224,507,363,368,294,234,344,30,128,4.93,-0.18,2.73
10669,661945491,181,186,130,224,507,363,369,293,234,341,30,122,4.93,-0.18,2.73
10670,661948865,184,183,121,225,506,364,366,293,233,336,31,117,4.93,-0.18,2.73
10671,661951153,180,184,130,216,504,366,368,286,231,314,30,113,4.93,-0.18,2.73
10672,661951642,183,181,120,214,502,365,367,274,232,318,33,113,10.09,-8.22,9.92
10673,661952490,174,182,126,216,502,365,366,274,231,319,30,112,10.09,-8.22,9.92
10674,661953489,179,175,120,214,502,365,363,266,227,319,31,119,10.09,-8.22,9.92
10675,661954489,176,183,117,216,501,364,364,270,231,318,34,118,10.09,-8.22,9.92
10676,661955489,181,179,118,221,502,365,364,263,226,320,31,118,10.09,-8.22,9.92
10677,661956499,185,181,115,212,500,364,364,256,231,320,28,110,10.09,-8.22,9.92
10678,661957489,181,182,113,214,499,365,363,247,230,319,30,111,10.09,-8.22,9.92
10679,661958489,182,180,111,216,500,366,362,246,227,320,29,116,10.09,-8.22,9.92
10680,661959489,179,183,109,221,498,364,360,243,231,318,30,116,10.09,-8.22,9.92
10681,661960738,183,182,108,217,496,365,359,239,225,317,28,121,10.09,-8.22,9.92
10682,661961485,186,184,104,215,495,362,357,242,227,317,27,119,7,-4.82,3.92
10683,661962485,179,182,107,209,494,365,355,243,223,317,29,124,7,-4.82,3.92
10684,661963485,182,184,104,216,493,365,354,241,219,321,29,119,7,-4.82,3.92
10685,661964485,178,181,103,211,492,365,353,241,219,320,28,120,7,-4.82,3.92
10686,661965485,180,182,97,207,492,365,350,220,225,315,32,116,7,-4.82,3.92
10687,661966485,175,179,98,213,492,365,351,239,224,314,28,124,7,-4.82,3.92
10688,661967485,169,181,88,213,491,364,348,246,222,308,30,122,7,-4.82,3.92
10689,661968485,171,177,89,211,491,365,349,252,213,297,32,121,7,-4.82,3.92
10690,661969485,163,175,87,203,491,365,348,254,213,301,29,121,7,-4.82,3.92
10691,661970733,167,181,85,206,490,363,347,256,217,298,28,123,7,-4.82,3.92
10692,661971489,172,177,81,208,490,364,348,263,213,293,28,120,-0.19,-1.74,2.55
10693,661972489,174,181,78,204,489,363,347,266,216,291,29,116,-0.19,-1.74,2.55
10694,661973489,171,180,76,203,490,362,345,268,214,289,28,114,-0.19,-1.74,2.55
10695,661974489,171,182,69,204,490,361,335,269,211,281,28,118,-0.19,-1.74,2.55
10696,661975489,170,181,70,202,490,362,341,274,210,279,28,117,-0.19,-1.74,2.55
10697,661976489,173,180,70,203,490,362,338,271,208,270,29,117,-0.19,-1.74,2.55
10698,661977489,176,180,73,200,490,362,339,276,206,267,29,118,-0.19,-1.74,2.55
10699,661978489,175,182,73,203,487,361,336,270,210,264,29,118,-0.19,-1.74,2.55
10700,661979903,177,181,73,196,488,362,336,264,208,259,29,119,-0.19,-1.74,2.55
10701,661981124,173,181,71,200,488,363,333,264,204,257,31,119,5.48,-9.83,7.82
10702,661981612,172,177,74,196,485,362,338,269,203,256,29,114,5.48,-9.83,7.82
10703,661982489,173,180,69,199,485,362,332,262,202,252,29,115,5.48,-9.83,7.82
10704,661983489,172,180,70,198,482,361,334,265,203,247,30,120,5.48,-9.83,7.82
10705,661984489,177,178,68,199,483,361,331,262,202,242,33,119,5.48,-9.83,7.82
10706,661985489,173,180,64,194,481,362,330,264,204,243,29,120,5.48,-9.83,7.82
10707,661988666,173,174,69,191,478,359,329,264,199,240,29,120,5.48,-9.83,7.82
10708,661990827,176,170,68,193,480,362,331,264,200,238,33,115,5.48,-9.83,7.82
10709,661991311,172,161,61,192,481,358,330,263,192,241,32,121,7.37,-9.35,5.92
10710,661991794,173,161,66,191,481,361,326,259,196,238,31,119,7.37,-9.35,5.92
10711,661992485,173,151,67,189,479,361,328,252,194,236,33,121,7.37,-9.35,5.92
10712,661993485,175,148,62,191,479,360,328,247,191,237,30,119,7.37,-9.35,5.92
10713,661994489,173,152,67,188,478,360,326,258,186,240,29,119,7.37,-9.35,5.92
10714,661995485,176,147,60,190,475,360,326,252,187,240,29,120,7.37,-9.35,5.92
10715,661998912,174,150,66,191,476,359,323,257,187,237,29,114,7.37,-9.35,5.92
10716,662001050,175,146,62,191,474,360,321,264,184,240,36,114,7.37,-9.35,5.92
10717,662001538,167,156,64,189,475,358,318,258,183,240,33,119,8.52,-8.09,5.38
10718,662002489,148,149,59,192,474,360,317,255,183,239,33,116,8.52,-8.09,5.38
10719,662003506,166,145,63,189,473,357,317,263,179,237,29,119,8.52,-8.09,5.38
10720,662004489,156,144,64,191,474,360,316,261,181,240,30,120,8.52,-8.09,5.38
10721,662005489,163,146,62,191,475,356,317,261,184,236,31,121,8.52,-8.09,5.38
10722,662006490,158,145,63,188,476,358,316,263,179,240,29,120,8.52,-8.09,5.38
10723,662007489,161,148,63,193,474,357,313,258,184,240,28,121,8.52,-8.09,5.38
10724,662008489,158,140,68,193,473,356,312,262,181,239,32,115,8.52,-8.09,5.38
10725,662009489,161,139,63,188,474,358,313,266,178,238,32,117,8.52,-8.09,5.38
10726,662010765,159,136,65,188,471,354,313,258,181,240,43,119,8.52,-8.09,5.38
10727,662011506,149,129,64,187,471,358,314,246,182,241,47,116,10.02,-8.44,6.87
10728,662012489,152,136,63,188,470,357,312,239,184,242,44,114,10.02,-8.44,6.87
10729,662013506,143,132,65,190,472,355,308,242,183,242,29,121,10.02,-8.44,6.87
10730,662014489,149,132,62,189,471,358,306,244,184,241,39,108,10.02,-8.44,6.87
10731,662015506,144,132,67,191,470,356,305,249,181,239,37,110,10.02,-8.44,6.87
10732,662016489,141,131,62,189,470,358,302,250,179,244,38,109,10.02,-8.44,6.87
10733,662017489,141,123,64,189,470,358,299,262,182,241,28,110,10.02,-8.44,6.87
10734,662018506,143,124,62,189,470,358,297,258,178,239,28,109,10.02,-8.44,6.87
10735,662019489,145,125,62,189,469,356,299,258,182,242,29,113,10.02,-8.44,6.87
10736,662020770,137,122,65,185,468,358,295,264,181,245,32,113,10.02,-8.44,6.87
10737,662021489,136,121,59,191,468,355,293,267,181,245,38,109,10.38,-7.35,5.55
10738,662022489,139,122,66,188,466,353,286,259,183,247,39,113,10.38,-7.35,5.55
10739,662023490,139,121,64,191,467,352,286,264,178,242,37,113,10.38,-7.35,5.55
10740,662024489,139,111,64,191,466,356,271,262,183,240,40,114,10.38,-7.35,5.55
10741,662025506,137,117,69,190,466,355,276,270,184,241,37,114,10.38,-7.35,5.55
10742,662026490,134,113,60,188,463,355,275,259,181,245,38,111,10.38,-7.35,5.55
10743,662027490,133,115,63,187,464,353,272,276,179,245,44,110,10.38,-7.35,5.55
10744,662028506,137,113,68,190,463,355,272,266,183,246,41,109,10.38,-7.35,5.55
10745,662030976,133,111,61,186,465,352,274,268,183,244,41,110,10.38,-7.35,5.55
10746,662031464,127,113,59,189,460,355,273,263,180,243,38,109,6.64,-8.22,10.09
10747,662031953,120,111,66,191,460,355,267,267,183,242,40,109,6.64,-8.22,10.09
10748,662032489,129,112,65,189,460,352,269,268,184,245,36,108,6.64,-8.22,10.09
10749,662033490,129,112,64,190,459,356,267,260,182,246,39,108,6.64,-8.22,10.09
10750,662034506,126,108,63,189,457,355,269,251,182,246,38,85,6.64,-8.22,10.09
10751,662035490,118,109,57,188,456,353,267,257,182,242,39,84,6.64,-8.22,10.09
10752,662038662,119,110,64,189,457,356,266,242,184,248,39,86,6.64,-8.22,10.09
10753,662040823,115,110,63,185,457,352,263,258,180,250,39,98,6.64,-8.22,10.09
10754,662041311,117,107,60,185,454,354,263,261,184,251,39,97,5.81,-6.37,7.46
10755,662041800,121,110,59,185,453,351,263,261,182,248,40,85,5.81,-6.37,7.46
10756,662042492,113,108,60,181,450,349,264,259,183,251,38,88,5.81,-6.37,7.46
10757,662043489,114,109,53,182,454,353,262,259,179,251,37,93,5.81,-6.37,7.46
10758,662044489,113,110,55,179,452,354,259,259,183,254,41,86,5.81,-6.37,7.46
10759,662045489,112,110,56,183,451,353,258,263,179,253,26,87,5.81,-6.37,7.46
10760,662048913,119,102,53,175,451,353,245,264,181,251,38,82,5.81,-6.37,7.46
10761,662051052,109,108,53,177,450,353,245,266,180,253,36,84,5.81,-6.37,7.46
10762,662051540,111,102,51,179,450,351,239,260,177,254,38,80,5.05,-6.32,6.71
10763,662052489,107,93,52,175,450,352,240,264,176,250,39,81,5.05,-6.32,6.71
10764,662053490,111,93,49,178,449,352,238,266,179,253,37,84,5.05,-6.32,6.71
10765,662054490,115,91,48,177,449,350,235,266,183,254,26,83,5.05,-6.32,6.71
10766,662055489,108,95,51,173,449,349,236,268,178,256,26,82,5.05,-6.32,6.71
10767,662056489,110,95,50,178,448,349,235,270,183,255,27,80,5.05,-6.32,6.71
10768,662057489,106,97,48,178,448,352,232,273,183,250,26,82,5.05,-6.32,6.71
10769,662058490,102,88,48,177,446,348,234,265,181,255,32,87,5.05,-6.32,6.71
10770,662059489,104,94,53,172,448,352,229,267,177,256,38,82,5.05,-6.32,6.71
10771,662060737,107,87,50,171,446,350,227,264,180,256,29,79,5.05,-6.32,6.71
10772,662061489,107,95,49,172,443,342,231,262,183,257,32,79,1.61,-6.67,6.1
10773,662062489,96,88,50,172,440,349,229,263,182,258,36,77,1.61,-6.67,6.1
10774,662063490,68,86,50,169,440,343,226,265,179,259,37,76,1.61,-6.67,6.1
10775,662064490,71,90,50,168,441,347,218,264,180,259,39,75,1.61,-6.67,6.1
10776,662065489,72,90,49,157,442,348,221,263,178,262,31,77,1.61,-6.67,6.1
10777,662066489,69,85,48,149,442,343,216,267,181,262,26,76,1.61,-6.67,6.1
10778,662067489,72,87,50,149,442,348,220,267,179,263,26,75,1.61,-6.67,6.1
10779,662068489,68,83,48,146,439,348,220,264,178,263,26,77,1.61,-6.67,6.1
10780,662069489,74,81,47,142,438,344,217,262,177,265,23,77,1.61,-6.67,6.1
10781,662070748,65,80,48,138,436,339,216,261,177,266,25,75,1.61,-6.67,6.1
10782,662071490,73,80,52,126,439,339,214,266,179,266,25,76,0.79,-7.08,3.68
10783,662072489,71,76,52,128,439,345,217,263,174,266,26,77,0.79,-7.08,3.68
10784,662073489,71,78,51,122,437,345,217,257,179,270,26,73,0.79,-7.08,3.68
10785,662074489,71,76,52,118,437,338,215,257,179,266,26,76,0.79,-7.08,3.68
10786,662075494,65,70,50,125,436,345,211,260,181,266,26,76,0.79,-7.08,3.68
10787,662076489,70,76,53,128,435,338,211,255,178,268,24,76,0.79,-7.08,3.68
10788,662077489,68,72,49,126,434,345,207,250,182,265,24,74,0.79,-7.08,3.68
10789,662078489,69,76,46,124,435,341,209,256,178,264,24,74,0.79,-7.08,3.68
10790,662080710,68,76,46,121,433,344,213,253,182,264,25,75,0.79,-7.08,3.68
10791,662081199,69,75,44,122,429,336,208,265,183,266,24,74,-0.1,-6.49,4.1
10792,662081688,66,74,46,123,431,342,204,262,178,272,24,74,-0.1,-6.49,4.1
10793,662082489,67,72,44,126,429,344,204,265,183,267,23,75,-0.1,-6.49,4.1
10794,662083490,64,78,41,122,431,344,200,257,176,265,22,75,-0.1,-6.49,4.1
10795,662084489,61,77,40,125,429,336,201,251,177,268,23,74,-0.1,-6.49,4.1
10796,662085489,66,77,40,123,429,342,201,251,182,263,23,73,-0.1,-6.49,4.1
10797,662088666,71,79,39,127,428,338,196,254,178,264,22,73,-0.1,-6.49,4.1
10798,662090811,65,72,32,121,421,338,195,252,178,270,21,76,-0.1,-6.49,4.1
10799,662091298,68,80,34,110,420,341,194,258,183,266,21,73,0.65,-7.39,4.58
10800,662091783,65,78,34,112,420,335,196,257,178,267,21,75,0.65,-7.39,4.58
10801,662092487,67,76,28,109,416,338,189,254,181,266,22,79,0.65,-7.39,4.58
10802,662093485,61,74,25,109,417,338,190,255,179,265,19,76,0.65,-7.39,4.58
10803,662094485,70,75,22,107,417,336,187,252,179,264,6,73,0.65,-7.39,4.58
10804,662095488,68,80,20,109,414,341,192,263,181,264,1,73,0.65,-7.39,4.58
10805,662098874,62,77,19,105,410,333,191,253,180,261,1,75,0.65,-7.39,4.58
10806,662101012,68,72,17,101,411,340,189,259,178,256,8,75,0.65,-7.39,4.58
10807,662101501,64,74,8,103,406,339,186,251,180,254,12,75,1.15,-10.98,5.39
10808,662102489,67,78,6,105,403,336,189,254,177,249,12,75,1.15,-10.98,5.39
10809,662103489,64,74,6,104,404,333,188,256,176,247,11,75,1.15,-10.98,5.39
10810,662104490,69,76,17,103,404,333,187,257,182,245,12,74,1.15,-10.98,5.39
10811,662105489,69,75,18,106,402,336,185,258,179,239,10,73,1.15,-10.98,5.39
10812,662106490,69,74,19,104,400,335,186,259,178,241,10,68,1.15,-10.98,5.39
10813,662107489,71,74,17,103,402,332,185,255,180,240,10,67,1.15,-10.98,5.39
10814,662108489,61,73,14,104,400,333,187,258,177,238,10,66,1.15,-10.98,5.39
10815,662109489,69,74,8,106,396,331,186,256,181,235,10,59,1.15,-10.98,5.39
10816,662110762,69,74,7,106,398,332,182,258,181,233,10,59,1.15,-10.98,5.39
10817,662111489,67,73,4,104,400,334,178,258,175,233,11,50,1.26,-8.04,4.28
10818,662112489,68,76,4,107,398,331,177,259,181,231,10,53,1.26,-8.04,4.28
10819,662113488,67,76,7,107,397,332,181,260,181,227,10,52,1.26,-8.04,4.28
10820,662114489,64,77,5,101,397,334,179,262,178,226,10,51,1.26,-8.04,4.28
10821,662115490,68,71,5,105,396,328,175,260,176,225,10,49,1.26,-8.04,4.28
10822,662116489,70,73,5,106,395,334,177,257,174,223,11,49,1.26,-8.04,4.28
10823,662117489,66,77,5,102,398,333,170,259,176,222,12,46,1.26,-8.04,4.28
10824,662118489,69,69,5,103,396,330,173,255,176,213,10,45,1.26,-8.04,4.28
10825,662119489,61,73,4,104,394,328,173,259,175,214,11,44,1.26,-8.04,4.28
10826,662120765,63,79,5,108,397,329,171,252,178,222,12,46,1.26,-8.04,4.28
10827,662121489,66,76,5,108,396,331,175,255,172,215,12,47,-0.35,-7.3,6.73
10828,662122490,62,72,4,105,395,332,170,257,177,210,12,46,-0.35,-7.3,6.73
10829,662123489,63,74,4,107,397,330,170,259,175,211,10,47,-0.35,-7.3,6.73
10830,662124489,65,77,5,107,395,332,172,258,174,220,11,43,-0.35,-7.3,6.73
10831,662125491,66,76,4,107,396,328,169,258,175,211,10,45,-0.35,-7.3,6.73
10832,662126489,65,73,3,104,394,326,173,255,173,217,9,46,-0.35,-7.3,6.73
10833,662127489,63,77,4,105,395,330,167,254,171,212,8,44,-0.35,-7.3,6.73
10834,662128489,68,78,4,104,395,329,166,254,171,211,4,44,-0.35,-7.3,6.73
10835,662131006,68,72,3,103,394,326,168,259,175,212,1,42,-0.35,-7.3,6.73
10836,662131490,67,75,3,106,397,326,167,250,171,209,0,24,1.5,-6.21,4.22
10837,662132485,68,73,5,102,391,327,166,257,173,215,2,27,1.5,-6.21,4.22
10838,662133501,65,75,14,107,396,326,161,255,171,215,2,25,1.5,-6.21,4.22
10839,662134485,62,72,14,106,394,325,159,256,172,212,3,24,1.5,-6.21,4.22
10840,662135485,68,74,14,107,394,325,162,244,169,216,1,24,1.5,-6.21,4.22
10841,662139085,63,72,16,106,391,324,160,251,172,210,1,24,1.5,-6.21,4.22
10842,662140871,71,72,19,105,382,324,159,241,173,205,1,24,1.88,-5.02,5.13
10843,662141359,68,77,20,103,379,324,158,256,172,206,1,24,1.88,-5.02,5.13
10844,662141847,62,78,20,107,379,324,156,256,171,209,1,24,1.88,-5.02,5.13
10845,662142494,69,78,19,105,375,325,161,256,172,212,1,24,1.88,-5.02,5.13
10846,662143506,68,75,20,105,375,324,159,255,171,211,1,24,1.88,-5.02,5.13
10847,662144489,71,74,20,107,373,325,156,255,169,207,1,23,1.88,-5.02,5.13
10848,662145506,63,78,19,103,371,323,156,255,173,205,1,24,1.88,-5.02,5.13
10849,662148874,70,77,19,102,371,325,158,254,170,202,1,23,1.88,-5.02,5.13
10850,662151012,71,68,19,103,367,324,149,253,169,206,1,23,1.88,-5.02,5.13
10851,662151500,66,73,19,107,360,324,148,241,171,201,1,23,2.36,-4.63,5.04
10852,662152506,70,73,19,107,361,324,150,197,172,206,1,24,2.36,-4.63,5.04
10853,662153489,67,76,18,104,362,323,148,174,172,203,1,23,2.36,-4.63,5.04
10854,662154506,69,67,19,106,363,323,148,173,171,210,1,23,2.36,-4.63,5.04
10855,662155490,66,72,18,107,362,324,142,181,172,216,1,23,2.36,-4.63,5.04
10856,662156489,64,75,18,103,360,324,143,194,174,209,1,23,2.36,-4.63,5.04
10857,662157489,69,66,18,102,359,324,142,196,174,211,1,22,2.36,-4.63,5.04
10858,662158489,70,68,19,102,359,324,143,200,174,208,1,22,2.36,-4.63,5.04
10859,662159506,67,69,19,104,360,323,143,200,171,207,1,22,2.36,-4.63,5.04
10860,662160758,64,69,19,102,360,323,136,205,171,211,1,22,2.36,-4.63,5.04
10861,662161489,67,71,19,105,359,324,135,211,168,212,1,22,3.45,-5.13,6.45
10862,662162489,70,65,19,105,360,322,137,212,174,210,1,22,3.45,-5.13,6.45
10863,662163506,72,68,19,104,360,323,135,208,168,215,1,23,3.45,-5.13,6.45
10864,662164489,72,68,19,103,360,324,139,217,170,224,1,23,3.45,-5.13,6.45
10865,662165508,67,72,19,96,358,324,138,203,173,226,1,23,3.45,-5.13,6.45
10866,662166489,65,68,21,104,358,323,133,176,172,227,1,23,3.45,-5.13,6.45
10867,662167506,66,69,19,102,358,323,138,172,173,228,1,23,3.45,-5.13,6.45
10868,662168489,64,71,20,106,358,323,137,174,174,225,1,23,3.45,-5.13,6.45
10869,662169506,70,70,21,103,358,322,131,178,174,227,1,22,3.45,-5.13,6.45
10870,662170761,63,70,20,106,358,322,133,172,171,231,1,21,3.45,-5.13,6.45
10871,662171506,67,72,20,104,358,322,131,170,173,231,1,22,6.33,-4.06,7.12
10872,662172489,64,69,20,102,356,321,133,173,175,232,1,21,6.33,-4.06,7.12
10873,662173489,68,69,20,103,355,321,133,177,175,233,1,21,6.33,-4.06,7.12
10874,662174489,69,58,21,103,355,320,130,174,174,238,1,21,6.33,-4.06,7.12
10875,662175495,67,70,20,104,354,320,130,173,174,240,1,21,6.33,-4.06,7.12
10876,662176506,65,64,20,103,353,320,132,173,171,236,1,21,6.33,-4.06,7.12
10877,662177489,60,59,21,102,354,319,131,173,172,239,1,20,6.33,-4.06,7.12
10878,662178489,69,59,19,103,352,319,130,167,172,240,1,19,6.33,-4.06,7.12
10879,662180710,67,70,19,102,354,316,128,148,172,238,1,20,6.33,-4.06,7.12
10880,662181216,62,68,20,102,353,318,127,162,170,244,1,19,6.46,-2.73,9.79
10881,662181721,68,64,21,103,352,318,129,171,169,245,1,18,6.46,-2.73,9.79
10882,662182489,70,65,20,103,350,318,134,173,168,244,1,18,6.46,-2.73,9.79
10883,662183489,68,66,20,100,349,318,132,169,169,244,1,18,6.46,-2.73,9.79
10884,662184489,61,65,22,97,349,318,129,177,173,242,1,17,6.46,-2.73,9.79
10885,662185489,67,67,21,98,349,317,132,199,172,241,3,17,6.46,-2.73,9.79
10886,662188678,59,70,23,99,348,319,129,203,171,244,2,17,6.46,-2.73,9.79
10887,662190834,62,56,21,102,342,318,127,200,172,243,2,17,6.46,-2.73,9.79
10888,662191339,59,62,21,104,344,317,125,207,172,244,3,16,6.31,-4.19,8.11
10889,662191844,51,66,21,105,343,317,124,207,172,243,4,17,6.31,-4.19,8.11
10890,662192489,51,64,16,103,344,317,127,206,168,242,3,17,6.31,-4.19,8.11
10891,662193506,55,62,12,103,342,315,129,202,171,243,0,17,6.31,-4.19,8.11
10892,662194489,54,63,4,105,342,314,126,202,168,242,1,17,6.31,-4.19,8.11
10893,662195506,51,64,3,104,341,316,128,204,170,241,1,17,6.31,-4.19,8.11
10894,662198665,51,63,1,106,340,315,127,214,168,241,1,17,6.31,-4.19,8.11
10895,662200996,39,59,1,104,334,314,126,212,164,241,1,17,6.31,-4.19,8.11
10896,662201480,44,66,1,102,337,309,126,213,171,243,1,17,2.22,-1.62,14.11
10897,662201964,41,68,2,96,337,312,127,214,169,242,1,17,2.22,-1.62,14.11
10898,662202502,39,62,2,100,335,310,123,210,172,242,1,17,2.22,-1.62,14.11
10899,662203501,43,60,2,100,335,309,121,220,171,245,1,17,2.22,-1.62,14.11
10900,662204501,39,66,2,97,337,310,123,215,162,251,1,17,2.22,-1.62,14.11
10901,662205502,42,60,2,96,337,311,128,222,172,254,1,16,2.22,-1.62,14.11
10902,662206512,39,64,2,93,339,312,125,213,172,256,1,17,2.22,-1.62,14.11
10903,662207485,39,64,2,97,336,313,119,215,171,257,1,16,2.22,-1.62,14.11
10904,662208485,40,62,2,86,336,313,129,223,171,257,1,17,2.22,-1.62,14.11
10905,662209485,38,64,2,86,335,313,125,224,167,261,1,17,2.22,-1.62,14.11
10906,662210747,39,65,2,86,335,313,126,225,168,264,1,17,2.22,-1.62,14.11
10907,662211485,43,61,2,89,337,314,123,226,171,266,1,17,-0.28,-1.44,6.37
10908,662212491,39,61,2,90,335,314,122,224,171,270,1,17,-0.28,-1.44,6.37
10909,662213485,40,66,2,85,338,312,125,226,168,267,1,17,-0.28,-1.44,6.37
10910,662214502,40,64,2,86,339,313,119,228,168,268,1,17,-0.28,-1.44,6.37
10911,662215508,42,67,3,86,339,313,125,229,168,268,1,17,-0.28,-1.44,6.37
10912,662216486,40,68,1,87,337,310,120,230,171,271,1,17,-0.28,-1.44,6.37
10913,662217485,41,64,1,86,337,314,118,229,167,266,1,17,-0.28,-1.44,6.37
10914,662218485,42,61,2,85,336,314,117,228,171,267,1,17,-0.28,-1.44,6.37
10915,662219487,39,59,1,87,336,313,113,228,171,276,1,16,-0.28,-1.44,6.37
10916,662220746,35,59,1,88,333,313,112,228,167,273,1,16,-0.28,-1.44,6.37
10917,662221492,35,62,1,85,337,310,119,231,170,275,1,16,0.69,-2.29,3.86
10918,662222506,31,64,2,85,334,312,118,230,165,278,1,16,0.69,-2.29,3.86
10919,662223489,36,61,1,88,334,308,113,230,171,277,1,16,0.69,-2.29,3.86
10920,662224506,38,58,2,87,337,309,114,229,166,273,1,16,0.69,-2.29,3.86
10921,662225495,34,61,1,88,340,312,112,229,172,272,1,16,0.69,-2.29,3.86
10922,662226513,38,61,1,87,334,312,117,230,166,273,2,16,0.69,-2.29,3.86
10923,662227512,39,64,2,85,338,313,113,230,166,276,1,16,0.69,-2.29,3.86
10924,662228508,37,62,2,89,336,311,111,231,167,275,2,16,0.69,-2.29,3.86
10925,662230815,36,61,2,84,337,308,118,232,164,271,2,16,0.82,-7.06,3.35
10926,662231303,38,66,2,82,336,309,112,232,167,273,2,16,0.82,-7.06,3.35
10927,662231792,35,59,1,81,337,312,112,232,170,273,2,16,0.82,-7.06,3.35
10928,662232489,36,67,1,85,340,312,114,232,166,273,2,16,0.82,-7.06,3.35
10929,662233489,36,63,1,84,340,307,114,233,166,266,2,16,0.82,-7.06,3.35
10930,662234506,35,61,2,85,338,310,118,234,169,270,2,16,0.82,-7.06,3.35
10931,662235489,35,64,2,83,338,311,114,234,165,267,2,16,0.82,-7.06,3.35
10932,662238909,37,61,1,86,341,310,113,233,170,264,2,16,0.82,-7.06,3.35
10933,662240883,34,64,2,84,334,310,113,234,167,273,2,16,0.82,-7.06,3.35
10934,662241388,33,61,1,82,336,312,114,233,162,266,2,16,-0.41,-10.18,4.07
10935,662241893,33,70,3,81,337,310,119,234,166,271,2,16,-0.41,-10.18,4.07
10936,662242506,37,66,1,87,336,309,111,232,169,270,2,17,-0.41,-10.18,4.07
10937,662243506,34,59,2,82,332,309,114,234,170,270,2,16,-0.41,-10.18,4.07
10938,662244506,35,57,2,84,331,311,115,232,167,268,2,18,-0.41,-10.18,4.07
10939,662245506,38,62,3,86,337,312,120,232,169,269,2,16,-0.41,-10.18,4.07
10940,662248903,37,68,2,83,338,312,116,231,165,270,2,16,-0.41,-10.18,4.07
10941,662251041,35,59,2,83,335,309,120,232,170,271,3,16,-0.41,-10.18,4.07
10942,662251548,36,68,2,83,337,312,120,231,169,272,3,16,-0.36,-6.66,3.53
10943,662252509,34,60,3,85,336,312,112,232,169,275,3,16,-0.36,-6.66,3.53
10944,662253506,35,61,1,82,334,312,118,232,166,273,2,16,-0.36,-6.66,3.53
10945,662254506,35,64,2,83,333,312,116,232,165,271,2,16,-0.36,-6.66,3.53
10946,662255509,38,64,1,86,332,312,114,232,167,276,2,16,-0.36,-6.66,3.53
10947,662256506,37,64,2,85,335,312,115,232,169,273,2,16,-0.36,-6.66,3.53
10948,662257506,34,58,1,81,335,309,115,231,166,269,2,18,-0.36,-6.66,3.53
10949,662258509,37,64,1,84,335,311,115,231,166,269,2,18,-0.36,-6.66,3.53
10950,662259506,36,64,2,82,334,311,119,231,170,271,3,16,-0.36,-6.66,3.53
10951,662260756,34,63,2,80,335,311,114,230,162,276,3,16,-0.36,-6.66,3.53
10952,662261506,36,65,2,79,335,309,118,232,166,270,3,16,0.63,-6.27,4.79
10953,662262506,34,59,1,81,335,307,115,230,166,270,3,17,0.63,-6.27,4.79
10954,662263512,35,63,2,81,335,308,116,232,165,269,3,15,0.63,-6.27,4.79
10955,662264513,32,64,2,79,335,311,116,232,169,273,3,15,0.63,-6.27,4.79
10956,662265508,36,60,1,78,336,310,114,232,170,272,2,15,0.63,-6.27,4.79
10957,662266507,36,70,3,79,334,310,116,231,171,268,3,15,0.63,-6.27,4.79
10958,662267506,34,57,4,79,335,311,114,231,163,265,3,15,0.63,-6.27,4.79
10959,662268510,33,67,12,83,332,311,115,232,162,271,2,15,0.63,-6.27,4.79
10960,662269506,30,58,15,81,335,307,115,231,170,272,1,16,0.63,-6.27,4.79
10961,662270754,31,67,19,80,333,309,115,230,169,270,0,16,0.63,-6.27,4.79
10962,662271502,32,57,19,81,335,306,121,231,168,270,0,16,0.79,-6.53,5.66
10963,662272501,30,69,21,82,339,305,115,230,170,267,1,16,0.79,-6.53,5.66
10964,662273502,33,62,22,80,333,309,115,230,164,262,0,15,0.79,-6.53,5.66
10965,662274505,30,66,26,80,336,310,118,232,169,269,0,16,0.79,-6.53,5.66
10966,662275503,34,61,27,82,336,310,120,231,168,267,1,16,0.79,-6.53,5.66
10967,662276502,34,62,30,80,337,306,117,231,159,263,1,18,0.79,-6.53,5.66
10968,662277502,29,66,34,83,336,310,120,232,166,265,1,16,0.79,-6.53,5.66
10969,662278501,31,61,39,84,335,311,121,230,168,262,0,16,0.79,-6.53,5.66
10970,662280904,32,61,35,83,334,309,122,231,166,260,2,16,0.79,-6.53,5.66
10971,662281410,31,64,39,84,335,308,120,232,170,259,3,15,2.33,-6.71,9.04
10972,662281915,31,64,39,80,333,309,116,232,166,259,3,15,2.33,-6.71,9.04
10973,662282512,32,61,42,82,336,306,120,230,165,258,3,16,2.33,-6.71,9.04
10974,662283507,32,64,41,79,337,311,123,231,169,259,2,16,2.33,-6.71,9.04
10975,662284506,33,64,39,84,338,309,122,231,162,260,3,15,2.33,-6.71,9.04
10976,662285513,32,66,43,82,335,311,122,231,164,258,3,15,2.33,-6.71,9.04
10977,662288894,32,58,38,83,338,309,123,230,168,260,2,13,2.33,-6.71,9.04
10978,662290839,34,58,42,82,333,310,125,228,166,260,1,15,2.33,-6.71,9.04
10979,662291344,31,68,44,85,338,305,122,228,162,259,1,15,7.07,1.51,9.89
10980,662291850,33,65,46,83,335,309,122,229,166,260,1,15,7.07,1.51,9.89
10981,662292506,31,62,46,81,338,310,124,229,168,257,1,15,7.07,1.51,9.89
10982,662293506,33,59,47,88,340,308,126,229,170,260,0,15,7.07,1.51,9.89
10983,662294506,33,67,45,88,336,310,129,230,168,260,0,16,7.07,1.51,9.89
10984,662295506,31,62,42,84,337,309,119,231,169,260,0,15,7.07,1.51,9.89
10985,662298682,34,65,46,84,338,309,122,229,162,259,0,15,7.07,1.51,9.89
10986,662301014,33,58,46,85,338,307,129,231,165,260,1,15,7.07,1.51,9.89
10987,662301519,34,62,46,80,333,310,128,232,161,260,1,15,4.16,-4.27,5.29
10988,662302506,34,59,45,79,334,310,131,228,170,258,1,15,4.16,-4.27,5.29
10989,662303506,33,65,47,83,334,309,130,229,166,258,0,16,4.16,-4.27,5.29
10990,662304506,36,61,46,80,338,307,126,232,169,258,0,16,4.16,-4.27,5.29
10991,662305506,31,64,48,83,340,311,129,232,170,257,1,15,4.16,-4.27,5.29
10992,662306506,34,62,47,83,340,310,129,231,168,258,1,15,4.16,-4.27,5.29
10993,662307509,31,62,45,84,340,310,131,232,169,257,1,15,4.16,-4.27,5.29
10994,662308506,37,60,44,80,336,309,129,233,169,255,0,15,4.16,-4.27,5.29
10995,662309506,33,68,45,79,340,310,127,237,165,258,1,15,4.16,-4.27,5.29
10996,662310743,35,64,46,83,337,310,130,233,169,255,0,16,4.16,-4.27,5.29
10997,662311514,38,65,48,77,339,309,126,236,167,255,1,15,1.45,-8.51,9.07
10998,662312502,37,59,45,84,337,307,131,234,161,256,1,14,1.45,-8.51,9.07
10999,662313507,33,67,46,84,336,307,128,236,169,256,1,15,1.45,-8.51,9.07
11000,662314502,36,62,44,83,335,306,130,238,166,255,1,15,1.45,-8.51,9.07
