1,12,554484111,4.81,8.51,-0.66,0.66,0.52,-0.51,-0.17,165,260,169,241,60,58,3,28,256,408,2,2
1,12,554494111,4.78,8.53,-0.64,0.66,0.52,-0.51,-0.18,164,259,168,238,64,59,2,26,258,410,1,2
1,12,554520700,4.74,8.55,-0.61,0.66,0.52,-0.51,-0.18,164,256,170,240,63,53,2,27,257,409,1,1
1,12,554524111,4.72,8.57,-0.6,0.66,0.52,-0.51,-0.19,167,258,170,241,67,61,3,27,258,411,2,1
1,12,554534111,4.69,8.58,-0.59,0.66,0.52,-0.51,-0.19,162,258,169,244,66,53,3,24,258,409,1,1
1,12,554544117,4.67,8.6,-0.57,0.66,0.51,-0.51,-0.2,167,257,170,240,65,53,3,27,259,407,1,1
1,12,554554111,4.65,8.61,-0.56,0.66,0.51,-0.52,-0.2,165,257,167,243,69,41,1,27,259,410,2,2
1,12,554564122,4.63,8.62,-0.55,0.66,0.51,-0.52,-0.2,165,254,168,243,68,45,3,25,257,411,1,1
1,12,554574122,4.62,8.63,-0.54,0.66,0.51,-0.52,-0.21,176,253,170,244,63,48,1,24,256,407,1,1
1,12,554584122,4.59,8.64,-0.53,0.65,0.51,-0.52,-0.21,176,258,170,244,69,54,2,25,258,406,1,1
1,12,554594126,4.56,8.66,-0.52,0.65,0.51,-0.52,-0.21,182,253,167,239,62,52,1,23,255,406,2,1
1,12,554620784,4.48,8.7,-0.51,0.65,0.5,-0.52,-0.22,181,276,169,244,67,59,1,25,257,407,1,1
1,12,554624124,4.44,8.72,-0.5,0.65,0.5,-0.52,-0.23,187,278,167,238,59,59,2,25,257,408,1,2
1,12,554634111,4.4,8.74,-0.49,0.65,0.5,-0.52,-0.23,186,287,167,242,55,61,2,25,259,408,1,1
1,12,554644111,4.36,8.76,-0.48,0.65,0.5,-0.52,-0.24,184,283,167,243,55,70,2,25,257,411,1,1
1,12,554654111,4.32,8.79,-0.46,0.65,0.5,-0.53,-0.24,185,292,166,239,62,67,2,26,259,410,1,1
1,12,554664111,4.27,8.81,-0.46,0.65,0.5,-0.53,-0.24,188,285,166,243,63,56,3,24,259,408,1,2
1,12,554674125,4.22,8.83,-0.46,0.64,0.5,-0.53,-0.25,189,286,168,240,65,45,2,28,258,415,1,1
1,12,554684111,4.17,8.86,-0.47,0.64,0.49,-0.53,-0.26,190,288,166,239,65,62,2,21,259,406,1,1
1,12,554694122,4.11,8.88,-0.46,0.64,0.49,-0.53,-0.26,194,290,167,243,63,60,2,17,254,408,1,1
1,12,554720812,4,8.94,-0.41,0.64,0.5,-0.52,-0.26,197,300,169,244,69,71,3,21,257,408,2,2
1,12,554724111,3.93,8.97,-0.41,0.64,0.5,-0.52,-0.27,197,302,169,246,67,70,2,28,257,407,1,1
1,12,554734111,3.85,9.01,-0.39,0.64,0.5,-0.52,-0.27,195,302,170,245,71,74,2,29,259,407,1,2
1,12,554744122,3.77,9.04,-0.38,0.64,0.5,-0.52,-0.28,200,306,171,244,66,68,2,23,255,409,1,1
1,12,554754122,3.67,9.08,-0.38,0.63,0.5,-0.52,-0.28,199,304,169,243,72,73,2,26,255,412,1,1
1,12,554764111,3.56,9.12,-0.37,0.63,0.5,-0.52,-0.29,201,306,174,241,72,75,2,28,258,414,1,2
1,12,554774122,3.47,9.16,-0.36,0.63,0.5,-0.51,-0.29,203,304,173,241,68,73,2,30,257,413,1,1
1,12,554784111,3.38,9.19,-0.35,0.63,0.5,-0.51,-0.3,202,304,169,238,73,80,2,28,256,413,1,2
1,12,554794111,3.29,9.23,-0.33,0.63,0.5,-0.51,-0.3,203,310,175,235,72,77,3,22,254,416,1,1
1,12,554820766,3.13,9.28,-0.29,0.62,0.51,-0.51,-0.31,213,314,173,237,77,72,2,29,258,414,2,2
1,12,554824107,3.05,9.31,-0.25,0.62,0.51,-0.51,-0.32,207,312,171,236,69,72,3,28,258,413,1,1
1,12,554834111,2.96,9.34,-0.21,0.62,0.51,-0.5,-0.32,207,311,177,235,78,74,2,29,257,415,1,2
1,12,554844122,2.88,9.37,-0.16,0.62,0.51,-0.5,-0.32,207,310,173,234,72,71,3,27,258,415,1,1
1,12,554854122,2.8,9.39,-0.11,0.62,0.51,-0.5,-0.33,216,311,174,237,77,82,2,29,257,414,1,1
1,12,554864111,2.7,9.42,-0.07,0.62,0.51,-0.5,-0.33,212,313,174,237,65,81,2,28,255,415,2,1
1,12,554874122,2.6,9.45,-0.03,0.62,0.51,-0.49,-0.34,217,312,175,241,72,77,2,30,257,416,1,1
1,12,554884122,2.52,9.47,0.02,0.62,0.51,-0.49,-0.35,218,312,178,241,76,81,2,29,257,418,1,1
1,12,554894111,2.45,9.49,0.07,0.62,0.51,-0.49,-0.35,218,314,173,235,75,75,2,29,258,416,2,2
1,12,554920831,2.34,9.52,0.18,0.62,0.5,-0.49,-0.36,208,320,180,238,73,84,2,30,258,417,2,1
1,12,554924111,2.27,9.53,0.22,0.62,0.5,-0.48,-0.36,218,319,176,238,71,82,2,29,258,418,1,1
1,12,554934111,2.19,9.55,0.27,0.61,0.5,-0.48,-0.37,219,317,175,234,70,77,2,30,258,418,1,1
1,12,554944111,2.09,9.57,0.32,0.61,0.5,-0.48,-0.37,207,316,176,232,68,76,2,31,258,418,1,2
1,12,554954107,2,9.59,0.37,0.61,0.5,-0.48,-0.38,206,312,174,236,75,86,2,36,259,414,1,2
1,12,554964111,1.95,9.6,0.42,0.61,0.5,-0.48,-0.39,208,316,173,236,80,82,9,46,257,399,1,4
1,12,554974111,1.92,9.6,0.47,0.61,0.5,-0.48,-0.39,205,318,167,240,77,81,9,46,257,408,1,5
1,12,554984111,1.88,9.6,0.51,0.61,0.5,-0.48,-0.39,208,318,168,234,78,80,11,48,258,409,2,5
1,12,554994122,1.83,9.61,0.52,0.61,0.5,-0.48,-0.4,210,316,165,238,75,80,15,45,256,411,1,3
1,12,555020882,1.65,9.65,0.51,0.6,0.5,-0.47,-0.4,216,241,154,235,77,81,2,53,256,410,1,8
1,12,555024107,1.53,9.67,0.5,0.6,0.5,-0.47,-0.41,211,240,160,239,82,78,2,54,257,409,1,7
1,12,555034111,1.41,9.69,0.47,0.59,0.5,-0.47,-0.41,209,253,159,240,73,78,2,52,259,409,1,1
1,12,555044111,1.3,9.7,0.43,0.59,0.51,-0.47,-0.42,215,242,162,238,81,72,2,52,257,411,1,1
1,12,555054111,1.17,9.72,0.4,0.59,0.51,-0.47,-0.42,220,254,159,238,78,71,3,54,258,411,1,4
1,12,555064111,1.02,9.74,0.37,0.58,0.51,-0.47,-0.43,217,256,147,239,81,73,2,51,256,410,1,1
1,12,555074122,0.86,9.76,0.36,0.57,0.51,-0.47,-0.43,218,253,146,234,78,63,2,51,258,410,1,1
1,12,555084122,0.68,9.77,0.36,0.57,0.52,-0.46,-0.44,210,258,145,235,78,68,2,55,255,410,1,1
1,12,555094111,0.47,9.78,0.38,0.56,0.52,-0.46,-0.45,214,258,154,237,72,61,1,50,256,410,1,2
1,12,555120759,0.03,9.79,0.42,0.55,0.53,-0.45,-0.47,208,249,148,238,73,62,2,55,257,409,1,2
1,12,555124112,-0.16,9.79,0.45,0.55,0.53,-0.44,-0.47,208,252,149,236,71,64,3,50,259,410,1,1
1,12,555134122,-0.35,9.78,0.49,0.54,0.53,-0.44,-0.48,210,254,151,235,74,56,1,54,257,412,1,1
1,12,555144122,-0.53,9.77,0.52,0.54,0.53,-0.44,-0.49,209,255,145,239,71,54,1,51,257,411,1,1
1,12,555154111,-0.73,9.76,0.58,0.53,0.53,-0.43,-0.5,210,274,137,234,65,61,3,53,257,412,2,1
1,12,555164111,-0.94,9.73,0.65,0.52,0.53,-0.43,-0.51,216,262,138,236,69,60,2,49,257,410,2,2
1,12,555174111,-1.17,9.7,0.73,0.52,0.54,-0.42,-0.52,208,235,136,235,61,58,2,54,256,413,1,2
1,12,555184111,-1.41,9.66,0.83,0.51,0.54,-0.41,-0.53,216,204,136,239,62,63,2,54,258,409,1,2
1,12,555194111,-1.65,9.62,0.92,0.51,0.54,-0.4,-0.54,210,234,137,235,64,60,2,51,258,413,1,1
1,12,555220804,-2.13,9.5,1.13,0.5,0.54,-0.39,-0.56,216,287,136,228,56,60,2,43,256,415,1,1
1,12,555224124,-2.36,9.43,1.25,0.49,0.54,-0.38,-0.57,211,285,136,228,56,67,2,42,259,415,1,1
1,12,555234111,-2.59,9.35,1.37,0.49,0.54,-0.37,-0.58,210,291,133,212,64,62,2,47,257,415,1,2
1,12,555244111,-2.81,9.27,1.5,0.48,0.54,-0.36,-0.59,210,291,115,215,63,72,2,48,259,414,2,1
1,12,555254117,-3.02,9.18,1.62,0.48,0.54,-0.35,-0.6,207,287,107,208,62,68,2,47,261,417,2,2
1,12,555264111,-3.23,9.09,1.74,0.47,0.54,-0.34,-0.6,209,290,108,203,57,73,2,46,261,413,1,1
1,12,555274111,-3.43,8.99,1.86,0.47,0.54,-0.34,-0.61,215,287,104,207,60,76,1,50,261,413,1,1
1,12,555284129,-3.63,8.88,1.98,0.46,0.54,-0.33,-0.62,214,294,104,203,61,75,2,44,262,415,1,1
1,12,555294111,-3.83,8.77,2.11,0.45,0.54,-0.32,-0.63,212,297,103,205,57,80,2,53,261,415,2,1
1,12,555320894,-4.23,8.52,2.35,0.44,0.54,-0.3,-0.65,206,291,101,204,71,81,2,49,264,415,1,1
1,12,555324111,-4.43,8.38,2.48,0.44,0.54,-0.29,-0.66,215,294,100,201,69,85,2,50,264,419,1,1
1,12,555334111,-4.64,8.23,2.61,0.43,0.53,-0.28,-0.67,210,292,99,201,67,80,2,51,264,418,1,3
1,12,555344128,-4.85,8.07,2.73,0.42,0.53,-0.27,-0.68,215,289,99,203,71,87,2,51,265,416,1,1
1,12,555354111,-5.06,7.89,2.85,0.41,0.53,-0.27,-0.69,218,294,99,207,74,80,14,47,264,414,1,10
1,12,555364111,-5.27,7.71,2.98,0.4,0.53,-0.26,-0.7,219,295,97,199,74,86,22,51,266,421,1,9
1,12,555374111,-5.47,7.52,3.1,0.39,0.53,-0.25,-0.71,219,298,99,205,75,88,23,53,265,418,1,11
1,12,555384122,-5.66,7.32,3.22,0.39,0.53,-0.24,-0.72,221,304,98,201,80,89,24,49,266,418,2,14
1,12,555394111,-5.83,7.13,3.34,0.38,0.53,-0.23,-0.73,221,307,102,201,88,91,27,52,268,416,1,14
1,12,555420762,-6.16,6.75,3.54,0.36,0.53,-0.21,-0.74,213,311,100,204,92,99,39,53,267,419,2,34
1,12,555424111,-6.3,6.56,3.64,0.35,0.52,-0.2,-0.75,216,311,98,207,93,103,42,50,266,418,2,30
1,12,555434111,-6.43,6.38,3.73,0.35,0.52,-0.19,-0.76,215,299,98,206,90,103,43,54,268,422,2,34
1,12,555444122,-6.56,6.21,3.79,0.34,0.52,-0.18,-0.76,225,293,97,202,96,107,42,53,264,421,2,32
1,12,555454111,-6.68,6.05,3.84,0.33,0.52,-0.18,-0.77,224,292,101,204,91,107,42,57,269,418,2,32
1,12,555464111,-6.81,5.9,3.86,0.33,0.52,-0.17,-0.77,225,288,101,205,97,96,44,54,269,420,1,32
1,12,555474107,-6.93,5.75,3.86,0.32,0.53,-0.16,-0.77,213,284,102,208,93,92,46,55,265,418,1,31
1,12,555484111,-7.04,5.62,3.86,0.31,0.53,-0.16,-0.77,224,287,100,203,92,91,44,53,268,418,1,30
1,12,555494115,-7.15,5.49,3.84,0.3,0.53,-0.15,-0.78,225,291,99,201,99,88,40,55,266,418,2,35
1,12,555520795,-7.34,5.29,3.77,0.29,0.54,-0.14,-0.78,217,291,98,201,96,83,41,51,266,417,2,36
1,12,555524133,-7.42,5.21,3.73,0.29,0.54,-0.14,-0.78,216,291,93,200,94,87,38,53,270,416,2,33
1,12,555534111,-7.49,5.13,3.68,0.28,0.54,-0.14,-0.78,224,299,91,203,100,82,42,51,265,418,2,32
1,12,555544122,-7.56,5.06,3.64,0.28,0.54,-0.14,-0.78,220,297,95,202,90,86,37,53,266,418,1,38
1,12,555554118,-7.62,5,3.6,0.28,0.55,-0.13,-0.78,219,297,93,201,87,79,18,52,269,418,1,38
1,12,555564122,-7.67,4.95,3.55,0.27,0.55,-0.13,-0.78,219,296,92,201,88,81,2,53,268,418,1,36
1,12,555574122,-7.72,4.91,3.51,0.27,0.55,-0.13,-0.78,214,298,89,201,85,81,3,53,266,418,1,38
1,12,555584122,-7.76,4.88,3.46,0.27,0.55,-0.13,-0.78,215,301,93,201,84,82,2,51,265,419,1,36
1,12,555594118,-7.8,4.85,3.42,0.27,0.56,-0.13,-0.78,221,298,89,187,80,81,2,48,265,420,2,37
1,12,555620906,-7.86,4.8,3.35,0.27,0.56,-0.12,-0.77,225,299,77,192,80,80,1,54,267,417,2,33
1,12,555624111,-7.88,4.78,3.32,0.27,0.56,-0.12,-0.77,224,303,78,185,79,75,2,53,264,419,1,31
1,12,555634125,-7.9,4.77,3.29,0.27,0.56,-0.12,-0.77,215,307,78,192,81,80,2,52,266,419,1,39
1,12,555644111,-7.91,4.77,3.27,0.27,0.56,-0.12,-0.77,219,297,81,195,75,79,2,50,265,420,1,37
1,12,555654118,-7.91,4.78,3.25,0.27,0.57,-0.12,-0.77,214,303,77,192,78,80,1,47,267,421,1,33
1,12,555664116,-7.91,4.79,3.23,0.27,0.57,-0.12,-0.77,209,306,77,193,81,71,2,46,268,419,2,31
1,12,555674111,-7.92,4.8,3.21,0.27,0.57,-0.12,-0.77,206,298,78,194,72,72,2,48,267,420,2,36
1,12,555684123,-7.92,4.81,3.19,0.27,0.57,-0.12,-0.77,199,293,77,190,79,72,1,51,266,420,1,31
1,12,555694111,-7.92,4.82,3.17,0.28,0.57,-0.12,-0.77,198,285,77,193,76,72,1,51,265,420,2,36
1,12,555721061,-7.91,4.87,3.12,0.28,0.57,-0.12,-0.76,190,255,75,193,73,78,3,50,271,421,2,33
1,12,555724116,-7.9,4.9,3.09,0.28,0.57,-0.12,-0.76,187,252,75,193,72,78,3,47,265,419,2,34
1,12,555734122,-7.9,4.93,3.06,0.28,0.57,-0.12,-0.76,185,249,76,193,77,75,2,49,265,420,2,35
1,12,555744122,-7.89,4.96,3.02,0.29,0.58,-0.12,-0.76,177,244,70,192,75,77,2,50,266,421,1,34
1,12,555754122,-7.89,4.98,2.99,0.29,0.58,-0.11,-0.75,180,208,73,192,73,75,3,51,262,419,1,35
1,12,555764124,-7.89,5.01,2.95,0.29,0.58,-0.11,-0.75,179,207,69,192,71,72,2,52,268,420,1,31
1,12,555774111,-7.88,5.04,2.91,0.3,0.58,-0.11,-0.75,169,230,76,190,76,72,2,51,265,418,1,31
1,12,555784111,-7.88,5.08,2.86,0.3,0.58,-0.11,-0.75,173,267,75,195,72,70,2,53,266,418,2,24
1,12,555794111,-7.88,5.11,2.8,0.3,0.59,-0.11,-0.74,172,269,71,184,72,76,2,50,262,426,1,29
1,12,555820923,-7.89,5.18,2.64,0.31,0.59,-0.11,-0.73,172,267,68,183,68,73,2,50,268,431,2,29
1,12,555824111,-7.89,5.22,2.54,0.31,0.6,-0.11,-0.73,173,266,70,181,63,73,2,53,270,432,1,33
1,12,555834107,-7.9,5.25,2.45,0.31,0.6,-0.11,-0.73,171,262,71,188,64,72,3,55,270,432,2,26
1,12,555844111,-7.9,5.3,2.35,0.31,0.61,-0.11,-0.72,172,264,68,183,65,75,2,56,277,431,1,27
1,12,555854118,-7.89,5.36,2.25,0.32,0.61,-0.11,-0.72,175,259,69,178,60,67,3,56,275,431,1,19
1,12,555864111,-7.87,5.43,2.16,0.32,0.61,-0.12,-0.71,175,264,71,174,62,69,3,49,268,431,1,20
1,12,555874111,-7.83,5.51,2.1,0.32,0.62,-0.12,-0.71,174,269,68,174,66,67,2,38,274,432,2,21
1,12,555884111,-7.76,5.62,2.08,0.32,0.61,-0.13,-0.71,172,267,64,178,61,74,2,39,266,431,1,18
1,12,555894111,-7.67,5.72,2.09,0.32,0.61,-0.13,-0.71,176,262,66,173,63,69,3,38,268,431,1,26
1,12,555920904,-7.51,5.9,2.2,0.33,0.61,-0.14,-0.71,173,284,64,181,62,69,2,42,265,431,2,27
1,12,555924112,-7.43,5.97,2.26,0.33,0.6,-0.15,-0.71,173,283,67,175,66,68,2,45,268,432,1,27
1,12,555934111,-7.36,6.03,2.32,0.34,0.6,-0.15,-0.71,168,272,69,183,68,69,22,40,266,432,2,28
1,12,555944111,-7.31,6.08,2.38,0.34,0.6,-0.15,-0.71,172,241,66,187,64,72,21,48,267,433,2,18
1,12,555954111,-7.26,6.11,2.45,0.34,0.59,-0.15,-0.71,177,261,68,184,66,73,23,50,268,433,1,17
1,12,555964111,-7.21,6.14,2.52,0.35,0.59,-0.15,-0.71,173,259,72,189,60,75,25,47,268,433,1,20
1,12,555974122,-7.18,6.14,2.6,0.35,0.59,-0.15,-0.71,172,270,75,199,60,74,26,44,274,433,1,17
1,12,555984122,-7.15,6.14,2.68,0.36,0.58,-0.15,-0.71,172,294,80,202,64,74,24,53,269,433,1,17
1,12,555994116,-7.13,6.13,2.77,0.36,0.58,-0.14,-0.71,175,288,77,198,61,78,27,48,272,434,1,17
1,12,556020939,-7.03,6.13,3,0.37,0.57,-0.14,-0.72,177,267,88,198,65,79,39,54,275,435,2,22
1,12,556024111,-6.96,6.15,3.13,0.37,0.56,-0.15,-0.72,177,265,94,200,69,82,43,49,269,435,1,17
1,12,556034111,-6.88,6.17,3.27,0.37,0.56,-0.15,-0.73,182,266,91,203,70,81,40,52,285,435,1,20
1,12,556044111,-6.79,6.18,3.41,0.38,0.55,-0.15,-0.73,185,261,94,211,67,83,47,52,290,435,2,23
1,12,556054111,-6.72,6.18,3.56,0.38,0.54,-0.15,-0.73,186,264,95,213,72,80,51,51,289,435,1,18
1,12,556064111,-6.65,6.15,3.73,0.38,0.54,-0.15,-0.74,186,261,104,211,80,87,55,46,286,434,2,21
1,12,556074122,-6.57,6.12,3.92,0.38,0.53,-0.15,-0.75,183,260,103,211,77,79,49,52,289,435,1,18
1,12,556084111,-6.47,6.09,4.12,0.38,0.52,-0.15,-0.75,183,261,101,214,81,80,51,55,291,435,2,18
1,12,556094122,-6.36,6.06,4.34,0.38,0.51,-0.15,-0.76,186,271,105,217,85,90,52,57,290,434,1,23
1,12,556120865,-6.09,6.04,4.74,0.39,0.48,-0.16,-0.77,185,269,109,214,87,83,52,67,291,433,1,17
1,12,556124118,-5.95,6.03,4.92,0.39,0.47,-0.16,-0.77,182,265,109,215,84,85,55,62,292,434,2,18
1,12,556134111,-5.84,6.02,5.07,0.39,0.46,-0.16,-0.78,189,262,115,218,87,81,54,58,292,434,2,20
1,12,556144107,-5.74,6,5.2,0.39,0.46,-0.16,-0.78,183,272,111,212,82,78,55,70,291,433,2,20
1,12,556154115,-5.68,5.97,5.31,0.39,0.45,-0.16,-0.79,187,271,115,223,84,74,53,58,289,434,2,42
1,12,556164111,-5.63,5.92,5.42,0.39,0.44,-0.16,-0.79,191,282,118,209,74,70,59,65,276,436,1,29
1,12,556174122,-5.56,5.86,5.54,0.39,0.44,-0.16,-0.79,189,279,127,215,75,71,56,68,272,435,1,36
1,12,556184122,-5.51,5.8,5.65,0.39,0.43,-0.16,-0.8,187,283,128,220,74,69,53,71,271,435,1,40
1,12,556194123,-5.45,5.74,5.78,0.39,0.42,-0.16,-0.8,185,284,131,215,69,73,56,75,275,435,1,40
1,12,556220923,-5.26,5.59,6.09,0.4,0.41,-0.15,-0.81,185,285,128,224,71,67,56,73,277,435,2,22
1,12,556224115,-5.16,5.51,6.24,0.4,0.4,-0.15,-0.81,185,288,133,225,71,70,56,71,270,435,1,21
1,12,556234122,-5.04,5.45,6.4,0.41,0.39,-0.15,-0.81,182,288,127,228,65,67,56,69,275,436,1,23
1,12,556244122,-4.91,5.39,6.54,0.41,0.38,-0.14,-0.81,180,289,128,228,68,61,57,70,284,435,1,22
1,12,556254122,-4.79,5.36,6.66,0.42,0.37,-0.14,-0.81,176,290,131,229,67,68,55,76,275,436,1,25
1,12,556264107,-4.7,5.33,6.75,0.43,0.37,-0.14,-0.81,173,288,130,231,63,69,54,75,272,436,2,27
1,12,556274111,-4.64,5.3,6.81,0.44,0.37,-0.13,-0.81,178,291,134,230,64,60,54,74,266,436,1,24
1,12,556284111,-4.59,5.24,6.89,0.45,0.36,-0.13,-0.81,178,287,134,232,55,60,55,73,272,436,2,16
1,12,556294122,-4.58,5.17,6.95,0.46,0.36,-0.12,-0.8,178,286,131,233,52,56,55,69,269,436,1,15
1,12,556320941,-4.65,4.96,7.05,0.46,0.36,-0.11,-0.8,175,288,129,234,46,61,54,77,269,436,1,27
1,12,556324130,-4.7,4.84,7.11,0.46,0.36,-0.1,-0.81,180,287,131,234,48,56,54,75,265,436,1,25
1,12,556334122,-4.72,4.71,7.18,0.46,0.35,-0.09,-0.81,176,289,127,233,43,59,54,75,268,436,1,29
1,12,556344118,-4.74,4.59,7.25,0.47,0.35,-0.09,-0.81,180,286,131,233,50,54,55,76,264,436,1,26
1,12,556354107,-4.75,4.46,7.32,0.47,0.35,-0.08,-0.81,175,288,130,232,46,65,57,70,265,436,2,28
1,12,556364111,-4.77,4.33,7.38,0.47,0.34,-0.07,-0.81,177,285,129,231,46,59,50,72,254,436,2,27
1,12,556374111,-4.8,4.18,7.45,0.47,0.34,-0.07,-0.81,174,284,128,232,45,61,52,75,258,437,1,28
1,12,556384114,-4.84,4.01,7.52,0.47,0.34,-0.06,-0.82,167,289,131,228,45,58,53,73,261,436,2,30
1,12,556394111,-4.87,3.82,7.59,0.46,0.33,-0.05,-0.82,168,287,126,228,45,59,53,77,259,436,2,32
1,12,556420992,-4.94,3.45,7.73,0.46,0.32,-0.03,-0.83,164,288,122,231,45,62,52,74,254,436,2,30
1,12,556424128,-4.96,3.26,7.8,0.46,0.32,-0.03,-0.83,167,287,119,231,46,56,53,77,257,436,1,28
1,12,556434111,-4.98,3.07,7.86,0.45,0.31,-0.02,-0.83,164,289,119,231,46,61,52,77,251,437,2,28
1,12,556444115,-4.99,2.88,7.93,0.45,0.31,-0.01,-0.84,165,292,120,233,46,55,43,72,252,437,2,28
1,12,556454118,-5,2.69,7.99,0.45,0.3,-0,-0.84,162,291,120,234,48,65,44,78,251,437,1,34
1,12,556464111,-5.01,2.48,8.05,0.44,0.3,0.01,-0.84,165,293,121,233,42,59,40,75,254,437,2,34
1,12,556474118,-5,2.26,8.12,0.44,0.29,0.02,-0.85,162,291,119,234,46,62,42,77,246,437,1,31
1,12,556484111,-4.99,2.05,8.18,0.43,0.29,0.02,-0.85,163,294,119,235,50,66,42,79,238,436,2,31
1,12,556494122,-4.98,1.84,8.24,0.43,0.28,0.03,-0.86,163,296,117,235,47,67,42,72,235,436,2,35
1,12,556521026,-4.92,1.44,8.35,0.42,0.27,0.04,-0.87,164,300,116,236,46,63,45,81,238,437,2,29
1,12,556524107,-4.87,1.25,8.41,0.41,0.26,0.05,-0.87,166,300,115,234,46,64,47,76,241,437,2,27
1,12,556534111,-4.82,1.07,8.46,0.41,0.26,0.06,-0.87,166,294,119,235,45,60,44,76,241,437,2,30
1,12,556544122,-4.77,0.9,8.52,0.41,0.25,0.06,-0.88,162,297,113,235,46,64,46,78,238,437,2,31
1,12,556554111,-4.7,0.72,8.57,0.4,0.24,0.07,-0.88,164,296,118,236,43,66,44,73,242,436,2,30
1,12,556564111,-4.63,0.56,8.62,0.4,0.23,0.07,-0.89,163,297,117,236,47,63,45,68,244,437,2,39
1,12,556574122,-4.57,0.4,8.66,0.39,0.23,0.08,-0.89,164,287,114,236,49,67,49,74,241,437,1,36
1,12,556584102,-4.5,0.25,8.7,0.38,0.22,0.08,-0.89,165,285,117,237,44,69,47,73,239,437,2,37
1,12,556594122,-4.42,0.12,8.74,0.38,0.22,0.08,-0.9,165,287,123,237,47,65,48,75,246,437,1,40
1,12,556621081,-4.28,-0.11,8.82,0.37,0.21,0.09,-0.9,164,300,120,236,46,67,48,62,251,437,1,41
1,12,556624135,-4.2,-0.22,8.85,0.36,0.2,0.09,-0.91,166,305,122,235,45,66,52,62,251,437,1,43
1,12,556634111,-4.13,-0.31,8.88,0.35,0.2,0.09,-0.91,166,307,123,235,50,71,51,68,251,437,1,41
1,12,556644111,-4.07,-0.4,8.91,0.34,0.19,0.09,-0.91,163,307,123,236,46,65,50,65,254,438,1,46
1,12,556654111,-4.01,-0.47,8.93,0.34,0.19,0.1,-0.92,167,310,121,237,51,75,52,62,255,437,1,45
1,12,556664111,-3.95,-0.53,8.95,0.33,0.18,0.1,-0.92,165,314,123,237,53,75,52,58,256,439,2,46
1,12,556674122,-3.89,-0.59,8.97,0.32,0.18,0.1,-0.92,164,315,123,235,48,72,52,64,258,438,1,45
1,12,556684111,-3.85,-0.63,8.99,0.31,0.18,0.1,-0.93,164,317,126,236,48,75,47,65,268,438,2,46
1,12,556694111,-3.81,-0.66,9.01,0.3,0.18,0.09,-0.93,168,315,117,239,50,67,53,66,259,439,1,46
1,12,556721027,-3.74,-0.71,9.03,0.29,0.18,0.09,-0.94,168,310,122,236,49,73,55,70,261,440,2,49
1,12,556724111,-3.71,-0.74,9.04,0.28,0.17,0.09,-0.94,167,309,118,237,48,74,55,74,260,440,2,45
1,12,556734122,-3.69,-0.78,9.04,0.28,0.17,0.09,-0.94,165,308,126,236,52,71,59,72,262,442,1,46
1,12,556744122,-3.67,-0.82,9.05,0.27,0.17,0.09,-0.94,170,305,122,235,51,72,55,72,263,440,1,46
1,12,556754111,-3.66,-0.86,9.05,0.26,0.17,0.09,-0.94,166,298,124,235,57,73,58,72,264,441,2,45
1,12,556764111,-3.66,-0.9,9.05,0.26,0.17,0.1,-0.95,163,298,119,238,51,67,58,72,269,440,1,43
1,12,556774116,-3.66,-0.94,9.04,0.26,0.17,0.1,-0.95,168,302,123,236,54,68,55,78,266,440,2,44
1,12,556784111,-3.66,-0.97,9.04,0.25,0.17,0.1,-0.95,163,310,116,239,52,68,58,75,264,441,2,46
1,12,556794107,-3.67,-1,9.03,0.25,0.17,0.1,-0.95,163,318,122,239,52,66,54,69,265,442,2,44
1,12,556821048,-3.69,-1.04,9.02,0.24,0.17,0.1,-0.95,165,324,124,238,58,68,56,73,266,443,2,45
1,12,556824114,-3.7,-1.05,9.01,0.24,0.17,0.1,-0.95,165,323,121,235,49,71,54,73,270,443,1,41
1,12,556834111,-3.69,-1.07,9.01,0.23,0.17,0.1,-0.95,167,320,119,236,53,63,56,73,268,456,2,40
1,12,556844122,-3.68,-1.09,9.02,0.23,0.17,0.1,-0.95,166,323,116,239,50,67,56,77,274,456,1,43
1,12,556854111,-3.67,-1.11,9.02,0.22,0.17,0.1,-0.95,168,322,118,239,52,66,56,72,272,457,1,45
1,12,556864116,-3.65,-1.13,9.02,0.22,0.17,0.1,-0.95,164,320,120,236,54,66,52,67,276,456,2,43
1,12,556874111,-3.63,-1.15,9.03,0.22,0.17,0.1,-0.96,166,325,122,235,53,71,51,63,273,457,2,42
1,12,556884112,-3.61,-1.15,9.04,0.21,0.17,0.1,-0.96,167,324,124,238,55,66,53,64,279,454,2,38
1,12,556894122,-3.58,-1.16,9.05,0.2,0.17,0.1,-0.96,167,328,124,237,54,71,54,63,269,452,1,48
1,12,556920899,-3.53,-1.19,9.07,0.2,0.17,0.1,-0.96,167,323,130,234,52,70,59,51,273,453,2,48
1,12,556924111,-3.49,-1.2,9.08,0.19,0.17,0.1,-0.96,169,325,132,237,52,74,60,44,275,453,2,48
1,12,556934111,-3.45,-1.2,9.09,0.18,0.16,0.1,-0.96,167,323,135,238,52,74,51,52,275,451,2,50
1,12,556944111,-3.4,-1.21,9.11,0.18,0.16,0.09,-0.97,165,324,137,235,52,75,56,32,277,451,1,52
1,12,556954111,-3.37,-1.23,9.12,0.17,0.16,0.09,-0.97,166,327,132,236,57,74,56,38,280,451,2,57
1,12,556964111,-3.36,-1.26,9.12,0.17,0.16,0.09,-0.97,166,325,134,234,51,80,42,53,280,454,2,53
1,12,556974111,-3.33,-1.28,9.13,0.17,0.16,0.1,-0.97,166,322,138,235,53,73,58,59,284,456,2,58
1,12,556984111,-3.32,-1.3,9.13,0.16,0.16,0.09,-0.97,166,321,136,236,52,73,49,59,276,451,2,56
1,12,556994111,-3.3,-1.33,9.13,0.16,0.16,0.1,-0.97,167,319,138,235,51,69,45,63,268,451,2,57
1,12,557021027,-3.26,-1.36,9.14,0.16,0.16,0.1,-0.97,167,321,136,234,51,81,23,54,270,448,2,62
1,12,557024111,-3.26,-1.39,9.14,0.16,0.16,0.1,-0.97,170,322,137,233,53,82,17,52,275,449,2,61
1,12,557034107,-3.25,-1.41,9.14,0.16,0.15,0.1,-0.97,166,321,138,235,55,78,4,52,267,450,2,57
1,12,557044111,-3.26,-1.46,9.13,0.16,0.15,0.1,-0.97,171,320,140,237,60,81,3,48,271,450,2,57
1,12,557054111,-3.28,-1.51,9.11,0.16,0.15,0.11,-0.97,169,315,140,237,63,85,2,39,267,451,2,59
1,12,557064111,-3.32,-1.58,9.09,0.16,0.16,0.11,-0.97,167,308,138,236,69,84,2,35,270,448,1,56
1,12,557074122,-3.37,-1.64,9.05,0.16,0.16,0.11,-0.97,166,308,137,236,75,84,2,32,262,441,1,61
1,12,557084111,-3.43,-1.69,9.02,0.16,0.16,0.12,-0.97,169,310,142,237,75,81,2,33,264,439,2,57
1,12,557094125,-3.5,-1.74,8.99,0.16,0.16,0.12,-0.97,167,312,138,233,85,83,2,35,265,437,1,64
1,12,557120921,-3.61,-1.82,8.93,0.16,0.17,0.12,-0.96,169,310,142,239,81,78,3,34,266,432,2,62
1,12,557124128,-3.67,-1.86,8.89,0.16,0.17,0.13,-0.96,168,313,135,235,85,83,2,33,266,431,1,61
1,12,557134122,-3.73,-1.92,8.86,0.15,0.18,0.13,-0.96,167,316,142,235,77,82,2,32,263,431,2,61
1,12,557144122,-3.81,-1.99,8.81,0.15,0.18,0.13,-0.96,166,312,143,237,83,84,1,32,264,430,1,58
1,12,557154108,-3.9,-2.07,8.75,0.15,0.19,0.14,-0.96,166,305,139,237,84,80,2,30,264,427,2,65
1,12,557164107,-4,-2.14,8.69,0.14,0.19,0.14,-0.96,164,290,140,235,79,80,2,26,262,427,2,62
1,12,557174111,-4.1,-2.21,8.62,0.14,0.2,0.15,-0.96,165,274,137,238,83,78,2,24,263,427,2,61
1,12,557184122,-4.22,-2.27,8.55,0.14,0.2,0.15,-0.96,166,257,137,237,83,76,1,27,261,427,2,68
1,12,557194111,-4.34,-2.33,8.47,0.14,0.21,0.15,-0.96,168,258,140,235,80,77,2,29,261,427,1,67
1,12,557221031,-4.56,-2.5,8.31,0.13,0.22,0.16,-0.95,170,254,142,237,70,73,1,36,261,427,2,65
1,12,557224118,-4.67,-2.61,8.21,0.13,0.23,0.17,-0.95,168,255,144,239,68,72,2,40,262,427,2,64
1,12,557234111,-4.79,-2.74,8.1,0.12,0.23,0.18,-0.95,167,256,140,239,68,66,2,37,261,427,2,66
1,12,557244122,-4.9,-2.87,7.98,0.12,0.24,0.19,-0.94,168,257,140,241,68,66,1,36,262,427,2,64
1,12,557254122,-5.03,-2.99,7.86,0.12,0.25,0.19,-0.94,167,259,140,235,70,74,1,42,261,427,2,66
1,12,557264122,-5.15,-3.1,7.74,0.12,0.25,0.2,-0.94,165,262,138,236,69,69,2,40,261,427,2,63
1,12,557274111,-5.26,-3.21,7.62,0.12,0.26,0.21,-0.93,170,264,137,238,70,80,3,41,261,428,2,66
1,12,557284186,-5.36,-3.34,7.49,0.12,0.27,0.22,-0.93,174,259,143,237,69,77,2,42,262,427,2,66
1,12,557294125,-5.45,-3.49,7.36,0.12,0.27,0.23,-0.93,171,257,139,237,69,75,3,45,261,427,2,61
1,12,557321164,-5.6,-3.83,7.07,0.12,0.28,0.25,-0.92,168,258,147,234,66,80,1,51,262,428,2,67
1,12,557324111,-5.66,-4.01,6.92,0.12,0.28,0.26,-0.92,174,263,142,229,65,80,1,56,259,427,1,67
1,12,557334122,-5.7,-4.19,6.78,0.11,0.28,0.27,-0.91,170,262,151,233,67,73,1,52,262,428,1,68
1,12,557344125,-5.73,-4.37,6.63,0.11,0.29,0.28,-0.91,170,263,146,233,67,81,2,55,261,427,2,66
1,12,557354107,-5.75,-4.56,6.49,0.11,0.29,0.29,-0.9,170,268,150,233,63,80,1,56,261,427,2,64
1,12,557364111,-5.77,-4.73,6.35,0.11,0.29,0.3,-0.9,171,268,155,233,62,82,3,57,260,428,2,59
1,12,557374111,-5.77,-4.91,6.21,0.11,0.29,0.31,-0.9,170,270,154,231,66,81,2,59,261,427,2,65
1,12,557384111,-5.77,-5.09,6.06,0.1,0.29,0.32,-0.89,172,271,157,232,68,74,1,57,261,426,2,66
1,12,557394111,-5.77,-5.27,5.91,0.1,0.29,0.34,-0.89,172,267,155,235,62,79,2,54,261,424,2,68
1,12,557420946,-5.73,-5.65,5.59,0.09,0.29,0.36,-0.88,172,269,156,235,67,83,2,55,260,409,2,67
1,12,557424128,-5.7,-5.84,5.42,0.09,0.29,0.37,-0.88,176,271,151,234,68,76,2,55,261,408,1,65
1,12,557434111,-5.66,-6.03,5.26,0.09,0.29,0.38,-0.87,171,265,156,233,63,73,2,56,261,410,2,64
1,12,557444111,-5.62,-6.22,5.08,0.08,0.29,0.39,-0.87,176,262,159,233,66,71,2,56,261,406,2,65
1,12,557454122,-5.57,-6.4,4.9,0.07,0.29,0.4,-0.86,174,263,161,235,62,71,2,58,259,406,1,66
1,12,557464122,-5.52,-6.59,4.71,0.07,0.29,0.42,-0.86,172,261,157,234,65,74,1,61,259,406,1,67
1,12,557474122,-5.45,-6.78,4.51,0.06,0.29,0.43,-0.85,175,260,155,234,61,74,2,65,258,407,1,67
1,12,557484111,-5.39,-6.97,4.29,0.06,0.29,0.44,-0.85,178,259,161,233,52,69,2,58,261,406,1,74
1,12,557494111,-5.32,-7.16,4.05,0.05,0.29,0.45,-0.84,174,258,154,232,54,74,1,63,260,408,2,73
1,12,557521046,-5.19,-7.52,3.55,0.04,0.3,0.48,-0.82,176,269,148,233,52,74,1,58,260,408,2,71
1,12,557524111,-5.13,-7.67,3.29,0.04,0.3,0.49,-0.82,175,265,154,233,50,71,3,54,261,407,2,76
1,12,557534111,-5.07,-7.82,3.03,0.03,0.3,0.51,-0.81,176,269,154,234,48,71,2,51,260,406,2,65
1,12,557544118,-5,-7.96,2.76,0.03,0.3,0.52,-0.8,178,264,147,236,50,73,1,63,259,404,1,76
1,12,557554111,-4.92,-8.1,2.49,0.02,0.3,0.53,-0.79,185,262,145,234,47,77,1,64,260,405,2,69
1,12,557564114,-4.84,-8.22,2.23,0.02,0.3,0.54,-0.78,192,273,145,233,47,70,1,66,260,405,2,77
1,12,557574111,-4.77,-8.33,1.96,0.02,0.3,0.56,-0.77,194,269,145,235,47,67,3,65,260,404,2,74
1,12,557584124,-4.72,-8.42,1.68,0.01,0.3,0.57,-0.77,199,274,153,235,48,73,3,69,260,407,1,77
1,12,557594107,-4.67,-8.5,1.39,0.01,0.31,0.58,-0.76,195,275,146,234,48,75,2,67,261,406,2,74
1,12,557621166,-4.58,-8.62,0.83,0.01,0.31,0.6,-0.74,202,281,153,235,44,77,2,52,261,409,2,74
1,12,557624111,-4.53,-8.67,0.55,0.01,0.31,0.61,-0.73,202,282,154,236,48,72,2,54,259,411,1,70
1,12,557634111,-4.47,-8.72,0.29,0,0.31,0.62,-0.72,202,281,158,236,48,72,2,69,261,409,2,72
1,12,557644119,-4.42,-8.75,0.03,0,0.32,0.63,-0.71,204,281,158,237,49,70,2,68,260,410,1,72
1,12,557654111,-4.36,-8.77,-0.21,-0,0.32,0.64,-0.7,201,284,157,237,49,67,1,70,259,410,1,70
1,12,557664111,-4.31,-8.79,-0.46,-0,0.32,0.65,-0.69,208,284,159,234,50,70,2,68,260,411,2,68
1,12,557674111,-4.26,-8.8,-0.68,-0.01,0.32,0.66,-0.68,206,284,153,235,44,68,2,71,259,410,2,74
1,12,557684122,-4.21,-8.8,-0.9,-0.01,0.33,0.66,-0.67,205,285,158,236,49,72,1,69,259,410,1,73
1,12,557694111,-4.16,-8.8,-1.11,-0.01,0.33,0.67,-0.67,205,284,158,236,44,72,2,66,260,410,1,75
1,12,557721173,-4.07,-8.78,-1.52,-0.01,0.33,0.68,-0.65,206,283,158,235,47,77,2,59,259,417,1,72
1,12,557724128,-4.05,-8.76,-1.71,-0.01,0.34,0.69,-0.64,209,285,159,234,46,74,2,57,259,417,2,71
1,12,557734128,-4.03,-8.73,-1.88,-0.01,0.34,0.69,-0.64,210,285,160,237,45,71,2,57,259,415,2,74
1,12,557744111,-4.01,-8.71,-2.04,-0.01,0.34,0.7,-0.63,216,291,163,237,45,67,2,71,261,419,2,72
1,12,557754114,-3.99,-8.68,-2.18,-0.01,0.34,0.7,-0.62,209,287,153,238,48,74,2,68,259,417,2,74
1,12,557764111,-3.96,-8.66,-2.31,-0.01,0.34,0.71,-0.62,210,294,160,237,48,65,2,59,259,418,1,75
1,12,557774122,-3.93,-8.64,-2.41,-0.01,0.34,0.71,-0.61,212,290,162,235,46,65,2,61,260,415,1,76
1,12,557784123,-3.91,-8.63,-2.5,-0.02,0.35,0.71,-0.61,212,294,164,236,51,77,2,64,258,418,2,71
1,12,557794111,-3.91,-8.61,-2.56,-0.02,0.35,0.71,-0.61,218,291,163,235,48,71,3,59,260,418,2,72
1,12,557821208,-3.88,-8.61,-2.62,-0.02,0.35,0.72,-0.6,218,296,163,234,52,67,2,68,259,417,2,73
1,12,557824128,-3.88,-8.59,-2.66,-0.02,0.35,0.72,-0.6,210,293,162,235,47,70,2,71,259,416,1,69
1,12,557834111,-3.89,-8.59,-2.66,-0.02,0.35,0.72,-0.6,218,296,163,238,51,67,2,66,260,416,2,72
1,12,557844111,-3.89,-8.6,-2.64,-0.02,0.35,0.71,-0.6,212,299,162,235,49,71,2,59,260,417,2,75
1,12,557854111,-3.9,-8.61,-2.6,-0.02,0.35,0.71,-0.61,209,297,162,233,47,70,2,62,258,414,1,73
1,12,557864111,-3.9,-8.62,-2.55,-0.02,0.36,0.71,-0.61,219,297,162,235,47,72,2,60,259,415,2,74
1,12,557874122,-3.89,-8.65,-2.47,-0.03,0.36,0.71,-0.61,219,300,164,237,48,74,3,61,257,414,2,74
1,12,557884111,-3.89,-8.67,-2.39,-0.03,0.36,0.7,-0.61,216,297,160,237,49,73,3,60,258,413,2,74
1,12,557894111,-3.88,-8.7,-2.28,-0.03,0.36,0.7,-0.62,219,297,165,238,50,69,3,59,259,413,2,73
1,12,557921150,-3.83,-8.79,-2.02,-0.04,0.35,0.69,-0.63,219,298,163,234,49,73,3,59,259,416,2,75
1,12,557924111,-3.78,-8.84,-1.88,-0.04,0.35,0.69,-0.63,220,298,164,235,51,69,2,57,257,415,2,76
1,12,557934114,-3.74,-8.89,-1.73,-0.04,0.35,0.68,-0.64,220,298,164,236,49,71,2,58,259,418,2,75
1,12,557944111,-3.7,-8.93,-1.6,-0.05,0.34,0.68,-0.64,214,297,164,233,51,73,2,58,258,419,2,77
1,12,557954111,-3.66,-8.97,-1.45,-0.05,0.34,0.68,-0.65,212,301,165,230,51,70,2,58,259,423,2,73
1,12,557964117,-3.6,-9.02,-1.31,-0.06,0.34,0.67,-0.66,213,300,163,232,51,69,3,62,258,426,2,76
1,12,557974111,-3.54,-9.07,-1.14,-0.06,0.34,0.67,-0.66,213,300,160,230,47,72,2,65,258,429,1,76
1,12,557984114,-3.49,-9.11,-0.96,-0.07,0.33,0.66,-0.67,220,297,162,230,51,70,2,60,258,429,2,71
1,12,557994122,-3.47,-9.13,-0.78,-0.07,0.33,0.66,-0.67,219,302,164,229,51,72,3,71,261,429,1,75
1,12,558021186,-3.46,-9.16,-0.39,-0.08,0.33,0.64,-0.69,219,296,163,229,49,73,8,67,264,431,2,74
1,12,558024128,-3.46,-9.17,-0.18,-0.08,0.33,0.63,-0.7,220,298,163,229,53,67,10,71,263,431,1,78
1,12,558034111,-3.43,-9.18,0.03,-0.09,0.33,0.63,-0.7,219,297,166,231,51,70,24,75,264,431,2,73
1,12,558044108,-3.38,-9.19,0.25,-0.09,0.32,0.62,-0.71,219,298,162,229,52,71,12,76,265,431,2,71
1,12,558054111,-3.33,-9.2,0.47,-0.1,0.32,0.61,-0.72,219,299,157,232,48,71,42,81,264,431,2,73
1,12,558064111,-3.29,-9.21,0.69,-0.1,0.32,0.6,-0.72,218,299,147,231,46,69,45,79,264,431,2,72
1,12,558074111,-3.26,-9.2,0.92,-0.11,0.32,0.59,-0.73,218,297,146,232,50,69,50,86,265,432,2,77
1,12,558084129,-3.24,-9.18,1.14,-0.11,0.31,0.59,-0.74,219,301,147,229,49,73,46,83,265,432,2,70
1,12,558094122,-3.24,-9.15,1.34,-0.12,0.31,0.58,-0.74,217,298,147,229,47,77,45,69,264,431,1,47
1,12,558121332,-3.19,-9.09,1.78,-0.12,0.31,0.56,-0.76,220,298,153,229,46,75,51,81,263,431,2,48
1,12,558124128,-3.14,-9.06,2.01,-0.13,0.3,0.55,-0.77,221,297,152,228,48,75,51,80,261,431,1,49
1,12,558134111,-3.08,-9.03,2.24,-0.13,0.3,0.55,-0.77,221,298,142,229,43,76,63,85,261,431,2,51
1,12,558144111,-3.02,-8.99,2.47,-0.14,0.29,0.54,-0.78,220,300,144,229,47,76,59,79,257,431,2,48
1,12,558154111,-2.96,-8.95,2.69,-0.14,0.29,0.53,-0.79,221,299,144,231,46,71,68,84,261,432,1,45
1,12,558164111,-2.92,-8.9,2.89,-0.14,0.28,0.52,-0.79,220,300,139,231,46,72,73,70,260,432,2,45
1,12,558174111,-2.88,-8.85,3.06,-0.15,0.28,0.52,-0.8,221,297,141,229,48,71,72,73,258,432,2,46
1,12,558184111,-2.83,-8.81,3.22,-0.15,0.28,0.51,-0.8,220,295,139,230,49,74,67,76,259,431,2,46
1,12,558194111,-2.8,-8.77,3.36,-0.16,0.28,0.5,-0.8,221,298,139,230,51,74,68,82,256,432,2,46
1,12,558221426,-2.75,-8.71,3.55,-0.17,0.28,0.49,-0.81,221,299,137,230,53,74,74,83,252,428,2,46
1,12,558224111,-2.72,-8.69,3.62,-0.17,0.28,0.49,-0.81,221,296,135,230,57,74,66,79,255,427,2,47
1,12,558234111,-2.68,-8.67,3.71,-0.18,0.28,0.48,-0.81,212,302,133,231,60,74,67,83,256,425,2,44
1,12,558244122,-2.61,-8.65,3.79,-0.19,0.28,0.48,-0.81,218,301,138,231,59,74,72,82,254,420,1,49
1,12,558254111,-2.53,-8.65,3.84,-0.2,0.28,0.48,-0.81,215,299,138,233,62,70,66,87,256,420,1,49
1,12,558264111,-2.44,-8.66,3.88,-0.21,0.28,0.48,-0.81,218,298,136,233,64,78,70,93,257,417,1,49
1,12,558274122,-2.37,-8.67,3.91,-0.22,0.28,0.47,-0.81,222,298,134,233,61,79,72,90,257,416,1,49
1,12,558284116,-2.3,-8.68,3.93,-0.22,0.28,0.47,-0.81,222,300,137,233,66,78,73,83,258,414,2,46
1,12,558294111,-2.23,-8.68,3.96,-0.23,0.28,0.47,-0.8,219,297,134,234,68,73,74,83,258,412,1,47
1,12,558320677,-2.09,-8.69,4.01,-0.25,0.28,0.47,-0.8,219,303,133,234,68,80,75,96,259,413,2,48
1,12,558324111,-2.01,-8.7,4.04,-0.26,0.28,0.46,-0.8,220,301,136,235,69,77,71,95,259,410,2,48
1,12,558334122,-1.91,-8.72,4.05,-0.27,0.28,0.46,-0.8,223,301,136,235,72,78,74,96,257,407,2,47
1,12,558344111,-1.81,-8.73,4.07,-0.28,0.28,0.46,-0.79,223,299,135,234,68,81,71,96,258,406,1,46
1,12,558354111,-1.7,-8.74,4.08,-0.29,0.28,0.46,-0.79,213,297,131,234,67,83,73,98,259,399,2,50
1,12,558364122,-1.6,-8.76,4.1,-0.3,0.28,0.46,-0.79,219,300,132,234,69,81,74,90,257,400,1,48
1,12,558374116,-1.49,-8.77,4.12,-0.31,0.28,0.46,-0.78,220,300,136,235,71,80,70,99,259,399,2,46
1,12,558384111,-1.38,-8.78,4.14,-0.32,0.28,0.46,-0.78,222,302,130,234,77,78,70,100,259,397,2,49
1,12,558394111,-1.27,-8.78,4.16,-0.33,0.28,0.46,-0.78,213,303,134,235,76,78,76,99,261,396,2,49
1,12,558421122,-1.03,-8.79,4.2,-0.35,0.28,0.46,-0.77,223,298,133,235,74,75,76,107,261,398,2,46
1,12,558424111,-0.91,-8.79,4.24,-0.36,0.28,0.46,-0.77,213,304,135,234,73,83,73,102,260,397,2,45
1,12,558434111,-0.79,-8.78,4.27,-0.37,0.27,0.45,-0.76,223,302,133,235,75,80,73,98,260,397,2,47
1,12,558444122,-0.67,-8.77,4.32,-0.38,0.27,0.45,-0.76,217,303,133,234,76,76,77,104,261,401,1,47
1,12,558454122,-0.56,-8.76,4.36,-0.39,0.27,0.45,-0.75,216,299,135,235,79,80,74,99,261,401,1,47
1,12,558464107,-0.44,-8.75,4.39,-0.4,0.27,0.45,-0.75,223,302,137,234,76,80,74,100,262,399,1,46
1,12,558474111,-0.32,-8.74,4.43,-0.41,0.27,0.45,-0.75,224,303,137,234,78,80,74,103,263,405,2,47
1,12,558484114,-0.22,-8.72,4.46,-0.42,0.27,0.45,-0.74,223,302,136,235,78,80,78,100,263,409,2,48
1,12,558494107,-0.13,-8.71,4.5,-0.43,0.27,0.45,-0.74,214,301,134,233,78,76,74,102,263,404,1,50
1,12,558521193,0.02,-8.67,4.57,-0.44,0.27,0.44,-0.73,220,295,132,234,76,77,76,105,262,409,1,49
1,12,558524128,0.09,-8.65,4.61,-0.45,0.27,0.44,-0.73,223,295,131,234,75,76,75,105,263,413,2,44
1,12,558534111,0.16,-8.63,4.65,-0.46,0.27,0.44,-0.73,224,303,136,234,75,78,80,105,263,416,2,48
1,12,558544111,0.22,-8.61,4.68,-0.47,0.27,0.44,-0.72,219,302,132,235,72,84,77,100,263,418,2,46
1,12,558554122,0.29,-8.59,4.71,-0.47,0.27,0.43,-0.72,219,300,131,235,75,73,78,101,263,420,1,49
1,12,558564118,0.36,-8.56,4.75,-0.48,0.27,0.43,-0.71,224,299,130,235,79,76,73,105,263,421,2,46
1,12,558574111,0.43,-8.54,4.78,-0.49,0.26,0.43,-0.71,224,302,133,235,75,77,82,103,261,423,1,49
1,12,558584111,0.48,-8.52,4.82,-0.49,0.26,0.43,-0.71,224,302,135,234,81,76,81,105,264,423,2,44
1,12,558594118,0.53,-8.5,4.85,-0.5,0.26,0.43,-0.71,217,301,132,235,75,78,77,106,264,423,1,46
1,12,558621457,0.62,-8.45,4.92,-0.51,0.26,0.42,-0.7,224,298,136,235,76,78,73,96,265,422,2,47
1,12,558624132,0.66,-8.43,4.95,-0.52,0.26,0.42,-0.7,214,301,127,235,77,82,70,98,265,421,1,46
1,12,558634111,0.71,-8.41,4.97,-0.52,0.26,0.42,-0.69,220,298,132,235,79,76,77,96,265,422,2,45
1,12,558644112,0.75,-8.39,5.01,-0.53,0.26,0.42,-0.69,223,298,131,234,80,79,79,100,265,422,2,45
1,12,558654111,0.79,-8.37,5.04,-0.53,0.26,0.42,-0.69,214,304,133,234,77,79,76,91,265,422,2,45
1,12,558664122,0.83,-8.34,5.07,-0.53,0.26,0.42,-0.69,222,301,133,235,78,73,72,96,264,425,1,49
1,12,558674111,0.87,-8.32,5.1,-0.54,0.26,0.41,-0.69,213,301,134,235,82,79,74,102,265,425,2,48
1,12,558684111,0.91,-8.31,5.12,-0.54,0.26,0.41,-0.68,224,303,134,235,80,76,81,97,264,422,2,48
1,12,558694118,0.96,-8.3,5.12,-0.55,0.26,0.41,-0.68,216,303,133,235,79,74,78,98,265,420,1,46
1,12,558720658,1.07,-8.29,5.11,-0.55,0.26,0.42,-0.68,220,310,129,235,77,76,75,89,265,433,2,47
1,12,558724111,1.11,-8.28,5.12,-0.55,0.26,0.42,-0.67,223,302,126,234,76,82,64,80,265,431,1,49
1,12,558734111,1.14,-8.28,5.12,-0.56,0.26,0.42,-0.67,221,304,129,235,77,77,57,94,266,435,2,46
1,12,558744111,1.19,-8.28,5.1,-0.56,0.26,0.42,-0.67,220,302,131,235,74,82,51,82,267,435,1,49
1,12,558754111,1.24,-8.3,5.06,-0.56,0.26,0.42,-0.67,221,295,138,236,77,79,36,92,266,432,2,49
1,12,558764122,1.28,-8.32,5.01,-0.56,0.26,0.42,-0.67,224,294,144,236,77,78,38,78,267,438,1,50
1,12,558774111,1.32,-8.35,4.96,-0.56,0.26,0.43,-0.66,225,294,142,236,75,82,54,89,267,439,1,48
1,12,558784172,1.35,-8.37,4.91,-0.56,0.26,0.43,-0.66,217,290,143,235,78,77,50,97,266,439,1,51
1,12,558794111,1.37,-8.41,4.83,-0.56,0.26,0.43,-0.66,218,287,141,236,72,81,50,97,265,439,2,50
1,12,558820915,1.43,-8.49,4.68,-0.56,0.26,0.44,-0.66,224,275,143,235,53,75,46,96,267,441,1,50
1,12,558824111,1.48,-8.52,4.6,-0.55,0.26,0.44,-0.65,217,278,144,236,53,82,49,99,265,442,2,47
1,12,558834122,1.54,-8.55,4.54,-0.55,0.26,0.45,-0.65,219,271,140,236,55,71,38,91,264,443,1,50
1,12,558844122,1.6,-8.58,4.46,-0.55,0.26,0.45,-0.65,221,259,139,237,44,73,41,66,265,445,1,49
1,12,558854122,1.65,-8.6,4.39,-0.55,0.26,0.46,-0.65,224,256,146,235,34,70,44,70,265,445,1,51
1,12,558864115,1.68,-8.62,4.34,-0.55,0.26,0.46,-0.65,224,253,145,235,36,75,40,37,267,437,2,51
1,12,558874111,1.7,-8.62,4.34,-0.55,0.26,0.46,-0.65,218,253,144,236,36,72,33,67,267,444,1,46
1,12,558884112,1.72,-8.61,4.36,-0.55,0.26,0.46,-0.65,221,252,146,236,36,68,35,46,268,440,2,48
1,12,558894111,1.77,-8.63,4.3,-0.55,0.25,0.46,-0.65,214,253,144,235,34,70,38,38,263,447,2,48
1,12,558921450,1.93,-8.67,4.13,-0.55,0.25,0.47,-0.64,219,251,155,234,34,69,38,35,271,445,2,47
1,12,558924125,2,-8.7,4.03,-0.55,0.25,0.48,-0.64,219,252,152,234,36,67,37,31,275,443,2,48
1,12,558934111,2.03,-8.73,3.96,-0.55,0.25,0.48,-0.63,225,249,154,236,36,67,39,37,266,441,2,48
1,12,558944107,2.06,-8.75,3.9,-0.55,0.25,0.49,-0.63,216,247,155,234,31,62,23,34,267,439,2,51
1,12,558954111,2.1,-8.76,3.85,-0.55,0.25,0.49,-0.63,224,244,151,234,31,60,22,33,268,437,2,48
1,12,558964124,2.17,-8.77,3.79,-0.55,0.25,0.49,-0.63,224,235,149,236,32,60,25,19,266,436,2,48
1,12,558974111,2.27,-8.77,3.73,-0.55,0.25,0.5,-0.63,218,235,146,236,34,65,33,15,262,436,2,46
1,12,558984128,2.38,-8.77,3.67,-0.55,0.25,0.5,-0.62,225,235,148,236,31,69,27,16,263,432,1,51
1,12,558994111,2.46,-8.77,3.62,-0.55,0.25,0.51,-0.62,224,238,148,236,34,63,34,16,262,427,2,48
1,12,559020959,2.54,-8.78,3.54,-0.55,0.24,0.51,-0.61,221,238,157,237,32,69,82,25,261,415,2,48
1,12,559024128,2.57,-8.77,3.53,-0.55,0.24,0.51,-0.61,221,235,161,234,33,65,73,23,261,412,1,50
1,12,559034111,2.61,-8.76,3.53,-0.55,0.24,0.51,-0.61,203,232,164,233,33,66,61,10,262,411,2,49
1,12,559044111,2.68,-8.74,3.52,-0.55,0.24,0.51,-0.61,197,234,161,233,35,70,58,12,261,405,2,51
1,12,559054122,2.78,-8.72,3.49,-0.56,0.24,0.52,-0.61,202,240,159,233,40,66,52,10,261,393,1,49
1,12,559064122,2.88,-8.71,3.45,-0.56,0.23,0.52,-0.61,196,234,162,232,38,65,47,8,260,390,1,51
1,12,559074111,2.98,-8.7,3.39,-0.56,0.23,0.52,-0.6,193,238,168,231,38,66,40,6,259,388,2,50
1,12,559084111,3.07,-8.69,3.33,-0.56,0.23,0.53,-0.6,195,236,160,231,40,70,30,4,258,383,2,51
1,12,559094122,3.16,-8.68,3.26,-0.56,0.23,0.53,-0.6,197,229,168,232,39,69,28,1,254,381,2,47
1,12,559120889,3.34,-8.68,3.08,-0.56,0.22,0.54,-0.59,197,219,174,228,41,62,35,2,253,365,2,47
1,12,559124115,3.43,-8.68,2.98,-0.56,0.22,0.55,-0.59,196,219,170,230,42,67,35,2,250,363,2,48
1,12,559134111,3.52,-8.68,2.87,-0.55,0.22,0.55,-0.58,192,211,172,228,36,66,40,2,250,355,2,47
1,12,559144122,3.62,-8.68,2.76,-0.55,0.22,0.56,-0.58,197,215,170,229,41,68,43,3,244,344,1,50
1,12,559154111,3.73,-8.67,2.64,-0.55,0.21,0.57,-0.57,198,217,171,229,41,69,46,2,245,330,2,48
1,12,559164111,3.85,-8.65,2.54,-0.55,0.21,0.57,-0.57,199,224,172,230,39,72,54,2,251,334,2,50
1,12,559174122,3.96,-8.63,2.43,-0.55,0.21,0.58,-0.56,193,215,173,230,44,74,50,3,247,304,1,49
1,12,559184111,4.07,-8.61,2.3,-0.55,0.2,0.58,-0.56,191,226,174,231,43,67,49,2,247,309,2,46
1,12,559194111,4.18,-8.6,2.15,-0.55,0.2,0.59,-0.56,197,229,175,232,43,66,40,2,251,328,2,44
1,12,559221413,4.43,-8.55,1.82,-0.55,0.19,0.61,-0.54,198,224,181,228,43,75,57,2,251,349,2,45
1,12,559224111,4.57,-8.51,1.66,-0.54,0.19,0.62,-0.54,194,223,178,228,47,75,56,2,251,355,2,44
1,12,559234107,4.71,-8.46,1.5,-0.54,0.19,0.62,-0.53,193,228,180,230,46,71,65,2,251,357,2,46
1,12,559244111,4.84,-8.42,1.33,-0.54,0.18,0.63,-0.52,195,229,182,226,40,71,55,2,251,361,1,46
1,12,559254111,4.96,-8.37,1.17,-0.54,0.18,0.64,-0.52,197,231,186,225,43,71,54,2,248,362,2,47
1,12,559264111,5.08,-8.32,1.01,-0.54,0.18,0.65,-0.51,198,230,187,225,43,73,49,1,251,366,1,48
1,12,559274122,5.19,-8.27,0.85,-0.54,0.17,0.65,-0.5,196,227,190,224,41,77,47,2,247,373,1,45
1,12,559284111,5.31,-8.21,0.69,-0.54,0.17,0.66,-0.5,198,230,187,227,40,79,44,2,251,379,1,46
1,12,559294111,5.42,-8.14,0.53,-0.54,0.17,0.67,-0.49,195,232,189,227,42,80,48,3,246,383,2,44
1,12,559320942,5.64,-8.01,0.22,-0.53,0.16,0.68,-0.48,196,228,192,228,43,78,55,14,247,381,2,47
1,12,559324124,5.75,-7.94,0.07,-0.53,0.16,0.69,-0.47,191,224,191,228,46,73,62,9,250,381,1,48
1,12,559334122,5.86,-7.86,-0.06,-0.53,0.15,0.69,-0.46,199,227,195,228,39,74,61,3,250,383,1,47
1,12,559344111,5.97,-7.77,-0.18,-0.53,0.15,0.7,-0.45,196,230,195,229,39,73,63,2,246,381,1,44
1,12,559354111,6.09,-7.68,-0.31,-0.53,0.15,0.7,-0.45,194,230,195,230,39,75,59,2,250,381,2,46
1,12,559364122,6.2,-7.57,-0.42,-0.53,0.14,0.71,-0.44,198,230,198,231,38,76,61,3,247,383,1,47
1,12,559374111,6.33,-7.46,-0.55,-0.53,0.14,0.71,-0.43,198,228,201,232,38,79,57,2,247,383,1,47
1,12,559384111,6.46,-7.34,-0.67,-0.54,0.13,0.72,-0.42,197,230,201,233,39,73,56,32,246,384,2,48
1,12,559394112,6.58,-7.22,-0.78,-0.54,0.13,0.72,-0.42,194,230,199,232,37,77,59,24,251,384,2,49
1,12,559420962,6.82,-6.96,-0.99,-0.54,0.12,0.73,-0.4,195,235,201,232,38,73,56,1,250,386,1,47
1,12,559424128,6.95,-6.83,-1.1,-0.54,0.11,0.74,-0.39,196,233,194,233,40,80,53,2,248,385,2,47
1,12,559434111,7.07,-6.68,-1.2,-0.54,0.11,0.74,-0.38,196,231,201,231,41,79,57,2,251,385,2,48
1,12,559444111,7.2,-6.52,-1.29,-0.54,0.1,0.75,-0.37,199,233,201,232,43,77,56,1,251,385,1,48
1,12,559454111,7.34,-6.35,-1.39,-0.54,0.09,0.75,-0.36,195,234,201,233,37,78,56,2,251,383,1,49
1,12,559464122,7.47,-6.16,-1.48,-0.55,0.09,0.75,-0.36,194,235,200,233,41,75,58,2,248,385,1,50
1,12,559474125,7.6,-5.98,-1.58,-0.55,0.08,0.76,-0.35,196,234,203,230,40,76,53,1,246,384,1,51
1,12,559484122,7.72,-5.8,-1.67,-0.55,0.07,0.76,-0.34,198,233,200,231,38,75,53,2,250,388,1,48
1,12,559494122,7.83,-5.63,-1.76,-0.55,0.07,0.77,-0.33,194,236,198,231,33,80,55,1,251,388,2,50
1,12,559521461,8.03,-5.28,-1.93,-0.55,0.05,0.77,-0.31,199,232,206,229,39,78,58,2,250,389,1,49
1,12,559524128,8.12,-5.1,-2.02,-0.55,0.05,0.78,-0.3,199,229,201,230,43,81,57,2,249,390,1,51
1,12,559534111,8.22,-4.91,-2.1,-0.55,0.04,0.78,-0.29,199,230,202,229,44,79,58,2,243,390,2,49
1,12,559544111,8.31,-4.71,-2.18,-0.55,0.03,0.78,-0.29,197,235,203,230,39,77,58,1,248,389,1,48
1,12,559554107,8.4,-4.52,-2.25,-0.56,0.02,0.78,-0.28,201,235,202,230,44,76,56,2,249,390,2,52
1,12,559564111,8.48,-4.33,-2.31,-0.56,0.02,0.79,-0.27,201,237,204,230,46,80,58,2,244,391,2,49
1,12,559574122,8.55,-4.16,-2.37,-0.56,0.01,0.79,-0.26,195,233,200,233,43,76,54,2,251,392,1,50
1,12,559584111,8.62,-3.99,-2.43,-0.56,0,0.79,-0.26,199,234,206,232,43,80,57,2,252,393,2,53
1,12,559594111,8.67,-3.83,-2.48,-0.56,-0.01,0.79,-0.25,199,233,203,231,47,83,53,2,248,392,2,61
1,12,559620954,8.78,-3.52,-2.56,-0.56,-0.02,0.79,-0.24,197,235,204,231,40,81,50,4,250,398,2,72
1,12,559624130,8.83,-3.37,-2.6,-0.56,-0.02,0.8,-0.23,194,235,204,231,42,85,53,4,251,401,1,69
1,12,559634111,8.87,-3.22,-2.63,-0.56,-0.03,0.8,-0.23,198,236,203,231,47,83,50,4,252,402,1,70
1,12,559644122,8.91,-3.08,-2.66,-0.56,-0.04,0.8,-0.22,200,236,208,231,50,83,50,4,246,401,1,73
1,12,559654111,8.95,-2.95,-2.69,-0.56,-0.04,0.8,-0.22,200,240,202,231,51,85,56,3,253,397,2,75
1,12,559664111,8.98,-2.83,-2.72,-0.56,-0.05,0.8,-0.22,200,237,205,232,52,80,52,2,252,399,1,72
1,12,559674118,9,-2.73,-2.74,-0.56,-0.05,0.8,-0.21,197,234,202,229,62,84,55,4,250,397,1,73
1,12,559684111,9.03,-2.62,-2.77,-0.56,-0.06,0.8,-0.21,199,234,206,230,59,81,53,1,253,397,2,75
1,12,559694114,9.05,-2.51,-2.78,-0.56,-0.07,0.8,-0.21,198,233,210,231,63,86,54,2,253,397,2,74
1,12,559721459,9.1,-2.29,-2.82,-0.56,-0.08,0.8,-0.2,197,235,206,230,65,86,54,2,252,407,2,73
1,12,559724128,9.12,-2.19,-2.84,-0.56,-0.08,0.8,-0.2,195,236,204,231,69,84,56,2,253,408,1,75
1,12,559734122,9.13,-2.11,-2.85,-0.56,-0.09,0.8,-0.2,197,237,206,232,70,86,57,2,253,411,1,67
1,12,559744111,9.15,-2.03,-2.87,-0.56,-0.09,0.8,-0.2,194,236,207,233,67,90,51,2,252,395,2,69
1,12,559754115,9.16,-1.97,-2.88,-0.56,-0.1,0.8,-0.19,198,234,210,233,64,90,52,2,251,399,2,69
1,12,559764111,9.17,-1.91,-2.88,-0.56,-0.1,0.8,-0.19,196,234,202,235,73,84,52,1,254,399,1,72
1,12,559774122,9.18,-1.85,-2.89,-0.56,-0.1,0.8,-0.19,197,236,211,234,74,93,50,2,252,405,1,73
1,12,559784111,9.19,-1.79,-2.88,-0.56,-0.11,0.8,-0.19,198,235,210,233,78,97,49,2,253,401,2,76
1,12,559794122,9.21,-1.73,-2.88,-0.56,-0.11,0.8,-0.19,199,235,209,236,79,95,42,3,253,404,1,75
1,12,559821409,9.24,-1.59,-2.84,-0.57,-0.12,0.79,-0.19,197,238,206,237,78,101,40,1,252,404,1,73
1,12,559824114,9.27,-1.52,-2.8,-0.57,-0.12,0.79,-0.18,198,236,213,235,78,97,38,2,254,406,1,75
1,12,559834109,9.29,-1.45,-2.75,-0.57,-0.12,0.79,-0.18,196,235,207,240,80,83,39,2,254,408,2,71
1,12,559844111,9.32,-1.4,-2.68,-0.57,-0.12,0.79,-0.18,197,236,211,245,83,80,40,2,252,409,1,73
1,12,559854122,9.35,-1.35,-2.6,-0.58,-0.12,0.79,-0.18,202,237,209,255,85,82,35,1,252,410,1,63
1,12,559864111,9.39,-1.3,-2.5,-0.58,-0.12,0.78,-0.18,195,236,205,265,83,82,35,2,252,409,2,64
1,12,559874115,9.42,-1.24,-2.39,-0.59,-0.12,0.78,-0.17,197,236,201,259,79,84,42,2,253,413,1,74
1,12,559884111,9.46,-1.17,-2.26,-0.6,-0.12,0.78,-0.17,202,241,202,265,83,84,35,2,256,414,2,69
1,12,559894111,9.51,-1.08,-2.12,-0.6,-0.12,0.77,-0.17,200,235,198,256,82,90,40,2,255,415,1,73
1,12,559920945,9.59,-0.87,-1.81,-0.62,-0.13,0.76,-0.16,200,233,157,252,83,88,39,2,255,414,2,69
1,12,559924128,9.64,-0.77,-1.62,-0.63,-0.13,0.75,-0.16,199,233,158,250,83,84,41,2,256,414,2,71
1,12,559934122,9.67,-0.68,-1.41,-0.63,-0.13,0.75,-0.16,197,235,149,251,80,81,40,1,254,414,1,67
1,12,559944116,9.71,-0.61,-1.18,-0.64,-0.13,0.74,-0.16,195,235,149,256,76,78,35,1,255,413,2,71
1,12,559954111,9.74,-0.54,-0.93,-0.65,-0.13,0.73,-0.16,192,235,138,250,69,73,33,2,253,415,2,67
1,12,559964111,9.77,-0.46,-0.67,-0.66,-0.13,0.72,-0.15,194,235,123,249,68,72,16,2,254,414,2,66
1,12,559974111,9.79,-0.37,-0.39,-0.68,-0.13,0.71,-0.15,194,231,127,256,60,70,12,2,255,414,2,72
1,12,559984122,9.8,-0.28,-0.09,-0.69,-0.13,0.7,-0.15,197,231,117,260,63,60,9,1,253,417,1,74
1,12,559994111,9.8,-0.19,0.2,-0.7,-0.13,0.69,-0.15,193,232,113,264,67,56,9,3,253,416,2,76
1,12,560021410,9.77,-0.03,0.83,-0.72,-0.13,0.66,-0.14,189,226,109,264,65,65,2,2,253,415,2,73
1,12,560024117,9.73,0.04,1.16,-0.73,-0.13,0.65,-0.14,197,231,110,265,62,62,2,2,256,416,2,77
1,12,560034111,9.69,0.12,1.49,-0.75,-0.13,0.64,-0.14,192,231,109,265,59,72,2,2,255,416,2,72
1,12,560044122,9.63,0.2,1.82,-0.76,-0.13,0.63,-0.14,189,228,105,264,58,71,1,1,255,417,1,74
1,12,560054122,9.56,0.29,2.15,-0.77,-0.12,0.61,-0.13,188,234,109,267,58,66,3,1,255,415,2,76
1,12,560064118,9.47,0.38,2.5,-0.78,-0.12,0.6,-0.13,183,234,104,266,49,61,1,1,255,416,1,73
1,12,560074122,9.37,0.45,2.84,-0.79,-0.12,0.58,-0.12,189,236,105,262,50,65,1,1,256,414,1,71
1,12,560084107,9.25,0.48,3.2,-0.81,-0.12,0.57,-0.12,190,230,107,253,51,71,3,2,255,416,2,70
1,12,560094111,9.12,0.49,3.55,-0.82,-0.11,0.55,-0.12,192,234,110,251,54,63,2,2,255,417,2,65
1,12,560120915,8.83,0.42,4.23,-0.84,-0.1,0.52,-0.11,195,214,104,248,49,68,3,8,256,416,2,72
1,12,560124111,8.66,0.36,4.57,-0.85,-0.09,0.51,-0.11,190,209,99,248,43,68,1,10,256,416,2,72
1,12,560134122,8.49,0.31,4.88,-0.86,-0.08,0.49,-0.11,193,219,92,264,47,70,2,12,256,416,2,72
1,12,560144125,8.31,0.26,5.19,-0.87,-0.07,0.48,-0.1,191,225,85,264,46,67,3,12,252,417,1,72
1,12,560154111,8.12,0.22,5.48,-0.88,-0.07,0.46,-0.1,193,227,92,265,45,68,3,13,255,414,2,73
1,12,560164128,7.92,0.19,5.77,-0.89,-0.06,0.45,-0.1,195,226,87,266,47,64,2,24,255,417,1,77
1,12,560174111,7.71,0.13,6.05,-0.89,-0.05,0.43,-0.1,187,229,89,264,47,65,2,26,255,415,2,73
1,12,560184107,7.5,0.05,6.31,-0.9,-0.05,0.42,-0.09,192,229,86,265,49,67,13,28,256,414,1,71
1,12,560194122,7.27,-0.02,6.57,-0.91,-0.04,0.4,-0.09,189,233,81,266,47,68,40,35,259,415,1,73
1,12,560220946,6.82,-0.21,7.04,-0.92,-0.02,0.37,-0.09,190,241,75,272,51,67,34,41,260,419,2,73
1,12,560224128,6.58,-0.28,7.26,-0.93,-0.02,0.36,-0.08,189,236,75,269,50,68,33,39,259,416,1,72
1,12,560234116,6.35,-0.35,7.46,-0.94,-0.01,0.35,-0.08,187,232,73,274,53,72,33,43,260,419,2,75
1,12,560244122,6.11,-0.41,7.65,-0.94,-0,0.33,-0.07,191,242,74,268,49,74,40,48,260,415,1,75
1,12,560254116,5.87,-0.47,7.83,-0.95,0,0.32,-0.07,191,235,73,271,52,71,38,39,262,419,2,76
1,12,560264107,5.63,-0.55,8,-0.95,0.01,0.3,-0.07,195,242,74,273,54,71,39,42,262,417,2,71
1,12,560274111,5.4,-0.63,8.16,-0.95,0.01,0.29,-0.07,194,240,75,275,53,78,43,43,265,419,2,75
1,12,560284111,5.17,-0.71,8.3,-0.96,0.02,0.28,-0.07,193,242,70,273,56,76,43,44,265,418,2,73
1,12,560294122,4.94,-0.78,8.43,-0.96,0.02,0.26,-0.06,190,241,75,270,55,79,43,50,264,418,1,74
1,12,560321464,4.52,-0.9,8.65,-0.97,0.03,0.24,-0.06,193,243,69,273,56,77,42,43,265,420,2,71
1,12,560324128,4.32,-0.95,8.74,-0.97,0.04,0.23,-0.06,191,243,74,272,53,71,44,48,265,418,2,72
1,12,560334107,4.14,-1,8.83,-0.97,0.04,0.22,-0.06,193,248,74,275,55,76,40,48,265,420,2,75
1,12,560344111,3.96,-1.05,8.9,-0.98,0.04,0.21,-0.06,193,243,74,274,59,76,45,49,266,421,1,75
1,12,560354122,3.81,-1.09,8.96,-0.98,0.05,0.2,-0.05,195,248,67,274,59,77,44,51,265,423,1,73
1,12,560364111,3.66,-1.13,9.02,-0.98,0.05,0.19,-0.05,194,244,72,273,60,75,46,51,263,422,1,76
1,12,560374111,3.53,-1.17,9.07,-0.98,0.05,0.19,-0.05,196,249,70,276,60,80,49,56,265,423,2,75
1,12,560384111,3.41,-1.21,9.11,-0.98,0.05,0.18,-0.05,195,251,72,278,61,71,45,54,267,422,2,77
1,12,560394118,3.31,-1.25,9.14,-0.98,0.06,0.17,-0.05,191,256,70,273,58,79,44,50,271,422,2,73
1,12,560421166,3.15,-1.31,9.19,-0.98,0.06,0.17,-0.04,195,266,73,284,58,83,49,45,265,422,2,78
1,12,560424111,3.1,-1.33,9.2,-0.98,0.06,0.16,-0.04,192,260,72,284,60,81,45,49,270,422,2,80
1,12,560434122,3.05,-1.36,9.21,-0.98,0.06,0.16,-0.04,194,264,69,281,59,77,49,51,268,422,2,77
1,12,560444122,3.02,-1.39,9.22,-0.98,0.07,0.16,-0.04,197,260,72,284,61,73,48,49,269,425,2,78
1,12,560454111,3.01,-1.42,9.22,-0.98,0.07,0.16,-0.04,190,264,76,277,64,81,51,53,273,425,2,75
1,12,560464111,3.01,-1.44,9.21,-0.98,0.07,0.16,-0.03,195,264,74,284,60,72,54,57,269,426,1,74
1,12,560474111,3.02,-1.47,9.21,-0.98,0.07,0.16,-0.03,189,267,71,276,58,75,54,63,275,427,2,75
1,12,560484118,3.03,-1.5,9.2,-0.98,0.07,0.16,-0.03,197,269,70,288,61,72,60,60,267,428,2,75
1,12,560494111,3.06,-1.53,9.18,-0.98,0.08,0.16,-0.02,194,270,72,288,59,80,54,57,271,429,2,77
1,12,560521177,3.12,-1.59,9.15,-0.98,0.08,0.16,-0.02,197,280,72,290,59,79,57,63,270,429,1,77
1,12,560524111,3.15,-1.62,9.14,-0.98,0.08,0.16,-0.01,196,280,72,291,61,79,54,60,264,429,2,74
1,12,560534111,3.19,-1.66,9.12,-0.98,0.08,0.17,-0.01,196,280,64,293,62,78,52,61,265,429,2,74
1,12,560544111,3.22,-1.69,9.1,-0.98,0.09,0.17,-0,197,280,72,293,62,76,53,61,266,429,2,76
1,12,560554111,3.26,-1.73,9.08,-0.98,0.09,0.17,-0,197,281,69,294,61,79,54,58,265,429,1,74
1,12,560564111,3.3,-1.77,9.06,-0.98,0.09,0.17,0,195,282,69,294,66,80,54,65,272,429,2,76
1,12,560574122,3.34,-1.81,9.03,-0.98,0.1,0.17,0.01,193,283,63,290,61,81,53,59,269,429,2,74
1,12,560584111,3.37,-1.85,9.01,-0.98,0.1,0.18,0.01,195,284,64,288,62,70,57,61,269,429,1,76
1,12,560594111,3.41,-1.89,8.99,-0.98,0.1,0.18,0.01,187,285,60,286,62,74,55,65,264,429,2,75
1,12,560621202,3.48,-1.97,8.95,-0.98,0.11,0.18,0.02,195,291,62,281,63,72,58,63,265,430,2,76
1,12,560624124,3.52,-2,8.93,-0.98,0.11,0.18,0.02,194,285,60,282,56,71,59,62,271,430,1,75
1,12,560634111,3.55,-2.02,8.91,-0.98,0.11,0.18,0.03,191,283,54,269,58,70,61,60,265,430,1,76
1,12,560644111,3.58,-2.05,8.89,-0.98,0.11,0.18,0.03,189,264,50,270,58,68,62,68,267,430,2,77
1,12,560654111,3.6,-2.07,8.87,-0.98,0.11,0.18,0.03,189,257,46,267,52,67,55,62,266,431,2,73
1,12,560664111,3.63,-2.09,8.86,-0.97,0.12,0.19,0.04,191,245,47,262,54,66,57,62,270,430,2,73
1,12,560674111,3.64,-2.12,8.85,-0.97,0.12,0.19,0.04,192,246,41,262,52,67,46,71,264,431,2,68
1,12,560684111,3.66,-2.14,8.83,-0.97,0.12,0.19,0.04,191,246,47,261,52,63,45,67,262,430,2,76
1,12,560694111,3.68,-2.16,8.82,-0.97,0.12,0.19,0.05,189,252,45,262,49,68,36,64,271,431,2,76
1,12,560721692,3.73,-2.19,8.79,-0.97,0.13,0.19,0.05,193,252,42,265,50,63,37,60,265,431,1,75
1,12,560724131,3.76,-2.21,8.77,-0.97,0.13,0.19,0.06,196,248,42,265,47,64,32,60,266,431,2,75
1,12,560734108,3.8,-2.22,8.75,-0.97,0.13,0.19,0.06,194,251,40,260,50,65,33,54,267,429,2,75
1,12,560744111,3.85,-2.24,8.73,-0.97,0.13,0.19,0.07,195,251,35,248,50,65,29,57,268,424,2,75
1,12,560754107,3.9,-2.25,8.71,-0.97,0.13,0.2,0.07,193,255,40,253,53,67,29,54,267,419,2,78
1,12,560764111,3.95,-2.26,8.68,-0.97,0.13,0.2,0.07,195,255,34,249,48,64,28,56,270,420,2,76
1,12,560774111,4.01,-2.27,8.65,-0.97,0.14,0.2,0.08,197,258,36,253,51,63,26,63,266,420,1,78
1,12,560784111,4.08,-2.29,8.61,-0.97,0.14,0.2,0.08,193,253,36,264,48,65,32,58,264,418,2,79
1,12,560794122,4.16,-2.32,8.57,-0.96,0.14,0.21,0.09,194,256,37,266,45,62,28,58,269,420,1,77
1,12,560820945,4.33,-2.37,8.46,-0.96,0.15,0.22,0.09,192,257,38,255,48,69,29,62,267,420,2,75
1,12,560824128,4.43,-2.4,8.41,-0.96,0.15,0.22,0.1,192,254,39,256,48,71,29,63,271,421,2,77
1,12,560834122,4.53,-2.43,8.34,-0.96,0.15,0.23,0.1,190,251,37,246,49,72,33,58,262,423,2,76
1,12,560844122,4.64,-2.45,8.28,-0.95,0.16,0.23,0.11,191,252,36,236,52,75,33,57,265,422,1,74
1,12,560854111,4.74,-2.46,8.22,-0.95,0.16,0.23,0.11,193,252,38,243,53,74,30,65,270,425,2,78
1,12,560864111,4.84,-2.48,8.15,-0.95,0.16,0.24,0.12,193,253,36,242,51,74,30,63,269,426,2,80
1,12,560874122,4.94,-2.51,8.09,-0.95,0.17,0.24,0.12,192,254,38,242,53,74,30,64,266,426,2,80
1,12,560884111,5.03,-2.53,8.02,-0.95,0.17,0.25,0.13,193,258,41,248,54,74,33,70,270,428,2,82
1,12,560894111,5.13,-2.56,7.95,-0.94,0.17,0.25,0.13,194,257,39,242,58,78,30,69,270,429,2,81
1,12,560920920,5.32,-2.6,7.81,-0.94,0.18,0.26,0.14,197,268,39,235,53,77,29,67,270,431,2,83
1,12,560924111,5.4,-2.62,7.74,-0.94,0.18,0.27,0.14,192,262,40,234,52,74,30,69,270,430,2,78
1,12,560934111,5.48,-2.64,7.68,-0.93,0.19,0.27,0.14,193,267,38,232,53,82,31,62,271,431,2,75
1,12,560944122,5.56,-2.66,7.62,-0.93,0.19,0.27,0.15,194,270,39,231,56,77,32,69,271,430,1,78
1,12,560954111,5.62,-2.68,7.56,-0.93,0.19,0.28,0.15,193,266,41,232,57,76,35,72,271,432,2,79
1,12,560964111,5.69,-2.7,7.51,-0.93,0.19,0.28,0.15,193,270,41,236,60,78,34,75,269,431,2,76
1,12,560974118,5.75,-2.73,7.45,-0.93,0.2,0.28,0.15,196,265,39,234,59,73,33,73,272,431,2,81
1,12,560984107,5.81,-2.75,7.4,-0.92,0.2,0.29,0.16,197,270,41,237,57,77,34,70,274,431,2,80
1,12,560994122,5.86,-2.77,7.35,-0.92,0.2,0.29,0.16,195,268,38,236,57,79,32,73,270,432,1,83
1,12,561020907,5.96,-2.81,7.25,-0.92,0.21,0.29,0.16,197,277,41,232,57,85,32,74,273,432,2,79
1,12,561024107,6,-2.84,7.21,-0.92,0.21,0.3,0.16,194,267,39,231,59,82,32,74,275,432,2,80
1,12,561034111,6.03,-2.86,7.17,-0.92,0.21,0.3,0.17,197,274,40,231,63,83,31,70,272,431,2,77
1,12,561044111,6.07,-2.89,7.13,-0.91,0.22,0.3,0.17,196,269,39,228,62,84,31,74,274,432,2,79
1,12,561054122,6.1,-2.92,7.09,-0.91,0.22,0.3,0.17,198,269,40,227,64,80,32,67,273,431,1,83
1,12,561064122,6.12,-2.95,7.06,-0.91,0.22,0.3,0.17,196,271,40,229,61,83,30,72,274,432,2,81
1,12,561074111,6.14,-2.98,7.03,-0.91,0.22,0.3,0.17,197,271,36,228,61,79,35,71,275,432,1,83
1,12,561084107,6.17,-3.01,7,-0.91,0.22,0.3,0.17,192,273,38,229,60,82,31,69,274,431,1,82
