1,0,1077749355,7.31,6.52,-0.13,0.6,0.14,-0.7,-0.36,78,123,89,194,162,174,71,50,382,525,2,66
1,0,1077759375,7.31,6.52,-0.13,0.6,0.14,-0.7,-0.36,83,133,95,199,159,169,74,49,382,525,2,68
1,0,1077769592,7.31,6.52,-0.13,0.6,0.14,-0.7,-0.36,74,132,90,193,165,170,68,48,381,525,1,64
1,0,1077779615,7.31,6.52,-0.13,0.6,0.14,-0.7,-0.36,77,133,88,192,160,171,70,50,381,525,2,64
1,0,1077788593,7.31,6.52,-0.13,0.6,0.14,-0.7,-0.36,77,132,88,195,165,172,68,47,381,525,2,69
1,0,1077814640,7.31,6.52,-0.14,0.6,0.14,-0.7,-0.36,80,130,89,195,163,164,70,51,381,523,1,70
1,0,1077819360,7.31,6.52,-0.14,0.6,0.14,-0.7,-0.36,81,126,87,195,160,161,72,49,382,523,2,67
1,0,1077829643,7.31,6.52,-0.14,0.6,0.14,-0.7,-0.36,75,125,95,194,159,167,69,51,382,523,2,64
1,0,1077838593,7.31,6.52,-0.14,0.6,0.14,-0.7,-0.36,79,130,94,196,165,149,70,48,381,521,2,68
1,0,1077848593,7.31,6.52,-0.15,0.6,0.14,-0.7,-0.36,78,135,92,197,164,147,70,47,381,520,2,64
1,0,1077858593,7.31,6.52,-0.15,0.6,0.14,-0.7,-0.36,77,132,90,196,165,154,72,51,381,520,2,64
1,0,1077868977,7.31,6.52,-0.16,0.6,0.14,-0.7,-0.36,79,131,91,196,153,143,72,49,381,519,2,60
1,0,1077880553,7.31,6.53,-0.17,0.6,0.14,-0.7,-0.36,80,132,91,193,165,140,73,49,381,518,1,72
1,0,1077888605,7.31,6.53,-0.18,0.6,0.14,-0.7,-0.36,79,135,91,197,159,135,72,49,381,518,1,67
1,0,1077914460,7.3,6.54,-0.17,0.6,0.14,-0.7,-0.36,79,135,92,197,163,139,67,49,380,513,2,65
1,0,1077919968,7.29,6.54,-0.17,0.6,0.14,-0.7,-0.36,76,132,93,191,150,132,71,50,380,512,1,70
1,0,1077930689,7.29,6.55,-0.16,0.6,0.14,-0.7,-0.36,82,136,92,196,152,140,67,49,380,512,1,64
1,0,1077938593,7.29,6.55,-0.15,0.6,0.14,-0.7,-0.36,78,138,89,194,158,148,60,48,380,507,1,65
1,0,1077948595,7.29,6.55,-0.15,0.6,0.14,-0.7,-0.36,79,139,94,199,160,143,56,53,380,505,2,64
1,0,1077960485,7.29,6.55,-0.15,0.6,0.14,-0.7,-0.36,80,137,89,199,161,150,61,49,378,504,1,64
1,0,1077970178,7.29,6.55,-0.15,0.6,0.14,-0.7,-0.36,79,141,86,199,158,149,57,51,379,503,1,65
1,0,1077980208,7.28,6.56,-0.15,0.6,0.14,-0.7,-0.36,84,142,93,199,153,146,52,51,379,503,1,72
1,0,1077988605,7.28,6.56,-0.16,0.6,0.14,-0.7,-0.36,82,142,93,194,158,150,54,47,378,502,1,65
1,0,1078014479,7.26,6.58,-0.16,0.6,0.14,-0.7,-0.36,85,150,92,199,147,125,48,52,379,501,1,66
1,0,1078019804,7.26,6.58,-0.15,0.6,0.14,-0.7,-0.36,86,148,91,199,150,127,47,51,378,501,1,64
1,0,1078030255,7.26,6.58,-0.14,0.6,0.14,-0.7,-0.36,87,144,90,200,143,129,47,51,378,499,1,66
1,0,1078038593,7.26,6.59,-0.13,0.6,0.14,-0.7,-0.36,86,147,88,197,144,128,52,51,378,501,1,64
1,0,1078048591,7.25,6.59,-0.12,0.6,0.14,-0.7,-0.36,82,149,91,196,144,130,54,50,378,501,1,67
1,0,1078059366,7.26,6.59,-0.12,0.6,0.14,-0.7,-0.36,87,143,96,199,142,126,51,50,377,501,2,68
1,0,1078070199,7.26,6.58,-0.12,0.6,0.14,-0.7,-0.36,82,150,89,197,142,128,51,50,378,500,2,67
1,0,1078080259,7.26,6.58,-0.13,0.6,0.14,-0.7,-0.36,82,147,96,196,145,119,44,52,378,500,1,61
1,0,1078088593,7.26,6.58,-0.14,0.6,0.14,-0.7,-0.36,81,150,87,193,138,130,48,48,378,500,2,68
1,0,1078114311,7.26,6.58,-0.17,0.6,0.14,-0.7,-0.36,84,149,93,195,139,114,49,48,377,499,1,66
1,0,1078120609,7.25,6.59,-0.18,0.6,0.14,-0.7,-0.36,83,147,89,191,138,117,53,51,378,502,1,68
1,0,1078130071,7.25,6.59,-0.18,0.6,0.14,-0.7,-0.36,80,149,95,197,141,109,51,52,378,502,2,74
1,0,1078138603,7.26,6.58,-0.19,0.6,0.14,-0.7,-0.36,83,153,94,196,139,112,52,50,378,500,1,74
1,0,1078148593,7.26,6.58,-0.19,0.6,0.14,-0.7,-0.36,84,158,95,196,133,106,53,54,378,501,2,76
1,0,1078159550,7.27,6.57,-0.18,0.6,0.14,-0.7,-0.36,85,147,93,197,135,106,55,51,378,501,1,75
1,0,1078170062,7.28,6.56,-0.18,0.6,0.14,-0.7,-0.36,83,150,90,197,137,107,58,50,378,499,2,71
1,0,1078180553,7.28,6.56,-0.17,0.6,0.14,-0.7,-0.36,82,151,93,197,140,108,59,50,378,500,2,75
1,0,1078188593,7.28,6.56,-0.17,0.6,0.14,-0.7,-0.36,84,158,93,195,137,109,59,51,379,501,2,78
1,0,1078214489,7.28,6.56,-0.18,0.6,0.14,-0.7,-0.36,85,157,91,192,134,105,65,49,377,501,1,80
1,0,1078219970,7.28,6.56,-0.18,0.6,0.14,-0.7,-0.36,82,150,94,199,138,112,60,48,378,500,1,71
1,0,1078230279,7.27,6.56,-0.17,0.6,0.14,-0.7,-0.36,83,151,92,200,135,105,68,54,378,500,2,78
1,0,1078238605,7.27,6.57,-0.17,0.6,0.14,-0.7,-0.36,85,152,93,201,136,105,64,55,377,500,1,79
1,0,1078248593,7.26,6.58,-0.16,0.6,0.14,-0.7,-0.36,84,149,91,198,135,110,65,52,378,501,2,80
1,0,1078260052,7.25,6.59,-0.16,0.6,0.14,-0.7,-0.36,82,150,90,202,136,107,62,51,378,500,2,79
1,0,1078270109,7.25,6.59,-0.15,0.6,0.14,-0.7,-0.36,88,153,92,198,133,106,71,54,378,500,2,74
1,0,1078280103,7.26,6.58,-0.15,0.6,0.14,-0.7,-0.36,82,155,89,201,135,106,69,50,379,501,1,77
1,0,1078288593,7.27,6.57,-0.15,0.6,0.14,-0.7,-0.36,82,154,97,200,130,107,63,49,378,500,2,77
1,0,1078314311,7.27,6.57,-0.15,0.6,0.14,-0.7,-0.36,84,161,97,203,133,113,67,53,378,500,2,72
1,0,1078320593,7.27,6.57,-0.15,0.6,0.14,-0.7,-0.36,84,153,91,200,137,113,63,50,378,501,1,72
1,0,1078330204,7.27,6.57,-0.15,0.6,0.14,-0.7,-0.36,88,161,93,203,136,112,63,55,379,499,1,72
1,0,1078338605,7.27,6.57,-0.15,0.6,0.14,-0.7,-0.36,85,159,90,201,130,109,66,53,379,500,1,73
1,0,1078348608,7.27,6.57,-0.16,0.6,0.14,-0.7,-0.36,85,158,96,197,133,113,68,49,379,500,1,76
1,0,1078360199,7.27,6.57,-0.17,0.6,0.14,-0.7,-0.36,86,162,95,202,132,114,64,49,378,501,2,73
1,0,1078370532,7.27,6.57,-0.17,0.6,0.14,-0.7,-0.36,84,160,90,198,132,112,63,53,378,501,2,74
1,0,1078380505,7.27,6.57,-0.17,0.6,0.14,-0.7,-0.36,82,151,96,202,134,115,67,49,378,500,1,74
1,0,1078388599,7.26,6.58,-0.18,0.6,0.14,-0.7,-0.36,84,163,93,202,135,111,67,49,379,500,2,77
1,0,1078414467,7.26,6.58,-0.18,0.6,0.14,-0.7,-0.36,89,157,90,203,135,111,65,51,378,499,2,79
1,0,1078418596,7.26,6.58,-0.18,0.6,0.14,-0.7,-0.36,85,161,90,203,135,117,64,50,378,500,1,77
1,0,1078428968,7.26,6.58,-0.18,0.6,0.14,-0.7,-0.36,83,162,91,199,131,111,70,50,378,501,2,78
1,0,1078438593,7.26,6.58,-0.18,0.6,0.14,-0.7,-0.36,84,159,92,203,136,114,64,49,378,500,1,81
1,0,1078448600,7.26,6.58,-0.17,0.6,0.14,-0.7,-0.36,85,158,95,202,131,111,63,55,378,501,2,81
1,0,1078459089,7.26,6.58,-0.17,0.6,0.14,-0.7,-0.36,86,163,92,199,137,115,66,48,378,501,2,73
1,0,1078470336,7.26,6.58,-0.17,0.6,0.14,-0.7,-0.36,86,163,94,204,130,112,61,51,378,501,2,78
1,0,1078480566,7.26,6.58,-0.16,0.6,0.14,-0.7,-0.36,85,164,90,201,133,117,67,50,379,499,2,79
1,0,1078488594,7.26,6.58,-0.16,0.6,0.14,-0.7,-0.36,84,162,93,200,134,114,63,51,379,500,1,82
1,0,1078515260,7.26,6.58,-0.16,0.6,0.14,-0.7,-0.36,86,161,89,200,128,111,63,50,378,501,1,77
1,0,1078519165,7.26,6.58,-0.16,0.6,0.14,-0.7,-0.36,84,163,97,201,127,111,68,52,378,500,1,78
1,0,1078529148,7.26,6.58,-0.16,0.6,0.14,-0.7,-0.36,88,164,97,203,130,114,66,51,377,500,2,80
1,0,1078538605,7.26,6.58,-0.17,0.6,0.14,-0.7,-0.36,83,160,93,203,127,118,64,51,378,500,1,78
1,0,1078548593,7.26,6.58,-0.17,0.6,0.14,-0.7,-0.36,84,161,97,201,127,112,64,51,378,500,1,76
1,0,1078558605,7.26,6.58,-0.17,0.6,0.14,-0.7,-0.36,84,160,93,203,128,116,63,51,379,500,1,77
1,0,1078570712,7.26,6.58,-0.18,0.6,0.14,-0.7,-0.36,85,164,95,201,130,119,70,50,378,500,2,77
1,0,1078580433,7.26,6.58,-0.18,0.6,0.14,-0.7,-0.36,90,162,97,205,135,114,65,50,378,501,2,77
1,0,1078588599,7.26,6.58,-0.18,0.6,0.14,-0.7,-0.36,87,161,94,204,129,118,70,50,378,501,2,79
1,0,1078614664,7.26,6.58,-0.18,0.6,0.14,-0.7,-0.36,86,160,95,205,136,117,66,54,378,499,2,78
1,0,1078619108,7.26,6.58,-0.18,0.6,0.14,-0.7,-0.36,86,165,93,202,131,114,66,53,378,500,1,77
1,0,1078628739,7.26,6.57,-0.18,0.6,0.14,-0.7,-0.36,86,163,92,199,128,117,63,51,378,501,1,78
1,0,1078638593,7.26,6.57,-0.18,0.6,0.14,-0.7,-0.36,88,163,94,202,135,115,68,51,378,500,2,75
1,0,1078649331,7.26,6.57,-0.18,0.6,0.14,-0.7,-0.36,87,165,97,203,135,112,65,50,378,500,1,77
1,0,1078659020,7.27,6.57,-0.18,0.6,0.14,-0.7,-0.36,87,163,89,202,131,114,63,48,378,500,1,78
1,0,1078669113,7.27,6.57,-0.18,0.6,0.14,-0.7,-0.36,90,165,96,204,133,111,63,51,378,501,1,81
1,0,1078679279,7.27,6.57,-0.18,0.6,0.14,-0.7,-0.36,86,163,89,204,135,113,63,51,379,500,1,78
1,0,1078688594,7.27,6.57,-0.18,0.6,0.14,-0.7,-0.36,84,160,97,201,128,114,67,49,378,500,1,78
1,0,1078714861,7.27,6.57,-0.17,0.6,0.14,-0.7,-0.36,89,167,97,203,132,113,67,50,378,500,2,78
1,0,1078719287,7.27,6.57,-0.17,0.6,0.14,-0.7,-0.36,90,165,92,201,129,114,71,51,379,499,1,78
1,0,1078729288,7.27,6.57,-0.18,0.6,0.14,-0.7,-0.36,84,164,98,202,133,117,65,50,379,499,1,77
1,0,1078738593,7.27,6.57,-0.18,0.6,0.14,-0.7,-0.36,86,161,95,205,131,115,64,53,378,500,1,73
1,0,1078749258,7.27,6.57,-0.18,0.6,0.14,-0.7,-0.36,82,165,95,202,136,115,65,51,378,500,2,79
1,0,1078759358,7.27,6.57,-0.18,0.6,0.14,-0.7,-0.36,89,165,98,201,132,121,65,52,377,502,2,77
1,0,1078769346,7.27,6.57,-0.18,0.6,0.14,-0.7,-0.36,87,165,95,205,134,116,64,50,377,501,1,81
1,0,1078779540,7.27,6.57,-0.18,0.6,0.14,-0.7,-0.36,84,164,93,204,137,117,63,52,379,501,1,75
1,0,1078788593,7.27,6.57,-0.19,0.6,0.14,-0.7,-0.36,84,165,97,204,134,117,64,49,379,501,2,78
1,0,1078814943,7.27,6.57,-0.19,0.6,0.14,-0.7,-0.36,85,159,92,202,134,116,64,52,378,501,2,80
1,0,1078818593,7.27,6.57,-0.19,0.6,0.14,-0.7,-0.36,82,164,96,204,134,114,66,52,378,500,1,74
1,0,1078828715,7.27,6.57,-0.19,0.6,0.14,-0.7,-0.36,86,168,99,201,133,120,71,54,378,501,2,75
1,0,1078838593,7.27,6.57,-0.19,0.6,0.14,-0.7,-0.36,86,163,95,204,133,113,65,50,378,499,2,79
1,0,1078848724,7.27,6.57,-0.19,0.6,0.14,-0.7,-0.36,86,166,98,202,134,112,68,51,378,500,2,77
1,0,1078859341,7.27,6.57,-0.19,0.6,0.14,-0.7,-0.36,91,167,94,204,136,114,69,54,378,500,1,77
1,0,1078869170,7.27,6.57,-0.19,0.6,0.14,-0.7,-0.36,84,168,94,203,132,112,72,52,379,501,2,81
1,0,1078878955,7.27,6.57,-0.19,0.6,0.14,-0.7,-0.36,85,168,98,204,126,113,64,52,378,501,2,76
1,0,1078888593,7.27,6.57,-0.19,0.6,0.14,-0.7,-0.36,83,167,91,203,136,113,68,54,378,499,2,79
1,0,1078914497,7.27,6.57,-0.19,0.6,0.14,-0.7,-0.36,88,165,93,201,132,118,67,51,378,499,1,79
1,0,1078918875,7.27,6.57,-0.19,0.6,0.14,-0.7,-0.36,86,167,94,205,137,112,68,52,378,500,1,76
1,0,1078928895,7.27,6.57,-0.19,0.6,0.14,-0.7,-0.36,87,168,96,206,126,118,64,53,378,500,2,73
1,0,1078938594,7.27,6.57,-0.19,0.6,0.14,-0.7,-0.36,84,164,94,202,134,122,70,53,378,499,1,79
1,0,1078949137,7.27,6.56,-0.19,0.6,0.14,-0.7,-0.36,91,166,94,202,137,114,66,51,379,500,2,77
1,0,1078959184,7.27,6.56,-0.19,0.6,0.14,-0.7,-0.36,83,167,96,206,133,120,65,52,379,501,2,79
1,0,1078968971,7.27,6.56,-0.2,0.6,0.14,-0.7,-0.36,85,169,99,201,134,116,66,53,379,500,2,80
1,0,1078978976,7.27,6.56,-0.2,0.6,0.14,-0.7,-0.36,80,169,97,201,129,116,64,52,378,500,1,80
1,0,1078988593,7.28,6.56,-0.2,0.6,0.14,-0.7,-0.36,88,169,99,204,135,117,63,52,378,499,2,78
1,0,1079014806,7.28,6.56,-0.2,0.6,0.14,-0.7,-0.36,86,164,94,205,129,117,64,52,378,501,2,75
1,0,1079019140,7.28,6.56,-0.2,0.6,0.14,-0.7,-0.36,88,167,97,204,129,120,72,56,379,501,1,77
1,0,1079029353,7.28,6.56,-0.2,0.6,0.14,-0.7,-0.36,87,169,99,202,133,115,73,52,378,499,2,78
1,0,1079038611,7.28,6.56,-0.2,0.6,0.14,-0.7,-0.36,90,162,96,205,135,115,68,51,378,500,1,77
1,0,1079049376,7.28,6.56,-0.2,0.6,0.14,-0.7,-0.36,84,169,96,202,125,118,67,51,378,499,1,78
1,0,1079059362,7.28,6.56,-0.2,0.6,0.14,-0.7,-0.36,85,167,95,205,128,116,64,50,379,500,2,76
1,0,1079069349,7.28,6.56,-0.2,0.6,0.14,-0.7,-0.36,84,170,96,202,132,112,66,57,379,500,2,78
1,0,1079079019,7.28,6.56,-0.2,0.6,0.14,-0.7,-0.36,87,169,92,205,129,120,68,57,378,500,1,79
1,0,1079088593,7.28,6.56,-0.2,0.6,0.14,-0.7,-0.36,83,166,99,200,135,114,70,56,378,500,2,78
1,0,1079114851,7.28,6.56,-0.2,0.6,0.14,-0.7,-0.36,88,165,96,201,135,119,67,53,378,499,1,80
1,0,1079119111,7.28,6.56,-0.2,0.6,0.14,-0.7,-0.36,86,170,97,205,135,115,68,54,378,499,2,78
1,0,1079129389,7.28,6.56,-0.2,0.6,0.14,-0.7,-0.36,84,168,95,205,133,114,70,51,378,501,1,76
1,0,1079138594,7.28,6.56,-0.2,0.6,0.14,-0.7,-0.36,85,166,96,200,133,123,72,56,378,501,2,79
1,0,1079149360,7.28,6.56,-0.2,0.6,0.14,-0.7,-0.36,89,170,99,200,131,115,68,52,378,500,1,75
1,0,1079158966,7.28,6.56,-0.2,0.6,0.14,-0.7,-0.36,84,169,97,205,135,118,66,53,378,499,1,77
1,0,1079169001,7.28,6.56,-0.2,0.6,0.14,-0.7,-0.36,85,169,97,202,134,122,65,54,379,501,1,80
1,0,1079178989,7.28,6.56,-0.2,0.6,0.14,-0.7,-0.36,84,169,97,204,131,123,68,53,378,500,2,77
1,0,1079188593,7.28,6.55,-0.2,0.6,0.14,-0.7,-0.36,84,171,96,207,131,117,68,57,378,501,2,81
1,0,1079214720,7.28,6.55,-0.21,0.6,0.14,-0.7,-0.36,85,166,96,205,136,113,68,49,378,501,1,79
1,0,1079219140,7.28,6.55,-0.21,0.6,0.14,-0.7,-0.36,88,172,96,199,131,123,68,53,378,501,2,77
1,0,1079229000,7.28,6.55,-0.21,0.6,0.14,-0.7,-0.36,86,171,95,200,133,114,66,55,377,500,1,80
1,0,1079238594,7.28,6.55,-0.21,0.6,0.14,-0.7,-0.36,85,168,97,201,131,114,63,54,378,500,1,81
1,0,1079249363,7.28,6.55,-0.21,0.6,0.14,-0.7,-0.36,83,172,99,201,131,115,69,54,378,501,2,80
1,0,1079259379,7.28,6.55,-0.21,0.6,0.14,-0.7,-0.36,84,172,95,201,135,117,66,52,379,500,1,81
1,0,1079269040,7.28,6.55,-0.21,0.6,0.14,-0.7,-0.36,88,173,96,206,137,117,72,52,378,499,1,77
1,0,1079279407,7.28,6.55,-0.21,0.6,0.14,-0.7,-0.36,85,172,93,206,132,115,68,51,378,501,1,77
1,0,1079288605,7.28,6.55,-0.21,0.6,0.14,-0.7,-0.36,84,169,98,201,136,112,70,51,378,502,1,78
1,0,1079314877,7.29,6.55,-0.21,0.6,0.14,-0.7,-0.36,85,167,93,198,134,112,65,54,379,499,2,80
1,0,1079318755,7.29,6.55,-0.21,0.6,0.14,-0.7,-0.36,85,172,97,201,131,114,66,58,378,499,2,78
1,0,1079329417,7.29,6.55,-0.21,0.6,0.14,-0.7,-0.36,87,171,96,200,135,116,72,53,379,500,1,79
1,0,1079338605,7.29,6.55,-0.21,0.6,0.14,-0.7,-0.36,86,171,94,205,133,117,62,54,379,499,1,79
1,0,1079348593,7.29,6.55,-0.21,0.6,0.14,-0.7,-0.36,86,170,96,200,133,113,71,52,379,501,2,79
1,0,1079359033,7.29,6.55,-0.21,0.6,0.14,-0.7,-0.36,88,171,97,202,133,111,67,53,379,499,2,76
1,0,1079369030,7.29,6.55,-0.21,0.6,0.14,-0.7,-0.36,83,172,96,203,135,111,68,55,378,500,2,80
1,0,1079378832,7.29,6.55,-0.21,0.6,0.14,-0.7,-0.36,88,171,95,200,134,117,65,53,378,501,2,79
1,0,1079388593,7.29,6.55,-0.21,0.6,0.14,-0.7,-0.36,88,174,93,202,135,111,66,55,378,499,1,79
1,0,1079414934,7.29,6.55,-0.21,0.6,0.14,-0.7,-0.36,83,169,96,201,133,117,64,53,378,501,2,77
1,0,1079418980,7.29,6.55,-0.21,0.6,0.14,-0.7,-0.36,85,174,96,202,131,112,69,53,378,499,1,80
1,0,1079429208,7.29,6.55,-0.21,0.6,0.14,-0.7,-0.36,84,170,93,205,129,114,66,51,379,501,2,81
1,0,1079438593,7.29,6.55,-0.21,0.6,0.14,-0.7,-0.36,88,172,91,202,131,116,69,53,378,500,1,77
1,0,1079449404,7.29,6.55,-0.21,0.6,0.14,-0.7,-0.36,84,174,101,207,136,112,73,51,378,500,1,82
1,0,1079458835,7.29,6.55,-0.21,0.6,0.14,-0.7,-0.36,90,173,97,202,137,117,70,54,378,500,1,79
1,0,1079469234,7.29,6.55,-0.21,0.6,0.14,-0.7,-0.36,84,172,96,208,133,121,62,50,379,500,1,79
1,0,1079478842,7.29,6.55,-0.21,0.6,0.14,-0.7,-0.36,87,172,92,203,134,115,66,57,379,500,2,79
1,0,1079488593,7.29,6.55,-0.21,0.6,0.14,-0.7,-0.36,88,172,96,200,133,110,72,53,378,501,1,79
1,0,1079514797,7.29,6.55,-0.21,0.6,0.14,-0.7,-0.36,84,172,95,208,131,114,68,53,379,501,1,76
1,0,1079519002,7.29,6.54,-0.21,0.6,0.14,-0.7,-0.36,85,172,96,203,126,116,69,53,378,501,2,82
1,0,1079529269,7.29,6.54,-0.21,0.6,0.14,-0.7,-0.36,90,173,92,203,135,122,63,53,378,500,2,81
1,0,1079538593,7.29,6.54,-0.21,0.6,0.14,-0.7,-0.36,88,167,96,201,131,117,72,51,379,500,1,77
1,0,1079549214,7.29,6.54,-0.21,0.6,0.14,-0.7,-0.36,89,173,95,204,134,122,69,52,378,500,2,78
1,0,1079558875,7.29,6.54,-0.21,0.6,0.14,-0.7,-0.36,83,174,97,203,127,114,67,54,378,500,2,79
1,0,1079569030,7.29,6.54,-0.21,0.6,0.14,-0.7,-0.36,88,173,97,203,135,121,66,54,378,500,2,77
1,0,1079579276,7.29,6.54,-0.21,0.6,0.14,-0.7,-0.36,91,173,97,208,134,117,66,57,379,501,2,78
1,0,1079588593,7.29,6.54,-0.21,0.6,0.14,-0.7,-0.36,89,168,94,202,132,116,65,57,378,500,2,81
1,0,1079614721,7.29,6.54,-0.22,0.6,0.14,-0.7,-0.36,85,175,99,204,130,111,65,52,377,500,2,79
1,0,1079618594,7.29,6.54,-0.22,0.6,0.14,-0.7,-0.36,83,173,99,202,136,116,66,56,378,501,2,78
1,0,1079629233,7.29,6.54,-0.22,0.6,0.14,-0.7,-0.36,88,172,94,208,135,121,62,56,379,500,2,78
1,0,1079638593,7.29,6.54,-0.22,0.6,0.14,-0.7,-0.36,89,171,94,204,134,117,71,56,379,500,2,76
1,0,1079649227,7.29,6.54,-0.22,0.6,0.14,-0.7,-0.36,87,172,94,204,133,117,64,55,377,500,2,79
1,0,1079659299,7.29,6.54,-0.22,0.6,0.14,-0.7,-0.36,89,173,96,203,133,115,64,55,379,499,1,79
1,0,1079669266,7.29,6.54,-0.22,0.6,0.14,-0.7,-0.36,88,174,95,204,137,115,70,52,378,500,1,82
1,0,1079678883,7.29,6.54,-0.22,0.6,0.14,-0.7,-0.36,87,174,97,202,129,113,72,58,378,501,2,78
1,0,1079688593,7.29,6.54,-0.22,0.6,0.14,-0.7,-0.36,88,174,100,204,132,112,67,57,379,500,2,76
1,0,1079714675,7.29,6.54,-0.22,0.6,0.14,-0.7,-0.36,88,167,98,200,133,117,72,55,378,499,1,79
1,0,1079718727,7.29,6.54,-0.22,0.6,0.14,-0.7,-0.36,88,171,99,206,132,116,69,52,378,500,1,79
1,0,1079729271,7.29,6.54,-0.22,0.6,0.14,-0.7,-0.36,87,174,98,204,131,115,64,55,378,500,2,77
1,0,1079738605,7.3,6.54,-0.22,0.6,0.14,-0.7,-0.36,88,166,99,203,133,116,65,54,378,500,1,81
1,0,1079749297,7.3,6.54,-0.22,0.6,0.14,-0.7,-0.36,86,172,97,205,131,116,65,53,378,502,2,79
1,0,1079759101,7.3,6.54,-0.22,0.6,0.14,-0.7,-0.36,83,170,94,203,129,115,72,54,378,501,1,79
1,0,1079769271,7.3,6.54,-0.22,0.6,0.14,-0.7,-0.36,87,173,91,204,135,121,64,52,379,501,2,79
1,0,1079778909,7.3,6.54,-0.22,0.6,0.14,-0.7,-0.36,87,166,94,203,136,111,64,54,379,501,1,79
1,0,1079788593,7.3,6.54,-0.22,0.6,0.14,-0.7,-0.36,87,175,99,208,129,121,66,52,378,500,2,81
1,0,1079814810,7.3,6.54,-0.22,0.6,0.14,-0.7,-0.36,85,168,100,200,137,112,69,58,378,501,1,77
1,0,1079819023,7.3,6.54,-0.22,0.6,0.14,-0.7,-0.36,89,171,97,208,135,122,67,55,378,500,1,80
1,0,1079829284,7.3,6.54,-0.22,0.6,0.14,-0.7,-0.36,83,173,96,201,134,117,65,55,378,500,2,77
1,0,1079838605,7.3,6.54,-0.22,0.6,0.14,-0.7,-0.36,86,168,94,203,133,117,67,58,379,499,1,78
1,0,1079849259,7.3,6.54,-0.22,0.6,0.14,-0.7,-0.36,84,171,98,200,133,116,65,54,378,501,1,78
1,0,1079859265,7.3,6.54,-0.22,0.6,0.14,-0.7,-0.36,84,174,96,204,132,114,65,54,379,501,1,80
1,0,1079868906,7.3,6.54,-0.22,0.6,0.14,-0.7,-0.36,87,170,97,200,133,117,67,53,378,501,2,80
1,0,1079878902,7.3,6.54,-0.22,0.6,0.14,-0.7,-0.36,87,173,101,203,125,111,71,53,379,500,2,77
1,0,1079888593,7.3,6.54,-0.22,0.6,0.14,-0.7,-0.36,86,169,99,204,136,114,71,55,378,500,1,82
1,0,1079914922,7.3,6.54,-0.22,0.6,0.14,-0.7,-0.36,87,175,99,204,133,115,71,54,378,501,1,78
1,0,1079918855,7.3,6.54,-0.22,0.6,0.14,-0.7,-0.36,88,172,97,202,133,121,68,54,379,501,1,81
1,0,1079928725,7.3,6.54,-0.22,0.6,0.14,-0.7,-0.36,88,174,100,204,134,121,66,54,379,499,1,81
1,0,1079938598,7.3,6.54,-0.22,0.6,0.14,-0.7,-0.36,90,169,100,202,132,116,65,54,379,501,1,78
1,0,1079949091,7.3,6.54,-0.22,0.6,0.14,-0.7,-0.36,86,174,99,204,133,117,65,55,379,500,2,78
1,0,1079959145,7.3,6.53,-0.22,0.6,0.14,-0.7,-0.36,85,174,97,209,135,114,72,55,379,501,1,81
1,0,1079969572,7.3,6.53,-0.22,0.6,0.14,-0.7,-0.36,89,173,100,205,129,112,70,54,379,501,1,81
1,0,1079979561,7.3,6.53,-0.22,0.6,0.14,-0.7,-0.36,86,174,98,200,126,117,68,57,378,501,1,78
1,0,1079988593,7.3,6.53,-0.22,0.6,0.14,-0.7,-0.36,87,175,99,204,135,121,65,55,379,501,2,79
1,0,1080014982,7.3,6.53,-0.22,0.6,0.14,-0.7,-0.36,89,168,98,202,127,112,69,52,378,500,2,79
1,0,1080019488,7.3,6.53,-0.22,0.6,0.14,-0.7,-0.36,88,170,94,205,128,120,67,54,379,502,2,80
1,0,1080029745,7.3,6.53,-0.22,0.6,0.14,-0.7,-0.36,87,170,96,201,133,115,65,53,378,500,1,80
1,0,1080038600,7.3,6.53,-0.22,0.6,0.14,-0.7,-0.36,91,173,97,209,125,112,73,59,378,501,2,79
1,0,1080049749,7.3,6.53,-0.22,0.6,0.14,-0.7,-0.36,88,175,100,201,127,113,72,58,379,500,2,79
1,0,1080059587,7.3,6.53,-0.22,0.6,0.14,-0.7,-0.36,85,169,98,202,132,115,66,52,378,501,1,78
1,0,1080069603,7.3,6.53,-0.22,0.6,0.14,-0.7,-0.36,87,172,100,205,129,121,69,56,379,502,2,83
1,0,1080079594,7.3,6.53,-0.22,0.6,0.14,-0.7,-0.36,88,175,100,205,126,112,64,55,379,501,1,81
1,0,1080088593,7.3,6.53,-0.22,0.6,0.14,-0.7,-0.36,91,172,94,202,125,117,66,52,378,500,2,78
1,0,1080115090,7.3,6.53,-0.22,0.6,0.14,-0.7,-0.36,87,171,99,203,136,116,68,53,379,500,1,82
1,0,1080119388,7.3,6.53,-0.22,0.6,0.14,-0.7,-0.36,84,173,100,202,132,114,70,54,378,501,1,80
1,0,1080129597,7.3,6.53,-0.22,0.6,0.14,-0.7,-0.36,87,170,96,201,127,121,68,53,379,501,2,79
1,0,1080138605,7.3,6.53,-0.22,0.6,0.14,-0.7,-0.36,88,169,94,205,134,119,72,53,379,500,1,81
1,0,1080149577,7.3,6.53,-0.22,0.6,0.14,-0.7,-0.36,84,174,97,201,129,117,68,55,379,501,1,79
1,0,1080159637,7.3,6.53,-0.22,0.6,0.14,-0.7,-0.36,88,170,95,203,133,116,68,55,379,501,2,75
1,0,1080169581,7.3,6.53,-0.22,0.6,0.14,-0.7,-0.36,89,170,99,204,132,114,66,54,379,501,1,82
1,0,1080179639,7.3,6.53,-0.22,0.6,0.14,-0.7,-0.36,86,172,99,200,129,122,64,54,379,501,2,78
1,0,1080188593,7.3,6.53,-0.22,0.6,0.14,-0.7,-0.36,85,172,93,205,133,116,65,59,379,501,2,79
1,0,1080215020,7.3,6.53,-0.22,0.6,0.14,-0.7,-0.36,85,168,94,204,131,117,67,55,378,501,1,82
1,0,1080219382,7.3,6.53,-0.22,0.6,0.14,-0.7,-0.36,89,174,100,200,132,120,71,57,379,502,1,79
1,0,1080229616,7.3,6.53,-0.22,0.6,0.14,-0.7,-0.36,81,173,95,203,133,116,72,58,379,501,2,79
1,0,1080238593,7.3,6.53,-0.22,0.6,0.14,-0.7,-0.36,85,178,97,204,135,112,71,55,379,501,2,82
1,0,1080249563,7.3,6.53,-0.22,0.6,0.14,-0.7,-0.36,91,172,99,203,134,116,65,54,378,501,2,82
1,0,1080259623,7.3,6.53,-0.22,0.6,0.14,-0.7,-0.36,90,173,100,205,132,117,65,59,379,501,2,79
1,0,1080269600,7.3,6.53,-0.22,0.6,0.14,-0.7,-0.36,85,172,92,201,130,116,70,58,379,502,2,83
1,0,1080279617,7.3,6.53,-0.22,0.6,0.14,-0.7,-0.36,88,175,97,203,132,114,66,55,379,502,2,82
1,0,1080288605,7.3,6.53,-0.22,0.6,0.14,-0.7,-0.36,88,170,94,207,133,110,66,54,378,502,1,80
1,0,1080315139,7.3,6.53,-0.22,0.6,0.14,-0.7,-0.36,88,173,93,200,135,121,70,56,379,501,2,76
1,0,1080319395,7.3,6.53,-0.22,0.6,0.14,-0.7,-0.36,86,175,100,204,127,120,68,55,378,501,1,78
1,0,1080329623,7.3,6.53,-0.22,0.6,0.14,-0.7,-0.36,88,172,98,203,128,118,69,58,378,502,2,83
1,0,1080338593,7.3,6.53,-0.22,0.6,0.14,-0.7,-0.36,87,171,94,201,130,122,73,55,379,501,2,78
1,0,1080349636,7.3,6.53,-0.22,0.6,0.14,-0.7,-0.36,84,170,99,208,135,118,66,60,379,502,2,79
1,0,1080359610,7.3,6.53,-0.22,0.6,0.14,-0.7,-0.36,89,175,91,209,133,118,69,54,378,501,2,81
1,0,1080369609,7.3,6.53,-0.22,0.6,0.14,-0.7,-0.36,82,171,95,209,127,114,65,54,378,501,1,81
1,0,1080379645,7.3,6.53,-0.22,0.6,0.14,-0.7,-0.36,85,174,96,209,132,116,65,57,378,501,2,80
1,0,1080388607,7.3,6.53,-0.22,0.6,0.14,-0.7,-0.36,91,171,92,201,131,113,70,57,378,501,2,80
1,0,1080415148,7.3,6.53,-0.22,0.6,0.14,-0.7,-0.36,83,170,100,205,135,121,68,52,379,500,1,80
1,0,1080419416,7.3,6.53,-0.22,0.6,0.14,-0.7,-0.36,83,172,99,201,135,120,66,60,378,501,1,82
1,0,1080429475,7.3,6.53,-0.22,0.6,0.14,-0.7,-0.36,90,169,99,205,135,117,67,56,379,502,2,82
1,0,1080438593,7.3,6.53,-0.22,0.6,0.14,-0.7,-0.36,87,175,98,204,136,114,68,60,378,501,2,76
1,0,1080449669,7.3,6.53,-0.22,0.6,0.14,-0.7,-0.36,86,173,93,206,137,117,72,56,378,502,2,84
1,0,1080459652,7.3,6.53,-0.22,0.6,0.14,-0.7,-0.36,86,171,97,205,133,116,67,55,379,501,2,84
1,0,1080469671,7.3,6.53,-0.22,0.6,0.14,-0.7,-0.36,91,172,97,202,137,118,65,57,378,501,1,81
1,0,1080479690,7.3,6.53,-0.22,0.6,0.14,-0.7,-0.36,85,175,95,205,137,115,70,55,379,501,1,83
1,0,1080488605,7.3,6.53,-0.22,0.6,0.14,-0.7,-0.36,86,170,98,207,134,123,70,60,379,501,1,80
1,0,1080515081,7.3,6.53,-0.22,0.6,0.14,-0.7,-0.36,85,172,93,208,138,114,65,57,378,500,2,82
1,0,1080519259,7.3,6.53,-0.22,0.6,0.14,-0.7,-0.36,88,174,101,204,132,123,68,54,379,501,2,80
1,0,1080529472,7.3,6.53,-0.22,0.6,0.14,-0.7,-0.36,86,172,97,205,127,123,66,57,379,501,2,79
1,0,1080538594,7.3,6.53,-0.22,0.6,0.14,-0.7,-0.36,89,172,92,203,138,115,73,59,378,501,2,80
1,0,1080549667,7.3,6.53,-0.22,0.6,0.14,-0.7,-0.36,88,173,95,202,138,120,68,58,378,501,2,79
1,0,1080559478,7.3,6.53,-0.22,0.6,0.14,-0.7,-0.36,85,173,97,202,135,115,68,57,379,501,2,80
1,0,1080569493,7.3,6.53,-0.22,0.6,0.14,-0.7,-0.36,89,172,98,200,138,118,65,56,379,500,2,80
1,0,1080579486,7.3,6.53,-0.22,0.6,0.14,-0.7,-0.36,83,175,96,205,134,118,73,58,378,502,2,81
1,0,1080588593,7.3,6.53,-0.22,0.6,0.14,-0.7,-0.36,87,170,96,204,138,117,65,58,378,501,2,82
1,0,1080615017,7.3,6.53,-0.22,0.6,0.14,-0.7,-0.36,85,167,99,204,137,114,69,54,379,501,1,84
1,0,1080619523,7.3,6.53,-0.22,0.6,0.14,-0.7,-0.36,92,170,100,205,135,117,70,55,378,501,1,84
1,0,1080629506,7.3,6.53,-0.22,0.6,0.14,-0.7,-0.36,87,173,101,200,135,116,69,57,378,501,2,79
1,0,1080638611,7.3,6.53,-0.22,0.6,0.14,-0.7,-0.36,87,171,98,201,132,117,69,59,379,502,1,82
1,0,1080649656,7.3,6.53,-0.22,0.6,0.14,-0.7,-0.36,86,174,99,207,131,118,73,54,378,501,2,78
1,0,1080659482,7.3,6.53,-0.22,0.6,0.14,-0.7,-0.36,86,176,99,203,135,115,69,57,379,501,1,84
1,0,1080669463,7.3,6.53,-0.22,0.6,0.14,-0.7,-0.36,85,174,96,205,135,123,72,53,379,502,2,80
1,0,1080679464,7.3,6.53,-0.22,0.6,0.14,-0.7,-0.36,88,172,95,208,132,114,72,57,378,501,1,78
1,0,1080688593,7.3,6.53,-0.22,0.6,0.14,-0.7,-0.36,90,171,99,201,135,117,62,56,379,501,1,81
1,0,1080715015,7.3,6.53,-0.22,0.6,0.14,-0.7,-0.36,85,175,101,205,129,123,68,54,379,500,1,84
1,0,1080719260,7.3,6.53,-0.22,0.6,0.14,-0.7,-0.36,89,175,96,208,134,117,64,52,379,502,1,82
1,0,1080729545,7.3,6.53,-0.22,0.6,0.14,-0.7,-0.36,88,171,98,204,135,117,72,56,378,502,1,80
1,0,1080738593,7.3,6.53,-0.22,0.6,0.14,-0.7,-0.36,86,171,100,204,136,118,72,59,378,502,1,82
1,0,1080749504,7.3,6.53,-0.22,0.6,0.14,-0.7,-0.36,87,171,98,205,135,115,69,57,378,500,2,81
1,0,1080759540,7.3,6.53,-0.22,0.6,0.14,-0.7,-0.36,90,171,101,204,135,115,72,55,379,501,2,78
1,0,1080769546,7.3,6.53,-0.22,0.6,0.14,-0.7,-0.36,87,175,101,202,138,123,69,57,378,501,2,81
1,0,1080779535,7.3,6.53,-0.22,0.6,0.14,-0.7,-0.36,88,170,97,205,135,115,73,54,379,502,2,81
1,0,1080788594,7.3,6.53,-0.22,0.6,0.14,-0.7,-0.36,87,174,94,208,133,119,66,57,378,501,2,82
1,0,1080815161,7.3,6.53,-0.22,0.6,0.14,-0.7,-0.36,89,170,98,202,134,117,68,53,379,501,2,80
1,0,1080819138,7.3,6.53,-0.22,0.6,0.14,-0.7,-0.36,89,174,100,210,134,117,70,55,378,502,1,81
1,0,1080829328,7.3,6.53,-0.22,0.6,0.14,-0.7,-0.36,90,173,99,203,131,117,73,57,378,501,2,82
1,0,1080838594,7.3,6.53,-0.22,0.6,0.14,-0.7,-0.36,83,174,98,206,135,117,65,57,378,501,1,82
1,0,1080849514,7.3,6.53,-0.22,0.6,0.14,-0.7,-0.36,83,174,100,205,131,114,69,55,378,502,1,79
1,0,1080859535,7.3,6.53,-0.22,0.6,0.14,-0.7,-0.36,88,172,97,202,135,122,67,53,379,501,1,80
1,0,1080869526,7.3,6.53,-0.22,0.6,0.14,-0.7,-0.36,91,172,101,204,134,116,70,53,379,501,1,82
1,0,1080879367,7.3,6.53,-0.22,0.6,0.14,-0.7,-0.36,87,174,97,210,136,118,67,55,379,502,1,82
1,0,1080888593,7.3,6.53,-0.22,0.6,0.14,-0.7,-0.36,86,173,99,211,135,117,72,55,379,502,1,81
1,0,1080914985,7.3,6.53,-0.22,0.6,0.14,-0.7,-0.36,89,176,101,204,131,115,70,60,379,501,1,84
1,0,1080919352,7.3,6.53,-0.22,0.6,0.14,-0.7,-0.36,86,173,97,203,134,123,73,57,379,501,2,81
1,0,1080929341,7.3,6.53,-0.22,0.6,0.14,-0.7,-0.36,86,171,101,202,133,115,68,55,379,501,2,85
1,0,1080938593,7.3,6.53,-0.22,0.6,0.14,-0.7,-0.36,89,172,100,202,135,115,67,53,379,502,2,80
1,0,1080949541,7.3,6.53,-0.22,0.6,0.14,-0.7,-0.36,86,169,99,206,135,123,68,60,378,502,1,80
1,0,1080959365,7.3,6.53,-0.22,0.6,0.14,-0.7,-0.36,91,174,100,207,137,121,69,56,378,502,2,81
1,0,1080969358,7.3,6.53,-0.22,0.6,0.14,-0.7,-0.36,89,170,100,202,131,117,66,57,379,502,1,82
1,0,1080979365,7.3,6.53,-0.22,0.6,0.14,-0.7,-0.36,88,174,101,204,134,118,63,56,378,502,1,78
1,0,1080988593,7.3,6.53,-0.22,0.6,0.14,-0.7,-0.36,91,173,99,207,131,118,72,56,379,502,2,81
1,0,1081015193,7.3,6.53,-0.22,0.6,0.14,-0.7,-0.36,86,173,94,205,138,122,65,55,378,501,2,81
1,0,1081019156,7.3,6.53,-0.22,0.6,0.14,-0.7,-0.36,84,173,98,208,138,122,72,55,379,501,1,82
1,0,1081029356,7.3,6.53,-0.22,0.6,0.14,-0.7,-0.36,92,171,102,205,136,115,63,55,379,502,1,81
1,0,1081038611,7.3,6.53,-0.22,0.6,0.14,-0.7,-0.36,84,168,99,202,138,119,64,54,379,501,1,81
1,0,1081049332,7.3,6.53,-0.22,0.6,0.14,-0.7,-0.36,86,172,99,204,134,114,65,56,378,502,2,85
1,0,1081059394,7.3,6.53,-0.22,0.6,0.14,-0.7,-0.36,85,172,98,205,135,117,63,54,379,501,1,80
1,0,1081069388,7.3,6.53,-0.22,0.6,0.14,-0.7,-0.36,89,172,96,206,134,119,71,58,378,501,2,81
1,0,1081079359,7.3,6.53,-0.22,0.6,0.14,-0.7,-0.36,85,170,99,207,132,119,69,56,379,501,2,78
1,0,1081088593,7.3,6.53,-0.22,0.6,0.14,-0.7,-0.36,88,173,97,202,133,118,69,58,379,501,1,85
1,0,1081115017,7.3,6.53,-0.22,0.6,0.14,-0.7,-0.36,86,175,99,204,133,117,65,58,378,499,1,80
1,0,1081119394,7.3,6.53,-0.22,0.6,0.14,-0.7,-0.36,87,175,96,202,132,119,67,54,379,501,1,81
1,0,1081129396,7.3,6.53,-0.22,0.6,0.14,-0.7,-0.36,88,171,99,202,138,117,66,57,379,501,2,79
1,0,1081138593,7.3,6.53,-0.22,0.6,0.14,-0.7,-0.36,87,169,101,204,132,118,67,54,379,502,1,78
1,0,1081149379,7.3,6.53,-0.22,0.6,0.14,-0.7,-0.36,87,173,97,205,128,120,71,54,379,502,1,81
1,0,1081159412,7.3,6.53,-0.22,0.6,0.14,-0.7,-0.36,86,170,93,211,138,114,66,58,378,501,1,82
1,0,1081169402,7.3,6.53,-0.22,0.6,0.14,-0.7,-0.36,86,172,99,204,133,111,70,59,378,501,1,81
1,0,1081179423,7.3,6.53,-0.22,0.6,0.14,-0.7,-0.36,88,175,101,207,131,116,72,57,378,501,1,83
1,0,1081188605,7.3,6.53,-0.22,0.6,0.14,-0.7,-0.36,88,170,99,204,134,120,72,55,378,501,1,84
1,0,1081215040,7.3,6.53,-0.22,0.6,0.14,-0.7,-0.36,84,170,97,204,132,118,68,54,378,502,1,80
1,0,1081218980,7.3,6.53,-0.22,0.6,0.14,-0.7,-0.36,86,172,101,206,132,122,63,56,379,501,2,78
1,0,1081229432,7.3,6.53,-0.22,0.6,0.14,-0.7,-0.36,88,175,95,207,135,117,68,53,379,501,1,83
1,0,1081238593,7.3,6.53,-0.22,0.6,0.14,-0.7,-0.36,88,174,96,209,135,115,66,54,379,502,1,82
1,0,1081249409,7.3,6.53,-0.22,0.6,0.14,-0.7,-0.36,89,172,97,206,136,122,69,54,379,502,2,81
1,0,1081259419,7.3,6.53,-0.22,0.6,0.14,-0.7,-0.36,88,173,99,208,132,113,72,57,379,502,1,82
1,0,1081269208,7.3,6.53,-0.22,0.6,0.14,-0.7,-0.36,87,172,101,207,129,119,72,58,379,501,1,78
1,0,1081279435,7.3,6.53,-0.22,0.6,0.14,-0.7,-0.36,88,172,99,207,132,117,64,54,378,501,1,83
1,0,1081288596,7.3,6.53,-0.22,0.6,0.14,-0.7,-0.36,91,172,97,213,139,118,67,59,379,501,1,82
1,0,1081315077,7.3,6.53,-0.22,0.6,0.14,-0.7,-0.36,88,169,101,207,137,115,68,59,378,501,1,84
1,0,1081319283,7.3,6.53,-0.22,0.6,0.14,-0.7,-0.36,86,170,96,205,129,113,67,55,379,502,2,79
1,0,1081329246,7.3,6.53,-0.22,0.6,0.14,-0.7,-0.36,84,173,100,203,138,116,65,57,380,501,1,81
1,0,1081338593,7.3,6.53,-0.22,0.6,0.14,-0.7,-0.36,88,174,102,208,138,116,65,58,379,502,2,82
1,0,1081349387,7.3,6.53,-0.22,0.6,0.14,-0.7,-0.36,88,173,96,213,136,121,68,59,379,502,2,81
1,0,1081359433,7.3,6.53,-0.22,0.6,0.14,-0.7,-0.36,87,173,97,209,134,117,73,57,379,502,1,84
1,0,1081369217,7.3,6.53,-0.22,0.6,0.14,-0.7,-0.36,87,176,98,207,136,115,70,57,379,501,1,78
1,0,1081379404,7.3,6.53,-0.22,0.6,0.14,-0.7,-0.36,86,172,97,208,134,116,65,55,379,501,2,81
1,0,1081388593,7.3,6.53,-0.22,0.6,0.14,-0.7,-0.36,87,173,103,212,136,114,71,58,379,501,1,79
1,0,1081415034,7.3,6.53,-0.22,0.6,0.14,-0.7,-0.36,85,175,99,209,139,116,68,59,379,501,2,81
1,0,1081418968,7.3,6.53,-0.22,0.6,0.14,-0.7,-0.36,87,176,103,212,131,118,67,56,379,501,2,84
1,0,1081429229,7.3,6.53,-0.22,0.6,0.14,-0.7,-0.36,92,174,99,204,138,117,68,59,379,502,1,81
1,0,1081438593,7.3,6.53,-0.22,0.6,0.14,-0.7,-0.36,84,175,97,211,132,118,65,57,379,501,2,81
1,0,1081449389,7.3,6.53,-0.22,0.6,0.14,-0.7,-0.36,87,174,99,207,138,116,69,55,379,501,1,83
1,0,1081459247,7.3,6.53,-0.22,0.6,0.14,-0.7,-0.36,89,171,102,212,138,112,70,57,379,501,1,83
1,0,1081469236,7.3,6.53,-0.22,0.6,0.14,-0.7,-0.36,83,172,103,208,130,112,69,55,379,501,1,81
1,0,1081479244,7.3,6.53,-0.22,0.6,0.14,-0.7,-0.36,85,176,99,209,134,121,66,59,379,501,2,81
1,0,1081488593,7.3,6.53,-0.22,0.6,0.14,-0.7,-0.36,87,176,100,211,138,113,71,55,379,501,1,84
1,0,1081514950,7.3,6.53,-0.22,0.6,0.14,-0.7,-0.36,88,172,103,202,138,113,73,59,379,502,2,80
1,0,1081518970,7.3,6.53,-0.22,0.6,0.14,-0.7,-0.36,87,173,99,202,136,116,64,57,380,502,2,83
1,0,1081529233,7.3,6.53,-0.22,0.6,0.14,-0.7,-0.36,87,173,101,206,138,114,66,54,379,501,1,84
1,0,1081538593,7.3,6.53,-0.22,0.6,0.14,-0.7,-0.36,90,175,104,204,135,117,66,59,379,502,2,80
1,0,1081549417,7.3,6.53,-0.22,0.6,0.14,-0.7,-0.36,86,176,96,206,136,117,68,53,379,502,2,78
1,0,1081559256,7.3,6.53,-0.22,0.6,0.14,-0.7,-0.36,86,172,97,212,136,117,66,57,380,501,1,82
1,0,1081569266,7.3,6.53,-0.22,0.6,0.14,-0.7,-0.36,90,174,99,208,135,114,66,57,378,501,2,78
1,0,1081579272,7.3,6.53,-0.22,0.6,0.14,-0.7,-0.36,87,171,100,208,137,117,68,56,379,502,1,82
1,0,1081588605,7.3,6.53,-0.22,0.6,0.14,-0.7,-0.36,88,172,98,206,134,118,65,57,379,501,1,83
1,0,1081614972,7.3,6.53,-0.22,0.6,0.14,-0.7,-0.36,86,170,99,206,135,116,72,53,378,501,2,85
1,0,1081618986,7.3,6.53,-0.22,0.6,0.14,-0.7,-0.36,88,170,99,206,137,116,68,56,378,501,2,81
1,0,1081629273,7.3,6.53,-0.22,0.6,0.14,-0.7,-0.36,88,175,102,209,132,116,66,59,379,502,1,84
1,0,1081638594,7.3,6.53,-0.22,0.6,0.14,-0.7,-0.36,88,176,99,205,135,117,73,55,378,502,1,81
1,0,1081649256,7.3,6.53,-0.22,0.6,0.14,-0.7,-0.36,86,174,98,208,137,117,70,57,379,502,2,84
1,0,1081659259,7.3,6.53,-0.22,0.6,0.14,-0.7,-0.36,86,175,101,204,136,115,69,60,378,502,1,81
1,0,1081669243,7.3,6.53,-0.22,0.6,0.14,-0.7,-0.36,86,177,103,209,136,116,66,54,379,502,2,83
1,0,1081679276,7.3,6.53,-0.22,0.6,0.14,-0.7,-0.36,85,172,102,209,138,113,67,55,379,501,2,82
1,0,1081688593,7.3,6.53,-0.22,0.6,0.14,-0.7,-0.36,88,174,97,205,137,123,67,57,379,502,2,84
1,0,1081714983,7.3,6.53,-0.22,0.6,0.14,-0.7,-0.36,84,177,103,208,138,114,69,56,379,501,1,80
1,0,1081719038,7.3,6.53,-0.22,0.6,0.14,-0.7,-0.36,86,173,103,205,135,113,66,53,378,501,1,83
1,0,1081729245,7.3,6.53,-0.22,0.6,0.14,-0.7,-0.36,88,170,98,207,136,116,64,58,379,501,2,81
1,0,1081738593,7.3,6.53,-0.22,0.6,0.14,-0.7,-0.36,91,175,97,213,138,122,66,58,379,502,1,81
1,0,1081749229,7.3,6.53,-0.22,0.6,0.14,-0.7,-0.36,87,177,101,211,137,118,73,54,379,502,1,80
1,0,1081759261,7.3,6.53,-0.22,0.6,0.14,-0.7,-0.36,87,174,103,207,136,112,70,56,379,501,2,82
1,0,1081769245,7.3,6.53,-0.22,0.6,0.14,-0.7,-0.36,87,177,103,207,138,120,69,59,378,502,2,81
1,0,1081779269,7.3,6.53,-0.22,0.6,0.14,-0.7,-0.36,87,168,103,204,137,121,66,55,378,501,1,80
1,0,1081788605,7.3,6.53,-0.22,0.6,0.14,-0.7,-0.36,86,173,101,203,134,117,72,56,378,501,2,82
1,0,1081815112,7.3,6.53,-0.22,0.6,0.14,-0.7,-0.36,86,174,101,208,139,123,70,55,378,501,2,80
1,0,1081818852,7.3,6.53,-0.22,0.6,0.14,-0.7,-0.36,84,170,101,211,136,114,70,59,379,502,2,80
1,0,1081829246,7.3,6.53,-0.22,0.6,0.14,-0.7,-0.36,88,172,100,204,132,119,67,57,379,502,2,82
1,0,1081838605,7.3,6.53,-0.22,0.6,0.14,-0.7,-0.36,86,171,101,205,134,116,66,56,379,502,2,79
1,0,1081849252,7.3,6.53,-0.22,0.6,0.14,-0.7,-0.36,85,171,101,208,130,121,68,60,379,501,2,82
1,0,1081859276,7.3,6.53,-0.22,0.6,0.14,-0.7,-0.36,86,175,103,204,135,113,67,58,380,501,2,81
1,0,1081869286,7.3,6.53,-0.22,0.6,0.14,-0.7,-0.36,86,173,103,203,139,122,65,56,378,501,2,84
1,0,1081879111,7.3,6.53,-0.22,0.6,0.14,-0.7,-0.36,92,174,99,208,136,113,73,57,379,502,1,84
1,0,1081888593,7.3,6.53,-0.22,0.6,0.14,-0.7,-0.36,87,173,98,208,137,117,70,55,379,501,2,81
1,0,1081915093,7.3,6.53,-0.22,0.6,0.14,-0.7,-0.36,90,177,102,208,137,117,70,54,379,501,2,80
1,0,1081919012,7.3,6.53,-0.22,0.6,0.14,-0.7,-0.36,88,170,102,204,135,116,68,58,380,501,2,80
1,0,1081929111,7.3,6.53,-0.22,0.6,0.14,-0.7,-0.36,87,175,101,212,132,122,70,56,379,502,2,84
1,0,1081938593,7.3,6.53,-0.22,0.6,0.14,-0.7,-0.36,85,179,100,206,140,116,66,58,379,500,2,82
1,0,1081949265,7.3,6.53,-0.22,0.6,0.14,-0.7,-0.36,88,172,103,208,133,115,66,54,380,501,2,84
1,0,1081959280,7.3,6.53,-0.22,0.6,0.14,-0.7,-0.36,85,177,99,208,140,118,69,57,380,501,1,81
1,0,1081969314,7.3,6.53,-0.22,0.6,0.14,-0.7,-0.36,86,177,101,211,135,117,66,57,379,502,1,82
1,0,1081979117,7.3,6.53,-0.22,0.6,0.14,-0.7,-0.36,88,171,97,208,140,117,69,54,379,501,2,79
1,0,1081988605,7.3,6.53,-0.22,0.6,0.14,-0.7,-0.36,88,172,99,208,134,116,66,58,378,502,1,79
1,0,1082015184,7.3,6.53,-0.22,0.6,0.14,-0.7,-0.36,88,173,103,206,135,114,69,58,379,501,1,80
1,0,1082019144,7.3,6.53,-0.22,0.6,0.14,-0.7,-0.36,88,178,95,208,135,118,69,56,379,502,2,84
1,0,1082029131,7.3,6.53,-0.22,0.6,0.14,-0.7,-0.36,87,172,101,208,136,117,70,55,380,501,2,83
1,0,1082038593,7.3,6.53,-0.22,0.6,0.14,-0.7,-0.36,91,173,99,207,138,117,68,55,379,501,1,79
1,0,1082049109,7.3,6.53,-0.22,0.6,0.14,-0.7,-0.36,83,173,102,204,134,118,70,60,380,502,1,84
1,0,1082059145,7.3,6.53,-0.22,0.6,0.14,-0.7,-0.36,89,174,100,204,138,115,67,56,380,502,1,79
1,0,1082069147,7.3,6.53,-0.22,0.6,0.14,-0.7,-0.36,87,170,99,208,134,120,65,57,379,502,2,80
1,0,1082079162,7.3,6.53,-0.22,0.6,0.14,-0.7,-0.36,85,175,100,202,135,115,70,57,380,501,1,84
1,0,1082088593,7.3,6.53,-0.22,0.6,0.14,-0.7,-0.36,86,178,101,208,139,112,65,54,379,502,2,84
1,0,1082114991,7.3,6.53,-0.22,0.6,0.14,-0.7,-0.36,88,176,103,205,139,115,72,56,380,502,2,81
1,0,1082119123,7.3,6.53,-0.22,0.6,0.14,-0.7,-0.36,87,177,101,203,140,115,66,56,379,502,1,78
1,0,1082129126,7.3,6.53,-0.22,0.6,0.14,-0.7,-0.36,89,178,100,204,135,119,65,56,380,502,2,80
1,0,1082138593,7.3,6.53,-0.22,0.6,0.14,-0.7,-0.36,84,174,104,207,136,113,67,56,378,501,2,79
1,0,1082149095,7.3,6.53,-0.22,0.6,0.14,-0.7,-0.36,91,173,99,203,138,114,68,57,379,502,1,84
1,0,1082159152,7.3,6.53,-0.22,0.6,0.14,-0.7,-0.36,84,170,98,209,135,112,65,57,379,501,2,84
1,0,1082169128,7.3,6.53,-0.22,0.6,0.14,-0.7,-0.36,88,178,99,209,135,117,68,59,379,502,2,79
1,0,1082179140,7.3,6.53,-0.22,0.6,0.14,-0.7,-0.36,91,174,103,210,135,121,65,57,378,502,1,84
1,0,1082188605,7.3,6.53,-0.22,0.6,0.14,-0.7,-0.36,86,171,99,208,135,115,65,61,379,502,2,81
1,0,1082215038,7.3,6.53,-0.22,0.6,0.14,-0.7,-0.36,89,175,97,204,132,118,68,54,379,502,2,83
1,0,1082218891,7.3,6.53,-0.22,0.6,0.14,-0.7,-0.36,89,178,98,209,138,112,70,56,378,501,1,81
1,0,1082229134,7.3,6.53,-0.22,0.6,0.14,-0.7,-0.36,87,173,99,208,135,115,69,59,379,501,2,80
1,0,1082238593,7.3,6.53,-0.22,0.6,0.14,-0.7,-0.36,86,175,98,208,138,118,70,56,379,502,1,81
1,0,1082249102,7.3,6.53,-0.22,0.6,0.14,-0.7,-0.36,86,175,100,208,138,117,71,54,379,501,1,82
1,0,1082259136,7.3,6.53,-0.22,0.6,0.14,-0.7,-0.36,89,172,100,204,138,117,67,57,380,501,2,79
1,0,1082268967,7.3,6.53,-0.22,0.6,0.14,-0.7,-0.36,86,174,98,208,135,118,64,56,379,501,1,79
1,0,1082279176,7.3,6.53,-0.22,0.6,0.14,-0.7,-0.36,87,174,102,212,134,113,69,55,380,501,1,84
1,0,1082288593,7.3,6.53,-0.22,0.6,0.14,-0.7,-0.36,85,177,99,206,134,118,66,54,379,501,2,81
1,0,1082315037,7.3,6.53,-0.22,0.6,0.14,-0.7,-0.36,85,178,100,206,136,115,69,53,379,502,1,79
1,0,1082318977,7.3,6.53,-0.22,0.6,0.14,-0.7,-0.36,87,175,99,208,135,119,73,54,378,501,1,78
1,0,1082329158,7.3,6.53,-0.22,0.6,0.14,-0.7,-0.36,87,176,100,206,133,115,67,57,378,501,2,81
1,0,1082338593,7.3,6.53,-0.22,0.6,0.14,-0.7,-0.36,89,176,97,204,137,114,64,58,378,502,1,84
1,0,1082349111,7.3,6.53,-0.22,0.6,0.14,-0.7,-0.36,90,176,101,204,138,116,69,56,380,501,1,80
1,0,1082359155,7.3,6.53,-0.22,0.6,0.14,-0.7,-0.36,88,176,102,205,133,115,71,56,378,502,2,84
1,0,1082368976,7.3,6.53,-0.22,0.6,0.14,-0.7,-0.36,88,177,97,204,134,119,71,60,379,501,2,81
1,0,1082378965,7.3,6.53,-0.22,0.6,0.14,-0.7,-0.36,88,178,100,209,136,118,66,59,379,501,1,80
1,0,1082388593,7.3,6.53,-0.22,0.6,0.14,-0.7,-0.36,93,175,98,206,134,113,64,55,378,501,1,79
1,0,1082414995,7.3,6.53,-0.22,0.6,0.14,-0.7,-0.36,86,175,100,212,135,113,74,57,380,502,2,83
1,0,1082418898,7.3,6.53,-0.22,0.6,0.14,-0.7,-0.36,90,178,101,209,138,116,68,56,379,502,2,80
1,0,1082428971,7.3,6.53,-0.22,0.6,0.14,-0.7,-0.36,84,174,100,212,135,116,71,58,379,501,1,81
1,0,1082438593,7.3,6.53,-0.22,0.6,0.14,-0.7,-0.36,86,178,100,212,136,121,65,60,379,501,1,80
1,0,1082449119,7.3,6.53,-0.22,0.6,0.14,-0.7,-0.36,87,171,100,209,136,115,69,59,379,501,1,81
1,0,1082459161,7.3,6.53,-0.22,0.6,0.14,-0.7,-0.36,90,175,100,209,135,116,67,55,379,502,2,84
1,0,1082469019,7.3,6.53,-0.22,0.6,0.14,-0.7,-0.36,83,172,103,208,135,122,73,61,379,502,1,79
1,0,1082478972,7.3,6.53,-0.22,0.6,0.14,-0.7,-0.36,84,173,98,205,140,118,64,54,379,501,1,83
1,0,1082488593,7.3,6.53,-0.22,0.6,0.14,-0.7,-0.36,86,179,98,204,136,116,67,55,379,501,2,85
1,0,1082514996,7.3,6.53,-0.22,0.6,0.14,-0.7,-0.36,87,171,103,205,134,120,71,57,380,502,1,84
1,0,1082518889,7.3,6.53,-0.22,0.6,0.14,-0.7,-0.36,88,173,99,207,137,121,74,56,379,502,2,80
1,0,1082528984,7.3,6.53,-0.22,0.6,0.14,-0.7,-0.36,87,174,99,209,136,111,68,54,380,501,1,85
1,0,1082538605,7.3,6.53,-0.22,0.6,0.14,-0.7,-0.36,86,167,102,208,134,118,66,58,378,500,1,81
1,0,1082549135,7.3,6.53,-0.22,0.6,0.14,-0.7,-0.36,89,173,99,211,133,116,74,55,379,501,1,81
1,0,1082559150,7.3,6.53,-0.22,0.6,0.14,-0.7,-0.36,85,178,95,211,136,116,69,61,380,501,2,82
1,0,1082568977,7.3,6.53,-0.22,0.6,0.14,-0.7,-0.36,88,178,102,206,139,115,66,56,379,502,1,83
1,0,1082579006,7.3,6.53,-0.22,0.6,0.14,-0.7,-0.36,89,171,98,214,139,112,69,60,380,501,1,79
1,0,1082588593,7.3,6.53,-0.22,0.6,0.14,-0.7,-0.36,87,175,101,209,134,113,66,57,379,502,2,84
1,0,1082615052,7.3,6.53,-0.22,0.6,0.14,-0.7,-0.36,88,175,102,207,137,120,67,59,380,501,1,80
1,0,1082618978,7.3,6.53,-0.22,0.6,0.14,-0.7,-0.36,86,172,99,212,132,112,69,56,380,502,2,82
1,0,1082628979,7.3,6.53,-0.22,0.6,0.14,-0.7,-0.36,88,171,103,208,139,116,73,58,379,501,2,84
1,0,1082638593,7.3,6.53,-0.22,0.6,0.14,-0.7,-0.36,85,172,94,210,134,113,74,59,379,501,2,84
1,0,1082649159,7.3,6.53,-0.22,0.6,0.14,-0.7,-0.36,87,170,103,210,140,116,69,56,380,502,2,84
1,0,1082659153,7.3,6.53,-0.22,0.6,0.14,-0.7,-0.36,88,173,97,209,135,116,67,62,379,501,1,81
1,0,1082669009,7.3,6.53,-0.22,0.6,0.14,-0.7,-0.36,89,172,100,215,138,114,68,56,379,502,2,79
1,0,1082679007,7.3,6.53,-0.22,0.6,0.14,-0.7,-0.36,88,172,102,209,136,114,71,60,378,501,1,85
1,0,1082688606,7.3,6.53,-0.22,0.6,0.14,-0.7,-0.36,88,174,103,214,134,116,69,57,379,501,2,84
1,0,1082715089,7.3,6.53,-0.22,0.6,0.14,-0.7,-0.36,90,175,99,205,136,113,67,56,379,502,1,84
1,0,1082718784,7.3,6.53,-0.22,0.6,0.14,-0.7,-0.36,94,173,101,209,137,116,74,56,379,502,1,81
1,0,1082728996,7.3,6.53,-0.22,0.6,0.14,-0.7,-0.36,87,171,103,211,134,114,65,56,380,501,1,82
1,0,1082738593,7.3,6.53,-0.22,0.6,0.14,-0.7,-0.36,85,174,95,215,133,115,66,57,379,502,2,85
1,0,1082749156,7.3,6.53,-0.22,0.6,0.14,-0.7,-0.36,87,178,102,214,139,112,68,57,379,502,2,81
1,0,1082758998,7.3,6.53,-0.22,0.6,0.14,-0.7,-0.36,88,172,96,211,135,118,70,54,379,502,1,84
1,0,1082768983,7.3,6.53,-0.22,0.6,0.14,-0.7,-0.36,87,172,101,210,140,119,68,59,379,502,1,80
1,0,1082778996,7.3,6.53,-0.22,0.6,0.14,-0.7,-0.36,88,176,99,210,136,112,67,58,380,502,1,84
1,0,1082788594,7.3,6.53,-0.22,0.6,0.14,-0.7,-0.36,94,177,101,211,137,116,73,58,380,502,1,84
1,0,1082815062,7.3,6.53,-0.22,0.6,0.14,-0.7,-0.36,88,174,97,207,132,115,73,57,380,501,1,84
1,0,1082818763,7.3,6.53,-0.22,0.6,0.14,-0.7,-0.36,88,174,100,205,136,113,66,57,380,501,1,84
1,0,1082829020,7.3,6.53,-0.22,0.6,0.14,-0.7,-0.36,87,177,100,211,137,114,74,61,380,501,1,83
1,0,1082838593,7.3,6.53,-0.22,0.6,0.14,-0.7,-0.36,91,173,101,211,139,115,70,58,379,501,1,81
1,0,1082848967,7.3,6.53,-0.22,0.6,0.14,-0.7,-0.36,85,175,102,211,139,113,66,59,379,501,2,81
1,0,1082859018,7.3,6.53,-0.22,0.6,0.14,-0.7,-0.36,93,172,99,208,133,115,73,56,380,502,1,80
1,0,1082869026,7.3,6.53,-0.22,0.6,0.14,-0.7,-0.36,85,173,98,211,136,118,74,57,379,502,2,84
1,0,1082879034,7.3,6.53,-0.22,0.6,0.14,-0.7,-0.36,87,171,102,209,134,115,70,61,379,502,2,85
1,0,1082888605,7.3,6.53,-0.22,0.6,0.14,-0.7,-0.36,92,175,99,210,136,109,74,61,379,501,2,80
1,0,1082914993,7.3,6.53,-0.22,0.6,0.14,-0.7,-0.36,87,176,103,209,135,112,74,57,379,502,2,83
1,0,1082918996,7.3,6.53,-0.22,0.6,0.14,-0.7,-0.36,88,169,101,204,134,115,69,58,380,502,1,83
1,0,1082929022,7.3,6.53,-0.22,0.6,0.14,-0.7,-0.36,88,169,99,209,135,111,67,59,379,501,1,77
1,0,1082938593,7.3,6.53,-0.22,0.6,0.14,-0.7,-0.36,85,179,103,208,133,115,69,58,380,502,2,78
1,0,1082948981,7.3,6.53,-0.22,0.6,0.14,-0.7,-0.36,88,172,100,211,137,116,74,57,378,501,1,82
1,0,1082959017,7.3,6.53,-0.22,0.6,0.14,-0.7,-0.36,87,173,98,210,138,117,69,56,379,501,2,82
1,0,1082969039,7.3,6.53,-0.22,0.6,0.14,-0.7,-0.36,83,175,102,211,134,114,66,61,380,502,1,79
1,0,1082979037,7.3,6.53,-0.22,0.6,0.14,-0.7,-0.36,86,172,102,210,133,117,70,61,379,502,1,77
1,0,1082988594,7.3,6.53,-0.22,0.6,0.14,-0.7,-0.36,88,179,101,210,133,114,71,61,379,502,2,79
1,0,1083015153,7.3,6.53,-0.22,0.6,0.14,-0.7,-0.36,89,175,101,207,133,117,66,58,380,501,2,79
1,0,1083018780,7.3,6.53,-0.22,0.6,0.14,-0.7,-0.36,87,172,100,209,136,111,68,59,380,502,1,81
1,0,1083029011,7.3,6.53,-0.22,0.6,0.14,-0.7,-0.36,85,171,100,210,140,114,74,56,380,501,2,82
1,0,1083038608,7.3,6.53,-0.22,0.6,0.14,-0.7,-0.36,84,171,103,210,137,114,66,59,379,502,2,83
1,0,1083048997,7.3,6.53,-0.22,0.6,0.14,-0.7,-0.36,88,171,100,214,139,118,69,55,380,501,1,78
1,0,1083059018,7.3,6.53,-0.22,0.6,0.14,-0.7,-0.36,87,172,101,211,137,119,72,54,379,501,1,84
1,0,1083068991,7.3,6.53,-0.22,0.6,0.14,-0.7,-0.36,87,174,102,210,135,113,74,58,380,501,2,82
1,0,1083079005,7.3,6.53,-0.22,0.6,0.14,-0.7,-0.36,93,175,101,215,137,113,73,62,379,502,1,86
1,0,1083088593,7.3,6.53,-0.22,0.6,0.14,-0.7,-0.36,84,175,97,209,136,115,65,55,379,502,1,81
1,0,1083114966,7.3,6.53,-0.22,0.6,0.14,-0.7,-0.36,89,172,100,210,137,115,70,53,380,502,2,84
1,0,1083118712,7.3,6.53,-0.22,0.6,0.14,-0.7,-0.36,86,176,99,209,135,113,74,58,378,502,1,78
1,0,1083128832,7.3,6.53,-0.22,0.6,0.14,-0.7,-0.36,90,174,99,210,136,115,70,61,380,500,1,79
1,0,1083138593,7.3,6.53,-0.22,0.6,0.14,-0.7,-0.36,84,174,98,210,135,110,67,59,379,502,2,83
1,0,1083148985,7.3,6.53,-0.22,0.6,0.14,-0.7,-0.36,84,179,97,207,133,116,65,56,378,501,2,85
1,0,1083158839,7.3,6.53,-0.22,0.6,0.14,-0.7,-0.36,88,172,98,208,137,110,66,57,379,501,1,80
1,0,1083168845,7.3,6.53,-0.22,0.6,0.14,-0.7,-0.36,91,171,103,208,137,115,67,56,380,502,2,81
1,0,1083179025,7.3,6.53,-0.22,0.6,0.14,-0.7,-0.36,91,174,99,210,137,110,69,57,380,501,2,86
1,0,1083188595,7.3,6.53,-0.22,0.6,0.14,-0.7,-0.36,85,176,102,211,137,114,74,62,379,501,2,84
1,0,1083214991,7.3,6.53,-0.22,0.6,0.14,-0.7,-0.36,89,177,99,210,138,114,66,58,379,502,1,83
1,0,1083218778,7.3,6.53,-0.22,0.6,0.14,-0.7,-0.36,86,173,102,210,139,118,71,61,379,502,2,85
1,0,1083228876,7.3,6.53,-0.22,0.6,0.14,-0.7,-0.36,88,174,100,211,134,119,69,62,378,501,2,82
1,0,1083238593,7.3,6.53,-0.22,0.6,0.14,-0.7,-0.36,87,173,99,214,137,116,70,56,379,501,1,79
1,0,1083249016,7.3,6.53,-0.22,0.6,0.14,-0.7,-0.36,87,178,101,213,134,119,67,58,379,501,1,78
1,0,1083258844,7.3,6.53,-0.22,0.6,0.14,-0.7,-0.36,86,175,102,211,136,112,71,59,379,501,1,79
1,0,1083268862,7.3,6.53,-0.22,0.6,0.14,-0.7,-0.36,92,175,97,207,134,114,71,56,380,502,2,81
1,0,1083278850,7.3,6.53,-0.22,0.6,0.14,-0.7,-0.36,88,173,100,210,137,111,71,62,378,502,2,85
1,0,1083288593,7.3,6.53,-0.22,0.6,0.14,-0.7,-0.36,85,172,98,208,134,119,67,58,379,502,1,80
1,0,1083315009,7.3,6.53,-0.22,0.6,0.14,-0.7,-0.36,87,173,101,214,133,113,67,56,380,501,1,80
1,0,1083318780,7.3,6.53,-0.22,0.6,0.14,-0.7,-0.36,87,174,100,210,133,112,67,58,380,502,1,80
1,0,1083328835,7.3,6.53,-0.22,0.6,0.14,-0.7,-0.36,87,175,102,216,135,114,70,62,379,503,2,86
1,0,1083338593,7.3,6.53,-0.22,0.6,0.14,-0.7,-0.36,84,172,100,210,136,113,68,57,380,502,2,82
1,0,1083349048,7.3,6.53,-0.22,0.6,0.14,-0.7,-0.36,88,176,102,212,139,109,68,56,380,502,1,82
1,0,1083358849,7.3,6.53,-0.22,0.6,0.14,-0.7,-0.36,85,172,102,211,137,118,67,59,379,502,1,83
1,0,1083368843,7.3,6.53,-0.22,0.6,0.14,-0.7,-0.36,87,177,102,215,136,108,71,56,379,502,1,82
1,0,1083378884,7.3,6.53,-0.22,0.6,0.14,-0.7,-0.36,87,177,97,214,135,114,70,59,380,502,2,85
1,0,1083388594,7.3,6.53,-0.22,0.6,0.14,-0.7,-0.36,87,175,97,211,134,114,73,61,379,502,1,83
1,0,1083415020,7.3,6.53,-0.22,0.6,0.14,-0.7,-0.36,86,174,100,209,138,114,72,59,379,502,1,83
1,0,1083418807,7.3,6.53,-0.22,0.6,0.14,-0.7,-0.36,85,177,100,214,137,112,71,57,379,502,1,81
1,0,1083428858,7.3,6.53,-0.22,0.6,0.14,-0.7,-0.36,87,172,102,208,135,117,70,63,380,502,1,80
1,0,1083438593,7.3,6.53,-0.22,0.6,0.14,-0.7,-0.36,86,175,105,212,133,109,67,57,379,502,2,81
1,0,1083449054,7.3,6.53,-0.22,0.6,0.14,-0.7,-0.36,85,176,101,215,137,116,70,57,380,502,2,83
1,0,1083458851,7.3,6.53,-0.22,0.6,0.14,-0.7,-0.36,85,176,103,212,134,115,68,60,380,502,1,85
1,0,1083468870,7.3,6.53,-0.22,0.6,0.14,-0.7,-0.36,89,170,101,211,136,115,70,61,379,502,2,81
1,0,1083478896,7.3,6.53,-0.22,0.6,0.14,-0.7,-0.36,85,177,102,209,134,115,71,62,379,502,1,83
1,0,1083488593,7.3,6.53,-0.22,0.6,0.14,-0.7,-0.36,86,176,99,212,137,111,67,58,379,502,2,84
1,0,1083514978,7.3,6.53,-0.22,0.6,0.14,-0.7,-0.36,86,178,104,215,139,114,72,57,378,502,1,80
1,0,1083518880,7.3,6.53,-0.22,0.6,0.14,-0.7,-0.36,89,173,97,215,139,117,69,59,380,502,1,82
1,0,1083528876,7.3,6.53,-0.22,0.6,0.14,-0.7,-0.36,88,177,96,208,131,115,70,62,380,502,1,83
1,0,1083538593,7.3,6.53,-0.22,0.6,0.14,-0.7,-0.36,88,174,102,213,134,115,69,59,378,502,1,83
1,0,1083548851,7.3,6.53,-0.22,0.6,0.14,-0.7,-0.36,85,176,103,211,137,115,74,59,380,502,2,77
1,0,1083558874,7.3,6.53,-0.22,0.6,0.14,-0.7,-0.36,87,175,99,216,138,115,70,57,379,501,1,78
1,0,1083568877,7.3,6.53,-0.22,0.6,0.14,-0.7,-0.36,94,176,98,212,136,109,74,55,380,502,1,78
1,0,1083578894,7.3,6.53,-0.22,0.6,0.14,-0.7,-0.36,90,171,101,217,137,118,71,56,379,502,1,81
1,0,1083588593,7.3,6.53,-0.22,0.6,0.14,-0.7,-0.36,87,174,102,216,136,115,70,62,379,502,2,80
1,0,1083615146,7.3,6.53,-0.22,0.6,0.14,-0.7,-0.36,87,171,97,215,137,111,71,59,379,502,1,81
1,0,1083618739,7.3,6.53,-0.22,0.6,0.14,-0.7,-0.36,86,180,99,213,133,110,70,56,379,501,2,77
1,0,1083628881,7.3,6.53,-0.22,0.6,0.14,-0.7,-0.36,84,170,97,211,137,118,67,57,379,501,2,77
1,0,1083638593,7.3,6.53,-0.22,0.6,0.14,-0.7,-0.36,88,176,97,216,138,113,68,59,378,501,1,81
1,0,1083648871,7.3,6.53,-0.22,0.6,0.14,-0.7,-0.36,84,179,98,213,136,109,67,56,379,503,2,84
1,0,1083658873,7.3,6.53,-0.22,0.6,0.14,-0.7,-0.36,88,174,101,212,137,113,68,56,380,501,2,81
1,0,1083668892,7.3,6.53,-0.22,0.6,0.14,-0.7,-0.36,88,177,100,211,135,119,72,59,380,502,2,83
1,0,1083678893,7.3,6.53,-0.22,0.6,0.14,-0.7,-0.36,88,173,103,211,135,112,71,59,380,501,1,84
1,0,1083688593,7.3,6.53,-0.22,0.6,0.14,-0.7,-0.36,89,176,103,208,133,114,74,57,379,502,2,82
1,0,1083714991,7.3,6.53,-0.22,0.6,0.14,-0.7,-0.36,92,176,100,212,140,115,71,57,380,502,1,84
1,0,1083718889,7.3,6.53,-0.22,0.6,0.14,-0.7,-0.36,87,173,101,215,135,115,70,58,381,501,1,83
1,0,1083728857,7.3,6.53,-0.22,0.6,0.14,-0.7,-0.36,89,174,100,212,137,113,70,58,379,502,1,84
1,0,1083738593,7.3,6.53,-0.22,0.6,0.14,-0.7,-0.36,84,179,100,210,137,116,71,57,380,502,2,82
1,0,1083748887,7.3,6.53,-0.22,0.6,0.14,-0.7,-0.36,88,171,103,211,137,117,71,58,379,502,1,81
1,0,1083758854,7.3,6.53,-0.22,0.6,0.14,-0.7,-0.36,84,176,99,211,134,115,67,60,380,501,2,83
1,0,1083769056,7.3,6.53,-0.22,0.6,0.14,-0.7,-0.36,93,173,99,208,137,113,71,62,380,501,2,83
1,0,1083778884,7.3,6.53,-0.22,0.6,0.14,-0.7,-0.36,86,174,104,208,137,115,67,60,379,502,2,78
1,0,1083788596,7.3,6.53,-0.22,0.6,0.14,-0.7,-0.36,91,179,102,211,137,108,74,58,379,502,2,83
1,0,1083814988,7.3,6.53,-0.22,0.6,0.14,-0.7,-0.36,91,175,100,215,137,114,71,56,379,502,1,84
1,0,1083818872,7.3,6.53,-0.22,0.6,0.14,-0.7,-0.36,87,178,100,212,135,115,68,58,380,501,2,78
1,0,1083828877,7.3,6.53,-0.22,0.6,0.14,-0.7,-0.36,86,176,99,213,139,119,70,60,380,502,2,82
1,0,1083838593,7.3,6.53,-0.22,0.6,0.14,-0.7,-0.36,88,173,100,208,138,111,74,58,379,501,2,82
1,0,1083848863,7.3,6.53,-0.22,0.6,0.14,-0.7,-0.36,85,177,98,211,138,119,71,60,379,502,2,83
1,0,1083858828,7.3,6.53,-0.22,0.6,0.14,-0.7,-0.36,85,176,100,214,141,115,67,56,380,501,1,77
1,0,1083868868,7.3,6.53,-0.22,0.6,0.14,-0.7,-0.36,84,172,99,211,132,112,70,57,380,501,2,82
1,0,1083878879,7.3,6.53,-0.22,0.6,0.14,-0.7,-0.36,88,174,100,212,137,115,72,57,380,501,2,78
1,0,1083888593,7.3,6.53,-0.22,0.6,0.14,-0.7,-0.36,86,176,101,212,139,119,70,63,379,502,1,81
1,0,1083915164,7.3,6.53,-0.22,0.6,0.14,-0.7,-0.36,93,172,100,211,140,114,70,58,378,502,2,82
1,0,1083918883,7.3,6.53,-0.22,0.6,0.14,-0.7,-0.36,86,174,96,213,137,119,71,57,380,501,1,80
1,0,1083928847,7.3,6.53,-0.22,0.6,0.14,-0.7,-0.36,93,172,101,213,139,113,70,59,380,502,2,82
1,0,1083938593,7.3,6.53,-0.22,0.6,0.14,-0.7,-0.36,86,174,99,213,137,111,72,61,379,503,1,81
1,0,1083948842,7.3,6.53,-0.22,0.6,0.14,-0.7,-0.36,91,173,99,211,137,114,70,58,380,502,1,83
1,0,1083958841,7.3,6.53,-0.22,0.6,0.14,-0.7,-0.36,92,173,101,211,135,112,75,56,378,502,2,77
1,0,1083968879,7.3,6.53,-0.22,0.6,0.14,-0.7,-0.36,84,175,101,209,136,119,73,62,380,502,1,84
1,0,1083978907,7.3,6.53,-0.22,0.6,0.14,-0.7,-0.36,92,177,98,211,138,118,74,56,379,501,1,78
1,0,1083988593,7.3,6.53,-0.22,0.6,0.14,-0.7,-0.36,87,176,102,215,137,114,70,59,379,502,2,80
1,0,1084015056,7.3,6.53,-0.22,0.6,0.14,-0.7,-0.36,86,173,97,215,136,118,72,57,380,503,1,80
1,0,1084018593,7.3,6.53,-0.22,0.6,0.14,-0.7,-0.36,84,180,97,211,138,114,70,63,379,502,1,81
1,0,1084028883,7.3,6.53,-0.22,0.6,0.14,-0.7,-0.36,88,174,97,211,137,113,70,60,379,501,1,81
1,0,1084038593,7.3,6.53,-0.22,0.6,0.14,-0.7,-0.36,87,174,103,213,137,119,74,56,379,502,2,77
1,0,1084048841,7.3,6.53,-0.22,0.6,0.14,-0.7,-0.36,85,176,102,210,141,114,70,57,379,502,2,84
1,0,1084058869,7.3,6.53,-0.22,0.6,0.14,-0.7,-0.36,85,178,101,212,134,115,69,59,380,501,2,84
1,0,1084068892,7.3,6.53,-0.22,0.6,0.14,-0.7,-0.36,86,174,100,212,135,114,72,60,380,501,2,84
1,0,1084078888,7.3,6.53,-0.22,0.6,0.14,-0.7,-0.36,89,175,103,212,135,109,75,61,379,502,2,83
1,0,1084088605,7.3,6.53,-0.22,0.6,0.14,-0.7,-0.36,88,174,103,211,138,112,68,55,380,501,1,84
1,0,1084115004,7.3,6.53,-0.22,0.6,0.14,-0.7,-0.36,92,168,101,215,137,116,67,60,380,502,1,84
1,0,1084118756,7.3,6.53,-0.22,0.6,0.14,-0.7,-0.36,85,174,100,208,136,112,70,55,381,502,2,82
1,0,1084128891,7.3,6.53,-0.22,0.6,0.14,-0.7,-0.36,86,177,99,205,137,119,70,57,380,502,2,85
1,0,1084138593,7.3,6.53,-0.22,0.6,0.14,-0.7,-0.36,87,174,101,211,141,119,68,57,380,502,1,83
1,0,1084148839,7.3,6.53,-0.22,0.6,0.14,-0.7,-0.36,84,176,101,215,139,117,71,59,379,501,2,83
1,0,1084158905,7.3,6.53,-0.22,0.6,0.14,-0.7,-0.36,88,175,101,212,136,114,71,58,380,502,2,79
1,0,1084168871,7.3,6.53,-0.22,0.6,0.14,-0.7,-0.36,92,174,101,211,135,112,74,59,381,502,2,88
1,0,1084178872,7.3,6.53,-0.22,0.6,0.14,-0.7,-0.36,88,176,102,210,138,109,75,60,379,501,2,81
1,0,1084188597,7.3,6.53,-0.22,0.6,0.14,-0.7,-0.36,88,171,100,211,136,119,72,56,380,501,2,83
1,0,1084215030,7.3,6.53,-0.22,0.6,0.14,-0.7,-0.36,93,172,102,216,137,114,67,57,380,501,2,81
1,0,1084218593,7.3,6.53,-0.22,0.6,0.14,-0.7,-0.36,90,177,99,207,139,118,67,59,379,502,1,81
1,0,1084228885,7.3,6.53,-0.22,0.6,0.14,-0.7,-0.36,86,174,99,212,137,115,75,62,379,502,2,83
1,0,1084238593,7.3,6.53,-0.22,0.6,0.14,-0.7,-0.36,92,174,101,211,137,111,70,62,379,501,2,81
