1800,1081999306,52,77,65,80,245,264,73,230,261,397,47,54,-6.32,-2.42,-7.32
1801,1082000184,52,76,62,80,245,265,73,230,261,396,47,54,-6.32,-2.42,-7.32
1802,1082001184,52,76,64,81,243,269,71,230,261,396,47,54,-6.32,-2.42,-7.32
1803,1082002184,52,75,63,79,244,264,72,230,261,399,48,55,-6.32,-2.42,-7.32
1804,1082003189,53,79,60,81,240,269,71,230,260,399,47,54,-6.32,-2.42,-7.32
1805,1082004184,52,78,60,79,242,266,71,230,261,396,47,54,-6.32,-2.42,-7.32
1806,1082007805,54,77,59,82,247,268,70,230,261,396,47,54,-6.32,-2.42,-7.32
1807,1082008623,52,73,59,79,241,265,72,230,260,396,48,54,-6.39,-2.49,-7.36
1808,1082009184,50,78,61,80,245,269,74,230,261,396,47,54,-6.39,-2.49,-7.36
1809,1082010184,50,77,58,81,244,267,71,229,260,398,47,56,-6.39,-2.49,-7.36
1810,1082011187,50,75,62,78,242,265,73,230,261,396,47,54,-6.39,-2.49,-7.36
1811,1082012184,54,79,62,80,241,268,71,230,261,396,47,54,-6.39,-2.49,-7.36
1812,1082013184,57,76,62,80,246,264,72,230,261,397,47,54,-6.39,-2.49,-7.36
1813,1082014186,53,80,60,80,242,268,71,229,258,397,47,57,-6.39,-2.49,-7.36
1814,1082015184,55,77,59,79,240,268,71,230,261,397,47,55,-6.39,-2.49,-7.36
1815,1082016190,52,76,59,81,247,269,75,231,260,396,47,55,-6.39,-2.49,-7.36
1816,1082017184,50,77,58,79,244,266,70,231,262,398,47,56,-6.39,-2.49,-7.36
1817,1082018386,56,77,59,83,241,268,78,230,263,399,47,54,-6.4,-2.43,-7.42
1818,1082019189,54,76,60,79,246,269,71,230,261,395,47,55,-6.4,-2.43,-7.42
1819,1082020184,50,80,59,82,242,269,76,230,261,395,47,54,-6.4,-2.43,-7.42
1820,1082021184,50,73,57,81,246,269,72,230,259,399,47,54,-6.4,-2.43,-7.42
1821,1082022187,52,76,58,79,246,268,73,230,261,396,47,56,-6.4,-2.43,-7.42
1822,1082023184,52,77,59,79,243,265,72,231,260,396,47,56,-6.4,-2.43,-7.42
1823,1082024184,53,74,57,80,246,268,74,230,261,398,47,57,-6.4,-2.43,-7.42
1824,1082025183,54,79,61,80,244,269,73,230,261,397,47,58,-6.4,-2.43,-7.42
1825,1082026190,52,77,59,79,245,269,73,230,260,398,47,55,-6.4,-2.43,-7.42
1826,1082027190,49,74,58,80,245,268,76,230,261,397,47,54,-6.4,-2.43,-7.42
1827,1082028391,52,76,59,84,246,266,72,230,260,397,48,56,-6.3,-2.42,-7.41
1828,1082029188,52,76,57,79,242,266,71,231,261,396,47,54,-6.3,-2.42,-7.41
1829,1082030193,51,78,61,81,241,266,74,230,261,396,48,54,-6.3,-2.42,-7.41
1830,1082031188,53,77,58,81,240,265,75,231,261,396,48,54,-6.3,-2.42,-7.41
1831,1082032188,54,75,59,80,246,264,73,230,261,397,47,56,-6.3,-2.42,-7.41
1832,1082033188,52,77,64,80,242,269,75,230,261,397,48,54,-6.3,-2.42,-7.41
1833,1082034188,50,75,60,82,246,265,75,230,261,396,48,54,-6.3,-2.42,-7.41
1834,1082035190,51,73,62,82,246,269,73,230,260,398,47,57,-6.3,-2.42,-7.41
1835,1082036188,50,76,59,82,247,266,71,230,261,396,47,54,-6.3,-2.42,-7.41
1836,1082037188,54,75,60,81,243,265,70,230,261,397,47,54,-6.3,-2.42,-7.41
1837,1082038381,51,75,60,84,245,267,72,231,261,397,48,55,-6.28,-2.47,-7.27
1838,1082039188,52,78,58,81,242,269,71,230,261,398,48,58,-6.28,-2.47,-7.27
1839,1082040189,50,76,59,78,242,265,70,230,261,396,48,55,-6.28,-2.47,-7.27
1840,1082041188,52,77,58,81,243,268,72,229,261,396,48,53,-6.28,-2.47,-7.27
1841,1082042188,51,75,59,79,244,265,73,231,261,398,48,55,-6.28,-2.47,-7.27
1842,1082043193,51,77,58,81,245,266,71,231,261,398,48,55,-6.28,-2.47,-7.27
1843,1082044188,53,76,60,82,244,265,73,230,260,397,48,55,-6.28,-2.47,-7.27
1844,1082047599,53,78,59,79,245,269,73,230,261,396,48,54,-6.28,-2.47,-7.27
1845,1082048426,54,76,62,80,247,269,71,230,259,399,48,55,-6.31,-2.5,-7.22
1846,1082048909,51,78,58,81,242,265,73,230,260,397,48,54,-6.31,-2.5,-7.22
1847,1082049394,53,73,60,79,245,267,73,230,260,397,48,54,-6.31,-2.5,-7.22
1848,1082050167,50,79,66,80,241,268,73,230,260,397,48,55,-6.31,-2.5,-7.22
1849,1082051167,51,79,59,79,247,269,71,230,260,396,48,54,-6.31,-2.5,-7.22
1850,1082052184,54,77,58,79,244,266,72,230,261,397,48,54,-6.31,-2.5,-7.22
1851,1082053184,51,73,59,80,240,269,73,230,261,398,47,55,-6.31,-2.5,-7.22
1852,1082056758,53,77,61,81,246,264,72,230,261,396,47,54,-6.31,-2.5,-7.22
1853,1082058554,51,78,59,84,242,269,70,230,260,396,47,54,-6.17,-2.39,-7.18
1854,1082059048,50,75,59,84,246,269,72,230,261,397,47,55,-6.17,-2.39,-7.18
1855,1082059536,53,74,59,79,246,269,70,230,261,396,48,54,-6.17,-2.39,-7.18
1856,1082060172,56,79,58,79,247,268,73,230,260,396,47,54,-6.17,-2.39,-7.18
1857,1082061172,50,77,60,79,245,266,71,230,259,396,48,54,-6.17,-2.39,-7.18
1858,1082062188,53,77,60,80,244,268,72,230,261,396,47,55,-6.17,-2.39,-7.18
1859,1082063171,51,77,62,79,245,269,73,230,261,398,47,54,-6.17,-2.39,-7.18
1860,1082064171,52,79,60,82,245,268,72,230,260,395,48,54,-6.17,-2.39,-7.18
1861,1082065172,53,77,59,80,247,265,70,230,260,396,48,54,-6.17,-2.39,-7.18
1862,1082066188,52,77,60,82,245,264,68,230,259,397,47,54,-6.17,-2.39,-7.18
1863,1082067172,51,76,61,81,247,265,71,230,260,397,47,55,-6.17,-2.39,-7.18
1864,1082068464,52,77,60,81,247,266,70,230,261,399,48,54,-6.21,-2.36,-7.05
1865,1082069172,50,79,60,80,247,269,73,230,260,396,48,54,-6.21,-2.36,-7.05
1866,1082070171,50,82,58,82,246,269,71,230,261,398,48,54,-6.21,-2.36,-7.05
1867,1082071188,54,76,66,79,246,266,71,230,261,396,47,54,-6.21,-2.36,-7.05
1868,1082072172,51,79,61,81,247,267,71,230,260,398,48,54,-6.21,-2.36,-7.05
1869,1082073172,51,81,66,79,247,269,71,230,260,399,48,54,-6.21,-2.36,-7.05
1870,1082076801,55,75,59,80,242,269,70,230,261,397,47,54,-6.21,-2.36,-7.05
1871,1082078391,52,72,60,79,245,266,70,230,261,397,48,55,-6.26,-2.32,-7.05
1872,1082078896,52,77,59,80,246,265,71,230,261,397,47,55,-6.26,-2.32,-7.05
1873,1082079405,58,79,60,80,246,267,69,230,259,397,48,54,-6.26,-2.32,-7.05
1874,1082080172,57,77,59,78,247,268,72,230,261,396,48,54,-6.26,-2.32,-7.05
1875,1082081179,55,78,60,81,245,264,72,230,261,398,48,54,-6.26,-2.32,-7.05
1876,1082082173,50,79,62,80,247,264,72,230,260,396,48,54,-6.26,-2.32,-7.05
1877,1082083172,54,79,59,81,247,267,72,230,261,397,47,55,-6.26,-2.32,-7.05
1878,1082085338,49,77,64,81,244,269,73,230,260,398,48,54,-6.26,-2.32,-7.05
1879,1082088069,56,74,60,81,240,265,70,231,261,399,48,55,-6.26,-2.32,-7.05
1880,1082088574,51,77,58,78,243,264,71,230,260,396,47,55,-6.27,-2.42,-7.08
1881,1082089172,50,75,60,80,247,269,70,230,261,399,48,54,-6.27,-2.42,-7.08
1882,1082090188,50,78,58,81,244,264,71,230,261,397,47,54,-6.27,-2.42,-7.08
1883,1082091172,50,78,58,80,246,269,70,230,260,398,47,53,-6.27,-2.42,-7.08
1884,1082092172,51,77,62,80,241,265,72,230,261,397,47,53,-6.27,-2.42,-7.08
1885,1082093189,53,73,64,80,244,267,71,230,259,396,48,54,-6.27,-2.42,-7.08
1886,1082095112,50,75,59,81,245,269,72,230,261,397,48,54,-6.27,-2.42,-7.08
1887,1082097999,53,73,61,80,244,269,70,230,260,397,47,54,-6.27,-2.42,-7.08
1888,1082098488,51,79,64,81,247,266,71,230,260,398,47,55,-6.22,-2.42,-7.3
1889,1082099188,51,79,60,81,247,269,68,230,259,398,48,54,-6.22,-2.42,-7.3
1890,1082100171,53,75,59,81,246,264,70,230,260,398,47,55,-6.22,-2.42,-7.3
1891,1082101172,49,78,66,81,246,269,69,230,260,396,47,55,-6.22,-2.42,-7.3
1892,1082102188,54,76,58,81,240,269,74,230,261,396,48,54,-6.22,-2.42,-7.3
1893,1082103177,50,78,66,79,247,269,71,230,260,396,48,54,-6.22,-2.42,-7.3
1894,1082106788,52,79,58,83,243,269,71,230,261,399,47,54,-6.22,-2.42,-7.3
1895,1082108562,50,77,58,80,241,268,70,230,261,398,48,55,-6.2,-2.44,-7.39
1896,1082109050,51,75,61,80,241,268,71,230,260,397,47,54,-6.2,-2.44,-7.39
1897,1082109538,52,78,59,80,241,268,68,230,260,398,48,53,-6.2,-2.44,-7.39
1898,1082110171,50,77,66,80,247,265,71,230,261,397,48,53,-6.2,-2.44,-7.39
1899,1082111172,50,78,59,81,241,268,70,230,260,396,48,54,-6.2,-2.44,-7.39
1900,1082112171,50,77,60,80,246,264,71,230,260,398,48,54,-6.2,-2.44,-7.39
1901,1082113188,50,76,59,80,247,268,71,230,261,397,48,55,-6.2,-2.44,-7.39
1902,1082114188,54,76,59,79,245,266,71,230,261,398,48,55,-6.2,-2.44,-7.39
1903,1082115172,51,82,58,80,242,269,73,230,261,399,47,53,-6.2,-2.44,-7.39
1904,1082116172,55,76,58,79,247,268,68,230,260,397,47,53,-6.2,-2.44,-7.39
1905,1082117191,54,76,60,79,247,269,72,230,260,397,48,54,-6.2,-2.44,-7.39
1906,1082118337,50,78,59,80,246,268,70,230,261,398,48,55,-6.2,-2.44,-7.39
1907,1082119188,55,76,58,82,247,267,69,230,261,397,48,55,-6.18,-2.42,-7.4
1908,1082120172,53,77,66,83,247,265,71,230,261,398,48,54,-6.18,-2.42,-7.4
1909,1082121172,51,82,59,82,245,267,68,230,261,397,47,54,-6.18,-2.42,-7.4
1910,1082122188,52,76,61,80,247,269,71,230,260,397,48,54,-6.18,-2.42,-7.4
1911,1082123171,52,79,59,81,247,268,69,230,261,398,47,53,-6.18,-2.42,-7.4
1912,1082124172,51,81,65,81,245,265,70,230,259,396,48,55,-6.18,-2.42,-7.4
1913,1082125188,50,77,60,82,246,269,73,229,261,397,48,54,-6.18,-2.42,-7.4
1914,1082126171,50,77,59,80,246,264,71,230,260,398,48,54,-6.18,-2.42,-7.4
1915,1082127172,54,77,59,80,244,269,69,231,261,397,47,54,-6.18,-2.42,-7.4
1916,1082128318,50,74,59,80,246,268,70,230,261,398,48,55,-6.18,-2.42,-7.4
1917,1082129172,50,79,62,81,241,267,71,231,261,398,48,54,-6.21,-2.37,-7.13
1918,1082130178,50,82,59,79,247,268,69,230,260,398,48,55,-6.21,-2.37,-7.13
1919,1082131172,52,79,62,81,243,269,69,231,261,397,47,54,-6.21,-2.37,-7.13
1920,1082132189,53,80,58,82,247,264,71,230,261,398,47,55,-6.21,-2.37,-7.13
1921,1082133177,51,81,59,80,241,267,71,230,261,396,48,54,-6.21,-2.37,-7.13
1922,1082134174,52,79,66,82,246,264,70,230,261,398,47,54,-6.21,-2.37,-7.13
1923,1082135188,51,79,59,80,241,265,73,230,261,398,48,55,-6.21,-2.37,-7.13
1924,1082136175,52,79,60,79,247,269,69,231,259,397,47,55,-6.21,-2.37,-7.13
1925,1082137188,50,79,57,80,241,269,71,230,260,396,48,54,-6.21,-2.37,-7.13
1926,1082138325,52,75,58,83,245,269,70,230,260,398,48,55,-6.14,-2.37,-7.05
1927,1082139173,52,79,59,80,247,264,72,231,261,397,47,55,-6.14,-2.37,-7.05
1928,1082140171,51,79,65,81,244,266,72,230,261,398,48,54,-6.14,-2.37,-7.05
1929,1082141178,52,81,64,81,242,264,72,230,259,396,48,54,-6.14,-2.37,-7.05
1930,1082142172,52,79,66,83,244,264,72,231,261,397,48,54,-6.14,-2.37,-7.05
1931,1082143171,51,76,60,80,247,265,73,230,261,397,48,55,-6.14,-2.37,-7.05
1932,1082144171,51,81,66,80,247,264,71,231,261,398,48,54,-6.14,-2.37,-7.05
1933,1082147465,52,75,59,80,241,268,72,231,261,397,48,54,-6.14,-2.37,-7.05
1934,1082148336,52,77,65,81,241,268,73,230,261,397,48,55,-6.16,-2.38,-6.99
1935,1082148840,52,78,63,81,245,267,71,230,260,397,47,55,-6.16,-2.38,-6.99
1936,1082149345,52,75,60,80,247,268,71,230,261,396,48,55,-6.16,-2.38,-6.99
1937,1082150172,51,78,66,81,247,269,70,231,261,398,48,54,-6.16,-2.38,-6.99
1938,1082151172,51,78,63,81,245,268,71,230,261,397,47,54,-6.16,-2.38,-6.99
1939,1082152171,53,77,65,79,247,269,70,230,260,397,47,55,-6.16,-2.38,-6.99
1940,1082155358,55,76,60,80,247,264,70,230,261,396,48,54,-6.16,-2.38,-6.99
1941,1082158264,55,70,58,84,247,269,73,231,260,398,48,54,-6.16,-2.38,-6.99
1942,1082158769,51,78,60,80,246,269,71,230,260,397,48,54,-6.27,-2.38,-6.95
1943,1082159274,53,78,61,81,246,267,71,231,260,399,48,53,-6.27,-2.38,-6.95
1944,1082160174,50,79,59,80,246,268,73,230,261,397,48,56,-6.27,-2.38,-6.95
1945,1082161172,53,77,59,80,245,267,72,230,260,398,48,54,-6.27,-2.38,-6.95
1946,1082162188,51,76,59,82,247,269,71,231,261,397,48,54,-6.27,-2.38,-6.95
1947,1082163174,52,78,66,82,245,267,69,231,261,397,47,53,-6.27,-2.38,-6.95
1948,1082164171,54,79,59,80,245,264,71,231,260,398,47,54,-6.27,-2.38,-6.95
1949,1082165188,51,79,62,81,246,266,72,230,261,396,47,54,-6.27,-2.38,-6.95
1950,1082166183,50,82,59,80,246,269,72,231,261,398,47,54,-6.27,-2.38,-6.95
1951,1082167188,54,76,58,80,245,269,70,230,261,396,46,55,-6.27,-2.38,-6.95
1952,1082168315,52,81,60,82,247,267,73,230,261,397,47,55,-6.2,-2.38,-7.16
1953,1082169172,50,82,58,79,247,268,72,231,260,396,46,54,-6.2,-2.38,-7.16
1954,1082170188,52,79,60,79,246,265,71,230,261,396,46,54,-6.2,-2.38,-7.16
1955,1082171171,55,78,60,81,247,269,72,231,260,398,46,55,-6.2,-2.38,-7.16
1956,1082172171,49,76,61,84,244,268,72,230,260,398,46,54,-6.2,-2.38,-7.16
1957,1082173189,53,75,58,82,247,268,71,230,261,396,47,54,-6.2,-2.38,-7.16
1958,1082174171,52,78,59,80,247,264,73,231,260,397,47,55,-6.2,-2.38,-7.16
1959,1082175172,50,79,64,80,246,264,73,230,260,398,46,55,-6.2,-2.38,-7.16
1960,1082176188,51,76,59,81,246,269,69,230,260,398,46,55,-6.2,-2.38,-7.16
1961,1082177188,53,79,61,85,241,269,72,230,259,396,46,54,-6.2,-2.38,-7.16
1962,1082178310,55,79,58,80,245,269,70,230,261,396,46,54,-6.18,-2.38,-7.16
1963,1082179189,51,74,61,79,247,269,69,230,261,397,46,54,-6.18,-2.38,-7.16
1964,1082180172,51,76,66,81,247,267,71,230,259,398,46,55,-6.18,-2.38,-7.16
1965,1082181189,53,74,58,81,243,268,72,230,261,396,46,55,-6.18,-2.38,-7.16
1966,1082182171,51,76,64,80,246,264,70,230,260,397,47,54,-6.18,-2.38,-7.16
1967,1082183172,50,77,66,80,247,269,71,230,261,396,46,54,-6.18,-2.38,-7.16
1968,1082184188,53,76,59,83,241,268,70,230,260,396,46,55,-6.18,-2.38,-7.16
1969,1082185172,50,79,60,80,245,265,68,230,260,396,47,54,-6.18,-2.38,-7.16
1970,1082186172,50,82,59,81,246,268,71,230,261,396,47,53,-6.18,-2.38,-7.16
1971,1082188297,49,82,58,81,247,267,74,230,259,396,46,54,-6.2,-2.41,-7.11
1972,1082188785,52,77,59,78,245,269,72,230,260,397,47,55,-6.2,-2.41,-7.11
1973,1082189273,54,75,61,80,247,269,71,230,261,396,47,54,-6.2,-2.41,-7.11
1974,1082190172,50,78,60,82,242,267,71,229,261,397,47,54,-6.2,-2.41,-7.11
1975,1082191172,57,77,66,82,245,269,74,230,260,396,47,54,-6.2,-2.41,-7.11
1976,1082192188,54,76,59,81,247,269,69,230,261,397,47,54,-6.2,-2.41,-7.11
1977,1082193172,51,78,63,79,242,266,68,230,260,397,47,55,-6.2,-2.41,-7.11
1978,1082196542,55,77,57,79,245,265,72,230,260,397,47,58,-6.2,-2.41,-7.11
1979,1082198348,55,73,64,80,244,265,71,230,259,396,47,54,-6.18,-2.4,-7.14
1980,1082198836,52,78,59,81,247,267,69,230,260,397,47,54,-6.18,-2.4,-7.14
1981,1082199324,51,75,59,82,243,266,71,230,260,396,47,54,-6.18,-2.4,-7.14
1982,1082200172,49,77,59,84,246,268,70,230,261,395,47,55,-6.18,-2.4,-7.14
1983,1082201171,53,80,58,82,247,264,72,230,259,397,47,55,-6.18,-2.4,-7.14
1984,1082202172,52,76,59,81,244,265,71,230,260,396,47,56,-6.18,-2.4,-7.14
1985,1082203171,52,75,61,82,244,265,70,230,260,396,47,58,-6.18,-2.4,-7.14
1986,1082206602,52,77,59,85,243,268,70,230,261,398,47,54,-6.18,-2.4,-7.14
1987,1082208399,50,78,66,80,247,264,71,230,261,397,47,54,-6.14,-2.42,-7.12
1988,1082208887,53,79,64,79,245,267,71,230,260,395,47,55,-6.14,-2.42,-7.12
1989,1082209375,53,76,59,81,246,269,70,230,260,398,48,54,-6.14,-2.42,-7.12
1990,1082210172,52,77,59,81,240,266,69,230,259,398,47,54,-6.14,-2.42,-7.12
1991,1082211172,53,76,59,80,246,266,72,229,256,395,47,56,-6.14,-2.42,-7.12
1992,1082212171,54,78,58,79,245,269,73,231,259,397,47,59,-6.14,-2.42,-7.12
1993,1082213172,50,81,65,80,247,269,72,230,260,397,48,54,-6.14,-2.42,-7.12
1994,1082214172,55,78,62,81,247,267,72,231,261,397,48,54,-6.14,-2.42,-7.12
1995,1082215172,51,76,62,80,246,264,70,230,260,397,47,56,-6.14,-2.42,-7.12
1996,1082216171,50,77,66,81,247,265,71,230,261,398,48,54,-6.14,-2.42,-7.12
1997,1082217178,54,82,59,82,247,265,71,230,260,397,47,54,-6.14,-2.42,-7.12
1998,1082218277,52,76,59,79,244,267,70,231,260,397,47,56,-6.14,-2.42,-7.12
1999,1082219171,54,78,60,77,243,269,69,231,261,397,47,56,-6.13,-2.44,-7.12
2000,1082220171,54,78,59,81,244,267,71,230,260,398,47,54,-6.13,-2.44,-7.12
2001,1082221172,54,78,63,80,244,264,70,230,260,396,48,55,-6.13,-2.44,-7.12
2002,1082222172,52,76,60,80,245,264,71,230,260,398,48,56,-6.13,-2.44,-7.12
2003,1082223172,51,77,66,81,241,267,70,230,261,396,47,54,-6.13,-2.44,-7.12
2004,1082224172,49,82,60,80,242,265,70,230,260,399,48,54,-6.13,-2.44,-7.12
2005,1082225171,51,74,58,77,241,268,74,230,260,396,47,55,-6.13,-2.44,-7.12
2006,1082226171,55,77,60,79,242,269,72,230,260,395,47,57,-6.13,-2.44,-7.12
2007,1082227172,52,78,61,79,247,267,70,230,259,396,47,54,-6.13,-2.44,-7.12
2008,1082228272,53,78,59,80,247,268,70,230,260,398,48,54,-6.13,-2.44,-7.12
2009,1082229171,54,80,60,80,241,269,70,230,260,396,48,56,-6.15,-2.46,-7.05
2010,1082230172,55,79,63,81,247,268,70,230,260,398,48,55,-6.15,-2.46,-7.05
2011,1082231172,52,76,60,81,245,269,72,230,260,397,48,54,-6.15,-2.46,-7.05
2012,1082232171,50,79,61,79,244,269,71,230,259,396,48,54,-6.15,-2.46,-7.05
2013,1082233172,52,78,59,79,246,269,71,230,260,398,48,56,-6.15,-2.46,-7.05
2014,1082234172,51,76,66,79,245,265,70,230,259,398,47,55,-6.15,-2.46,-7.05
2015,1082235171,53,77,66,80,245,267,72,230,260,398,47,53,-6.15,-2.46,-7.05
2016,1082236172,53,77,61,78,242,268,73,231,259,398,48,59,-6.15,-2.46,-7.05
2017,1082237172,52,80,60,81,245,267,74,230,261,398,47,54,-6.15,-2.46,-7.05
2018,1082238267,56,77,65,79,244,268,70,230,259,396,48,54,-6.15,-2.46,-7.05
2019,1082239172,51,79,58,81,245,267,70,230,261,396,47,54,-6.18,-2.51,-6.84
2020,1082240171,51,77,63,77,243,266,71,231,260,397,48,59,-6.18,-2.51,-6.84
2021,1082241171,50,79,60,80,245,268,71,230,260,397,48,54,-6.18,-2.51,-6.84
2022,1082242172,50,82,60,80,247,267,72,230,261,398,48,53,-6.18,-2.51,-6.84
2023,1082243172,52,75,59,78,247,267,72,230,260,397,47,54,-6.18,-2.51,-6.84
2024,1082244172,52,78,61,78,241,269,73,231,260,398,47,56,-6.18,-2.51,-6.84
2025,1082245172,55,74,64,80,243,270,73,231,260,396,48,57,-6.18,-2.51,-6.84
2026,1082248038,52,76,60,79,242,268,72,230,258,398,46,56,-6.18,-2.51,-6.84
2027,1082248526,53,77,59,81,246,268,70,230,260,399,47,54,-6.18,-2.46,-6.98
2028,1082249171,53,75,60,79,243,268,71,230,259,397,47,55,-6.18,-2.46,-6.98
2029,1082250172,52,79,60,81,240,269,72,230,261,398,47,54,-6.18,-2.46,-6.98
2030,1082251171,54,77,66,80,241,268,71,231,260,397,47,54,-6.18,-2.46,-6.98
2031,1082252171,51,78,62,78,242,266,71,230,259,397,46,57,-6.18,-2.46,-6.98
2032,1082253171,52,78,66,81,243,268,70,229,260,400,47,54,-6.18,-2.46,-6.98
2033,1082256342,55,79,66,80,247,269,70,230,260,398,46,54,-6.18,-2.46,-6.98
2034,1082258280,52,76,60,80,246,268,71,230,260,397,47,54,-6.18,-2.46,-6.98
2035,1082258768,52,79,59,79,247,268,68,230,261,396,46,55,-6.16,-2.42,-7.04
2036,1082259256,52,79,58,78,242,267,71,230,259,398,46,54,-6.16,-2.42,-7.04
2037,1082260176,50,78,64,81,241,269,71,230,260,397,46,54,-6.16,-2.42,-7.04
2038,1082261172,53,81,59,80,245,268,71,230,260,400,46,55,-6.16,-2.42,-7.04
2039,1082262171,51,74,60,80,245,269,70,231,261,396,46,54,-6.16,-2.42,-7.04
2040,1082263175,50,76,63,79,241,269,71,230,261,397,47,55,-6.16,-2.42,-7.04
2041,1082264172,50,79,58,79,245,269,71,230,261,399,47,54,-6.16,-2.42,-7.04
2042,1082265172,54,78,62,79,240,269,74,229,260,398,47,57,-6.16,-2.42,-7.04
2043,1082266173,50,78,59,78,247,264,70,230,260,397,46,54,-6.16,-2.42,-7.04
2044,1082267175,51,80,60,78,246,269,71,230,261,397,46,54,-6.16,-2.42,-7.04
2045,1082268376,52,79,57,76,245,265,73,231,259,399,47,58,-6.15,-2.44,-7.12
2046,1082269171,52,80,60,78,242,264,69,230,260,397,46,55,-6.15,-2.44,-7.12
2047,1082270173,51,82,58,78,247,269,70,231,261,397,46,54,-6.15,-2.44,-7.12
2048,1082271172,56,77,61,80,247,269,69,230,260,397,46,55,-6.15,-2.44,-7.12
2049,1082272177,53,78,62,79,245,269,68,230,260,399,47,57,-6.15,-2.44,-7.12
2050,1082273172,50,77,66,79,244,266,71,230,261,398,46,53,-6.15,-2.44,-7.12
2051,1082276554,51,77,62,83,242,269,72,230,261,398,47,54,-6.15,-2.44,-7.12
2052,1082278132,52,77,58,79,247,269,71,230,260,396,47,54,-6.11,-2.4,-7.16
2053,1082278627,54,77,62,81,241,269,71,231,260,398,47,55,-6.11,-2.4,-7.16
2054,1082279172,52,79,58,81,243,264,71,230,260,396,47,54,-6.11,-2.4,-7.16
2055,1082280172,51,78,61,78,244,268,70,230,259,398,47,55,-6.11,-2.4,-7.16
2056,1082281171,53,77,63,85,245,268,71,229,260,397,47,57,-6.11,-2.4,-7.16
2057,1082282171,50,81,66,79,247,269,71,230,261,399,47,53,-6.11,-2.4,-7.16
2058,1082283172,51,79,65,82,246,269,71,230,259,397,47,54,-6.11,-2.4,-7.16
2059,1082286766,53,78,64,82,242,263,73,231,260,399,47,57,-6.11,-2.4,-7.16
2060,1082288187,53,77,64,82,246,268,72,230,260,396,48,54,-6.09,-2.4,-7.06
2061,1082288676,53,78,59,83,244,265,71,231,261,396,47,55,-6.09,-2.4,-7.06
2062,1082289172,50,78,60,78,247,265,70,230,260,397,47,53,-6.09,-2.4,-7.06
2063,1082290172,54,81,59,81,246,269,74,230,261,396,47,54,-6.09,-2.4,-7.06
2064,1082291172,55,78,59,84,247,269,71,230,261,398,47,54,-6.09,-2.4,-7.06
2065,1082292172,52,77,58,79,246,265,73,230,260,399,47,56,-6.09,-2.4,-7.06
2066,1082293172,50,77,60,84,246,269,72,231,259,396,47,54,-6.09,-2.4,-7.06
2067,1082296343,54,80,58,80,247,268,72,230,260,396,48,54,-6.09,-2.4,-7.06
2068,1082298094,51,76,63,81,245,269,71,230,261,396,47,53,-6.09,-2.4,-7.06
2069,1082298582,52,80,59,80,246,268,71,231,261,396,47,55,-6.17,-2.44,-7.04
2070,1082299173,52,78,59,80,245,264,73,230,260,398,47,54,-6.17,-2.44,-7.04
2071,1082300172,53,81,58,81,242,269,71,229,260,397,47,56,-6.17,-2.44,-7.04
2072,1082301171,56,80,61,82,242,269,72,230,260,397,47,57,-6.17,-2.44,-7.04
2073,1082302171,50,78,62,79,246,269,72,230,260,396,47,54,-6.17,-2.44,-7.04
2074,1082303178,51,77,59,81,245,269,71,230,261,398,47,54,-6.17,-2.44,-7.04
2075,1082306432,54,78,57,79,244,265,73,230,262,399,47,58,-6.17,-2.44,-7.04
2076,1082308397,53,80,58,82,246,265,74,230,260,398,47,54,-6.17,-2.44,-7.04
2077,1082308885,51,77,64,82,245,268,73,231,261,398,48,54,-6.23,-2.45,-7.01
2078,1082309372,54,77,61,81,245,269,73,230,260,397,48,54,-6.23,-2.45,-7.01
2079,1082310172,51,79,62,80,247,264,73,230,261,398,48,54,-6.23,-2.45,-7.01
2080,1082311172,52,80,57,81,244,268,74,231,261,398,47,54,-6.23,-2.45,-7.01
2081,1082312171,51,77,59,81,245,266,71,229,260,397,48,56,-6.23,-2.45,-7.01
2082,1082313171,55,77,62,81,244,266,72,229,258,395,47,56,-6.23,-2.45,-7.01
2083,1082314172,50,78,59,82,246,268,73,231,261,397,48,54,-6.23,-2.45,-7.01
2084,1082315172,50,77,59,80,247,269,71,230,261,397,48,54,-6.23,-2.45,-7.01
2085,1082316172,53,77,61,80,246,267,74,230,260,400,48,56,-6.23,-2.45,-7.01
2086,1082317171,53,78,59,81,246,269,74,230,260,398,48,53,-6.23,-2.45,-7.01
2087,1082318234,54,77,66,81,247,269,74,230,261,398,48,54,-6.23,-2.45,-7.01
2088,1082319171,52,76,64,80,245,267,73,231,259,398,47,54,-6.2,-2.41,-7.07
2089,1082320172,53,79,58,80,243,263,72,231,260,398,48,59,-6.2,-2.41,-7.07
2090,1082321172,51,78,60,78,245,269,72,230,259,396,47,55,-6.2,-2.41,-7.07
2091,1082322171,51,82,58,81,247,268,74,230,259,397,48,54,-6.2,-2.41,-7.07
2092,1082323172,51,78,66,80,245,265,73,230,261,397,47,55,-6.2,-2.41,-7.07
2093,1082324172,51,77,58,81,246,265,74,230,260,397,48,56,-6.2,-2.41,-7.07
2094,1082325172,55,81,63,81,247,265,74,230,261,397,48,54,-6.2,-2.41,-7.07
2095,1082326171,52,77,59,82,245,265,73,230,261,398,48,54,-6.2,-2.41,-7.07
2096,1082327171,50,76,58,81,246,265,71,230,260,397,47,56,-6.2,-2.41,-7.07
2097,1082328229,55,80,58,81,244,266,74,230,261,397,48,54,-6.2,-2.41,-7.07
2098,1082329167,51,76,62,80,244,268,74,230,261,396,47,54,-6.2,-2.43,-7.05
2099,1082330167,54,75,59,83,246,265,74,230,259,397,47,54,-6.2,-2.43,-7.05
2100,1082331168,54,79,59,83,243,265,73,230,260,397,47,56,-6.2,-2.43,-7.05
2101,1082332168,56,74,58,80,245,265,73,230,259,400,48,58,-6.2,-2.43,-7.05
2102,1082333166,52,78,58,79,245,263,74,230,260,398,47,54,-6.2,-2.43,-7.05
2103,1082334167,53,75,60,81,242,267,78,230,260,395,47,53,-6.2,-2.43,-7.05
2104,1082335167,52,79,63,80,245,269,74,230,261,397,47,53,-6.2,-2.43,-7.05
2105,1082336167,50,77,60,81,247,265,73,231,261,397,47,54,-6.2,-2.43,-7.05
2106,1082337167,50,78,58,81,247,268,76,230,261,396,47,56,-6.2,-2.43,-7.05
2107,1082338219,52,76,60,83,241,268,71,230,260,399,48,55,-6.2,-2.43,-7.05
2108,1082339167,50,77,60,83,245,266,75,230,260,396,47,54,-6.18,-2.43,-6.99
2109,1082340167,51,77,60,80,245,269,72,230,260,397,47,54,-6.18,-2.43,-6.99
2110,1082341167,50,78,63,80,247,264,75,230,261,397,47,54,-6.18,-2.43,-6.99
2111,1082342168,50,81,58,82,246,270,72,230,259,395,47,56,-6.18,-2.43,-6.99
2112,1082343167,53,80,64,83,243,269,76,230,261,396,47,54,-6.18,-2.43,-6.99
2113,1082344168,52,77,64,81,247,267,73,230,261,398,47,54,-6.18,-2.43,-6.99
2114,1082345167,53,79,61,82,244,269,73,229,258,397,47,57,-6.18,-2.43,-6.99
2115,1082348071,53,78,59,81,245,269,73,230,261,396,47,54,-6.18,-2.43,-6.99
2116,1082348555,52,75,59,80,245,266,74,230,261,397,47,54,-6.16,-2.47,-6.99
2117,1082349168,55,77,62,81,247,268,74,230,259,399,47,53,-6.16,-2.47,-6.99
2118,1082350168,52,78,60,81,245,269,74,230,260,397,47,54,-6.16,-2.47,-6.99
2119,1082351167,51,76,66,80,247,266,74,230,261,396,47,55,-6.16,-2.47,-6.99
2120,1082352168,53,77,61,81,243,264,73,230,260,399,47,59,-6.16,-2.47,-6.99
2121,1082353168,51,78,59,81,246,269,76,231,261,397,47,54,-6.16,-2.47,-6.99
2122,1082356765,57,78,62,81,245,265,75,230,260,397,47,54,-6.16,-2.47,-6.99
2123,1082358351,51,73,62,80,245,269,72,230,260,397,47,54,-6.18,-2.53,-7.03
2124,1082358836,51,78,61,82,245,269,74,230,260,397,47,54,-6.18,-2.53,-7.03
2125,1082359319,53,77,57,82,247,266,76,231,260,395,47,54,-6.18,-2.53,-7.03
2126,1082360174,49,79,62,83,245,269,72,230,261,398,47,54,-6.18,-2.53,-7.03
2127,1082361169,52,76,60,82,242,268,73,230,260,397,46,56,-6.18,-2.53,-7.03
2128,1082362168,51,77,65,83,247,268,73,230,259,398,47,54,-6.18,-2.53,-7.03
2129,1082363167,51,77,58,81,247,268,69,230,261,396,47,53,-6.18,-2.53,-7.03
2130,1082364170,55,76,59,81,246,268,73,230,259,396,46,54,-6.18,-2.53,-7.03
2131,1082365166,53,76,59,80,244,265,77,230,260,396,47,55,-6.18,-2.53,-7.03
2132,1082366167,52,78,60,84,246,267,73,230,260,396,47,55,-6.18,-2.53,-7.03
2133,1082367167,49,79,66,83,247,265,73,230,261,397,47,55,-6.18,-2.53,-7.03
2134,1082368217,51,79,59,83,243,264,72,229,260,396,47,56,-6.19,-2.53,-7.07
2135,1082369168,52,77,58,82,245,269,73,230,261,398,47,55,-6.19,-2.53,-7.07
2136,1082370167,54,79,60,83,244,268,73,230,260,397,47,53,-6.19,-2.53,-7.07
2137,1082371167,52,78,62,83,247,265,73,230,261,397,47,54,-6.19,-2.53,-7.07
2138,1082372167,51,78,59,85,240,266,72,230,260,397,46,57,-6.19,-2.53,-7.07
2139,1082373166,49,80,65,82,247,265,72,230,261,396,47,54,-6.19,-2.53,-7.07
2140,1082374168,54,79,59,82,247,266,75,230,261,399,47,54,-6.19,-2.53,-7.07
2141,1082375167,52,79,60,81,241,268,74,231,260,398,46,56,-6.19,-2.53,-7.07
2142,1082376167,52,79,59,83,245,266,75,230,260,396,47,54,-6.19,-2.53,-7.07
2143,1082377167,55,78,60,82,245,265,73,230,260,398,47,53,-6.19,-2.53,-7.07
2144,1082378213,55,76,62,85,243,267,74,230,261,396,47,54,-6.15,-2.55,-7.14
2145,1082379167,51,79,63,81,246,265,74,230,260,397,47,56,-6.15,-2.55,-7.14
2146,1082380168,50,79,66,82,247,264,75,231,260,397,47,55,-6.15,-2.55,-7.14
2147,1082381167,50,80,59,81,246,269,73,231,260,398,47,54,-6.15,-2.55,-7.14
2148,1082382168,49,82,60,81,245,269,76,231,261,396,47,54,-6.15,-2.55,-7.14
2149,1082383167,53,77,58,82,242,269,74,230,261,397,47,55,-6.15,-2.55,-7.14
2150,1082384167,51,76,65,84,244,267,73,230,260,397,47,53,-6.15,-2.55,-7.14
2151,1082385167,54,78,61,81,247,267,74,230,261,398,47,55,-6.15,-2.55,-7.14
2152,1082386167,52,78,60,82,246,269,74,230,260,396,47,55,-6.15,-2.55,-7.14
2153,1082387166,55,76,60,81,243,266,71,231,261,396,46,56,-6.15,-2.55,-7.14
2154,1082388208,52,80,58,81,247,269,74,230,260,397,47,54,-6.17,-2.55,-7.05
2155,1082389171,50,82,58,82,247,265,72,230,259,398,47,54,-6.17,-2.55,-7.05
2156,1082390172,56,76,59,80,241,267,72,231,260,396,47,58,-6.17,-2.55,-7.05
2157,1082391172,51,77,60,82,247,268,72,231,261,398,47,54,-6.17,-2.55,-7.05
2158,1082392172,51,79,58,81,243,269,75,230,260,397,47,54,-6.17,-2.55,-7.05
2159,1082393172,52,78,66,82,244,266,73,230,261,397,47,54,-6.17,-2.55,-7.05
2160,1082394172,51,76,60,81,244,268,74,230,260,398,47,55,-6.17,-2.55,-7.05
2161,1082397562,51,79,64,81,244,267,75,230,261,398,47,54,-6.17,-2.55,-7.05
2162,1082398396,52,72,62,81,241,265,73,230,260,397,47,54,-6.28,-2.4,-7.15
2163,1082398883,53,78,61,85,247,267,75,230,260,398,48,54,-6.28,-2.4,-7.15
2164,1082399371,51,76,63,82,247,268,74,230,260,397,48,53,-6.28,-2.4,-7.15
2165,1082400172,51,78,64,82,243,266,74,230,261,398,48,54,-6.28,-2.4,-7.15
2166,1082401172,51,77,60,82,247,269,69,230,261,397,47,54,-6.28,-2.4,-7.15
2167,1082402171,52,79,60,82,245,268,73,230,261,397,47,56,-6.28,-2.4,-7.15
2168,1082403177,54,78,58,82,247,269,72,230,260,397,47,55,-6.28,-2.4,-7.15
2169,1082406608,50,80,59,83,246,268,74,230,261,397,48,54,-6.28,-2.4,-7.15
2170,1082408373,52,74,64,82,240,267,74,230,261,397,48,54,-6.23,-2.37,-7.18
2171,1082408860,51,77,64,85,244,267,73,231,260,396,47,54,-6.23,-2.37,-7.18
2172,1082409348,52,77,61,82,247,267,71,231,260,397,47,54,-6.23,-2.37,-7.18
2173,1082410172,56,77,66,81,241,268,72,230,259,396,47,55,-6.23,-2.37,-7.18
2174,1082411172,50,76,59,81,244,267,72,230,262,399,47,58,-6.23,-2.37,-7.18
2175,1082412171,52,76,62,82,244,265,72,232,261,399,47,54,-6.23,-2.37,-7.18
2176,1082413172,54,76,65,83,243,270,70,230,259,397,48,56,-6.23,-2.37,-7.18
2177,1082414171,51,81,60,81,245,269,75,230,259,396,47,59,-6.23,-2.37,-7.18
2178,1082415171,50,80,65,82,246,269,72,230,260,396,48,56,-6.23,-2.37,-7.18
2179,1082416172,53,79,66,81,246,266,74,231,261,398,48,55,-6.23,-2.37,-7.18
2180,1082417171,52,78,59,82,244,268,74,230,261,398,47,54,-6.23,-2.37,-7.18
2181,1082418181,51,76,60,81,245,268,73,230,260,396,48,55,-6.23,-2.37,-7.18
2182,1082419171,52,77,64,84,244,267,72,229,260,398,48,56,-6.19,-2.37,-7.18
2183,1082420172,53,78,64,86,247,269,72,230,260,398,48,54,-6.19,-2.37,-7.18
2184,1082421172,51,79,63,82,245,265,73,230,261,396,48,55,-6.19,-2.37,-7.18
2185,1082422172,51,81,59,81,245,266,72,230,260,398,48,57,-6.19,-2.37,-7.18
2186,1082423171,52,82,59,81,240,265,69,230,260,398,48,53,-6.19,-2.37,-7.18
2187,1082424171,50,79,60,82,246,269,71,230,261,397,47,54,-6.19,-2.37,-7.18
2188,1082425172,54,79,59,79,245,269,71,230,260,397,47,54,-6.19,-2.37,-7.18
2189,1082426172,51,77,57,80,246,266,72,230,260,397,48,56,-6.19,-2.37,-7.18
2190,1082427171,51,77,65,81,240,268,72,230,260,398,48,54,-6.19,-2.37,-7.18
2191,1082428174,50,77,65,82,241,267,71,230,261,397,48,54,-6.19,-2.37,-7.18
2192,1082429171,52,76,61,82,245,267,71,231,259,399,48,58,-6.21,-2.39,-7.12
2193,1082430171,52,77,63,80,242,269,72,230,260,396,48,56,-6.21,-2.39,-7.12
2194,1082431172,52,81,60,82,247,266,71,231,259,399,48,54,-6.21,-2.39,-7.12
2195,1082432171,52,78,58,83,247,266,70,231,260,398,47,53,-6.21,-2.39,-7.12
2196,1082433172,52,77,57,84,244,269,70,230,262,397,47,55,-6.21,-2.39,-7.12
2197,1082434171,51,78,60,84,245,269,75,231,261,396,47,54,-6.21,-2.39,-7.12
2198,1082435172,55,79,62,82,244,268,74,231,260,398,47,54,-6.21,-2.39,-7.12
2199,1082436171,52,82,59,81,247,268,74,230,260,399,47,55,-6.21,-2.39,-7.12
2200,1082437171,52,77,60,84,246,267,74,229,260,397,47,55,-6.21,-2.39,-7.12
2201,1082438172,50,77,66,84,240,266,73,230,260,399,48,54,-6.21,-2.39,-7.12
2202,1082439163,50,79,58,80,247,265,75,231,260,397,47,54,-6.25,-2.5,-7.09
2203,1082440163,52,77,60,83,243,263,74,231,260,397,47,54,-6.25,-2.5,-7.09
2204,1082441162,55,76,64,81,243,267,75,229,260,399,48,56,-6.25,-2.5,-7.09
2205,1082442164,50,78,60,83,244,268,75,230,260,397,47,53,-6.25,-2.5,-7.09
2206,1082443163,58,78,61,81,240,268,75,230,261,396,47,54,-6.25,-2.5,-7.09
2207,1082444168,53,75,58,81,245,269,75,230,260,398,47,56,-6.25,-2.5,-7.09
2208,1082447535,50,78,61,82,244,269,73,230,260,396,47,54,-6.25,-2.5,-7.09
2209,1082448298,52,76,58,80,246,267,74,230,261,396,47,55,-6.24,-2.59,-7.1
2210,1082448793,52,76,61,81,243,269,73,230,261,396,47,55,-6.24,-2.59,-7.1
2211,1082449281,51,78,60,81,243,268,75,230,261,398,47,55,-6.24,-2.59,-7.1
2212,1082450172,52,81,59,80,244,265,74,230,261,398,47,54,-6.24,-2.59,-7.1
2213,1082451171,53,78,57,82,245,268,72,229,260,398,47,56,-6.24,-2.59,-7.1
2214,1082452171,50,78,63,84,244,264,75,230,260,395,47,57,-6.24,-2.59,-7.1
2215,1082453172,52,74,61,83,240,265,75,230,260,397,47,54,-6.24,-2.59,-7.1
2216,1082456427,53,77,60,83,246,269,75,230,260,397,47,54,-6.24,-2.59,-7.1
2217,1082458394,51,74,58,80,247,268,74,231,261,395,47,54,-6.27,-2.6,-7.15
2218,1082458889,52,79,59,83,247,268,75,230,261,397,48,54,-6.27,-2.6,-7.15
2219,1082459377,52,75,58,80,245,268,74,231,261,398,47,54,-6.27,-2.6,-7.15
2220,1082460172,52,76,58,81,244,264,77,230,260,400,47,58,-6.27,-2.6,-7.15
2221,1082461171,52,78,62,79,241,263,71,229,260,397,48,54,-6.27,-2.6,-7.15
2222,1082462172,53,81,63,85,247,269,74,231,260,398,48,54,-6.27,-2.6,-7.15
2223,1082463172,52,78,61,80,244,269,77,231,261,398,47,54,-6.27,-2.6,-7.15
2224,1082464172,52,77,60,81,244,268,73,231,260,397,48,55,-6.27,-2.6,-7.15
2225,1082465171,52,79,61,79,244,268,73,230,260,397,48,55,-6.27,-2.6,-7.15
2226,1082466171,52,77,59,79,247,269,75,231,260,398,48,54,-6.27,-2.6,-7.15
2227,1082467171,54,77,58,82,242,267,78,229,258,399,47,56,-6.27,-2.6,-7.15
2228,1082468181,51,76,59,81,242,267,73,230,261,397,47,57,-6.18,-2.52,-7.24
2229,1082469172,52,77,63,81,245,269,73,231,260,397,48,56,-6.18,-2.52,-7.24
2230,1082470171,54,78,60,81,246,268,74,231,260,398,47,58,-6.18,-2.52,-7.24
2231,1082471171,52,78,60,79,241,266,73,231,260,395,47,55,-6.18,-2.52,-7.24
2232,1082472172,51,77,64,79,244,265,75,230,259,396,47,54,-6.18,-2.52,-7.24
2233,1082473172,52,77,60,81,243,264,72,230,259,398,48,54,-6.18,-2.52,-7.24
2234,1082474171,51,76,57,79,242,268,73,231,260,396,47,56,-6.18,-2.52,-7.24
2235,1082475171,54,77,61,81,244,268,75,231,260,398,47,54,-6.18,-2.52,-7.24
2236,1082476172,56,77,59,79,245,267,73,230,259,397,48,57,-6.18,-2.52,-7.24
2237,1082477171,55,79,66,79,241,269,73,231,260,397,47,55,-6.18,-2.52,-7.24
2238,1082478176,51,77,59,80,247,268,76,231,261,397,48,53,-6.23,-2.45,-7.19
2239,1082479172,51,77,60,82,247,266,72,231,260,398,48,54,-6.23,-2.45,-7.19
2240,1082480172,52,79,58,81,247,269,74,231,261,396,48,54,-6.23,-2.45,-7.19
2241,1082481188,52,76,58,81,247,269,72,231,261,396,47,54,-6.23,-2.45,-7.19
2242,1082482171,54,78,60,81,245,268,73,230,261,396,48,54,-6.23,-2.45,-7.19
2243,1082483172,51,79,59,81,247,269,76,231,261,396,48,54,-6.23,-2.45,-7.19
2244,1082484188,51,76,58,80,247,269,74,231,261,398,48,55,-6.23,-2.45,-7.19
2245,1082485172,52,75,66,83,247,269,71,231,261,398,47,54,-6.23,-2.45,-7.19
2246,1082486172,51,82,58,81,245,268,71,231,260,397,48,54,-6.23,-2.45,-7.19
2247,1082487188,53,79,59,82,247,264,68,230,260,397,47,55,-6.23,-2.45,-7.19
2248,1082488183,52,78,58,82,247,266,71,231,261,398,47,55,-6.2,-2.39,-7.14
2249,1082489188,51,79,59,83,246,269,72,231,260,397,47,55,-6.2,-2.39,-7.14
2250,1082490171,51,78,59,82,244,269,71,231,260,397,47,55,-6.2,-2.39,-7.14
2251,1082491171,53,78,59,82,245,269,68,231,260,397,47,55,-6.2,-2.39,-7.14
2252,1082492171,52,79,59,81,247,268,73,230,260,398,47,54,-6.2,-2.39,-7.14
2253,1082493189,52,79,60,81,245,269,71,230,261,397,47,55,-6.2,-2.39,-7.14
2254,1082494171,52,77,59,84,244,266,70,231,261,397,46,54,-6.2,-2.39,-7.14
2255,1082497345,55,79,58,84,247,265,73,231,260,397,47,55,-6.2,-2.39,-7.14
2256,1082498172,53,74,62,84,246,265,70,231,259,396,47,55,-6.18,-2.38,-7.14
2257,1082498660,51,79,58,84,247,265,71,231,260,397,47,54,-6.18,-2.38,-7.14
2258,1082499178,53,81,58,84,244,268,72,230,260,397,47,53,-6.18,-2.38,-7.14
2259,1082500178,50,82,58,83,247,269,71,231,261,397,47,54,-6.18,-2.38,-7.14
2260,1082501191,56,79,59,85,243,266,71,231,259,397,47,53,-6.18,-2.38,-7.14
2261,1082502172,54,75,60,84,247,269,72,231,261,398,47,54,-6.18,-2.38,-7.14
2262,1082503172,55,79,64,84,247,269,71,231,261,396,47,54,-6.18,-2.38,-7.14
2263,1082506592,52,78,61,83,245,265,72,231,261,397,47,54,-6.18,-2.38,-7.14
2264,1082508360,53,77,58,82,245,269,73,230,260,397,47,55,-6.31,-2.35,-7.07
2265,1082508849,53,79,62,83,247,267,72,230,260,398,47,54,-6.31,-2.35,-7.07
2266,1082509337,52,76,58,83,246,269,72,230,260,397,47,54,-6.31,-2.35,-7.07
2267,1082510172,51,76,60,82,245,269,72,231,261,398,47,54,-6.31,-2.35,-7.07
2268,1082511172,50,78,59,84,244,265,72,230,259,397,47,54,-6.31,-2.35,-7.07
2269,1082512189,55,74,64,82,245,267,69,231,261,398,47,54,-6.31,-2.35,-7.07
2270,1082513172,55,78,59,84,247,268,69,230,259,396,47,54,-6.31,-2.35,-7.07
2271,1082514189,51,79,62,83,246,268,72,231,260,396,47,56,-6.31,-2.35,-7.07
2272,1082515172,53,77,60,83,246,264,71,231,260,397,47,54,-6.31,-2.35,-7.07
2273,1082516172,51,76,60,82,246,268,70,231,260,398,47,55,-6.31,-2.35,-7.07
2274,1082517177,50,79,63,83,247,268,72,231,261,397,47,54,-6.31,-2.35,-7.07
2275,1082518171,50,77,60,85,243,264,71,231,261,396,47,54,-6.31,-2.35,-7.07
2276,1082519172,54,78,60,85,246,269,71,230,260,398,47,54,-6.3,-2.37,-7.1
2277,1082520188,50,76,59,83,245,266,72,231,261,396,47,54,-6.3,-2.37,-7.1
2278,1082521171,49,82,58,81,246,267,71,231,261,396,47,54,-6.3,-2.37,-7.1
2279,1082522172,50,77,59,82,247,268,69,231,261,397,47,54,-6.3,-2.37,-7.1
2280,1082523188,55,74,61,82,244,265,71,230,261,396,47,54,-6.3,-2.37,-7.1
2281,1082524172,51,81,62,83,245,266,72,231,261,399,47,54,-6.3,-2.37,-7.1
2282,1082525171,56,79,58,80,243,265,68,230,261,397,47,54,-6.3,-2.37,-7.1
2283,1082526188,53,76,60,82,245,268,72,231,261,396,46,54,-6.3,-2.37,-7.1
2284,1082527171,53,78,61,80,245,266,71,230,261,398,47,53,-6.3,-2.37,-7.1
2285,1082528172,53,77,58,81,243,269,71,231,260,396,47,53,-6.3,-2.37,-7.1
2286,1082529172,52,77,66,80,247,269,72,231,260,398,47,55,-6.28,-2.4,-7.12
2287,1082530188,53,80,61,80,247,268,72,231,260,398,47,54,-6.28,-2.4,-7.12
2288,1082531176,52,81,62,80,246,269,71,231,260,397,47,55,-6.28,-2.4,-7.12
2289,1082532172,53,78,59,79,247,266,70,230,260,399,48,53,-6.28,-2.4,-7.12
2290,1082533172,53,79,61,82,245,268,72,231,260,399,48,54,-6.28,-2.4,-7.12
2291,1082534192,49,77,60,81,245,267,70,231,261,397,47,54,-6.28,-2.4,-7.12
2292,1082535171,51,78,64,84,246,267,73,231,260,399,47,54,-6.28,-2.4,-7.12
2293,1082536177,53,80,66,83,245,269,73,230,260,397,47,54,-6.28,-2.4,-7.12
2294,1082537189,50,77,64,81,247,268,70,231,261,399,47,54,-6.28,-2.4,-7.12
2295,1082538182,52,79,62,83,247,264,72,231,260,399,48,54,-6.28,-2.4,-7.12
2296,1082539175,52,79,59,85,243,268,72,231,261,398,48,53,-6.3,-2.48,-7.17
2297,1082540188,49,78,60,84,247,266,71,231,260,399,48,55,-6.3,-2.48,-7.17
2298,1082541172,50,77,58,81,245,268,73,230,261,399,48,54,-6.3,-2.48,-7.17
2299,1082542173,50,82,58,84,246,266,70,231,260,397,47,54,-6.3,-2.48,-7.17
2300,1082543172,52,76,58,84,244,267,71,231,259,398,47,53,-6.3,-2.48,-7.17
2301,1082544195,51,77,62,83,245,265,74,230,261,399,47,54,-6.3,-2.48,-7.17
2302,1082545172,52,78,60,83,244,267,70,231,261,395,48,54,-6.3,-2.48,-7.17
2303,1082547901,51,75,60,84,246,267,72,231,261,399,48,54,-6.3,-2.48,-7.17
2304,1082548410,53,77,61,82,242,265,71,231,260,399,47,55,-6.3,-2.6,-7.36
2305,1082549188,53,78,59,85,247,266,70,230,261,399,47,55,-6.3,-2.6,-7.36
2306,1082550171,54,79,63,82,247,266,70,230,260,398,47,55,-6.3,-2.6,-7.36
2307,1082551171,52,77,59,84,247,265,69,230,260,397,47,55,-6.3,-2.6,-7.36
2308,1082552172,51,77,65,83,244,266,69,231,260,398,47,54,-6.3,-2.6,-7.36
2309,1082553188,51,79,66,83,246,269,73,231,261,399,47,54,-6.3,-2.6,-7.36
2310,1082556764,55,78,59,81,245,269,72,231,261,399,47,54,-6.3,-2.6,-7.36
2311,1082558379,50,78,62,83,241,266,71,231,259,399,47,54,-6.33,-2.52,-7.39
2312,1082558867,52,74,58,85,245,266,70,230,260,399,47,55,-6.33,-2.52,-7.39
2313,1082559355,51,78,62,83,246,267,71,231,260,397,47,54,-6.33,-2.52,-7.39
2314,1082560188,52,78,60,83,247,267,74,231,261,399,47,53,-6.33,-2.52,-7.39
2315,1082561172,52,80,66,83,247,269,72,231,260,397,47,55,-6.33,-2.52,-7.39
2316,1082562172,53,78,63,83,243,266,73,231,260,397,47,55,-6.33,-2.52,-7.39
2317,1082563188,51,76,64,83,245,265,70,231,261,396,47,54,-6.33,-2.52,-7.39
2318,1082564172,50,81,62,82,245,265,73,231,259,399,47,53,-6.33,-2.52,-7.39
2319,1082565171,55,78,60,83,247,267,72,231,260,398,47,53,-6.33,-2.52,-7.39
2320,1082566188,51,76,61,84,247,268,72,231,261,397,47,54,-6.33,-2.52,-7.39
2321,1082567181,51,77,60,85,246,266,72,230,261,397,47,54,-6.33,-2.52,-7.39
2322,1082568188,50,79,66,82,247,268,72,230,259,397,47,54,-6.29,-2.47,-7.36
2323,1082569171,53,78,62,84,247,267,72,231,260,397,47,54,-6.29,-2.47,-7.36
2324,1082570172,52,79,60,81,247,265,72,230,261,397,47,55,-6.29,-2.47,-7.36
2325,1082571188,51,77,58,83,245,266,72,231,261,398,47,54,-6.29,-2.47,-7.36
2326,1082572172,50,78,60,82,246,267,73,231,261,398,47,55,-6.29,-2.47,-7.36
2327,1082573172,55,80,59,80,247,268,73,230,260,397,47,54,-6.29,-2.47,-7.36
2328,1082574188,51,77,59,84,246,268,72,231,261,396,47,54,-6.29,-2.47,-7.36
2329,1082575172,52,77,58,82,247,267,71,231,260,398,48,53,-6.29,-2.47,-7.36
2330,1082576171,52,78,59,82,246,267,70,230,260,397,48,55,-6.29,-2.47,-7.36
2331,1082577188,50,76,59,82,246,265,72,231,261,396,47,54,-6.29,-2.47,-7.36
2332,1082578172,54,79,64,82,246,267,73,230,261,396,47,54,-6.32,-2.42,-7.31
2333,1082579171,55,78,59,81,246,269,72,231,260,397,47,53,-6.32,-2.42,-7.31
2334,1082580188,52,76,59,79,245,267,73,231,261,397,47,54,-6.32,-2.42,-7.31
2335,1082581172,55,79,64,83,247,269,73,231,260,396,48,53,-6.32,-2.42,-7.31
2336,1082582188,54,74,60,81,246,266,70,231,261,396,47,54,-6.32,-2.42,-7.31
2337,1082583172,54,82,59,84,247,266,70,230,260,397,47,54,-6.32,-2.42,-7.31
2338,1082584171,50,79,58,82,244,265,70,230,261,398,48,53,-6.32,-2.42,-7.31
2339,1082585188,54,78,59,83,246,267,70,230,261,396,48,54,-6.32,-2.42,-7.31
2340,1082586172,50,78,62,81,244,267,73,231,260,397,48,54,-6.32,-2.42,-7.31
2341,1082587172,52,80,60,83,244,266,72,231,261,397,48,54,-6.32,-2.42,-7.31
2342,1082588188,53,78,58,82,245,267,69,230,261,396,48,54,-6.21,-2.37,-7.05
2343,1082589171,52,78,64,83,247,267,72,230,260,397,47,55,-6.21,-2.37,-7.05
2344,1082590172,50,81,61,83,244,269,72,231,261,398,48,54,-6.21,-2.37,-7.05
2345,1082591189,51,74,61,84,245,265,71,230,260,398,47,54,-6.21,-2.37,-7.05
2346,1082592172,50,78,60,82,247,269,71,231,260,398,48,55,-6.21,-2.37,-7.05
2347,1082593172,56,75,61,81,241,265,70,231,260,397,47,58,-6.21,-2.37,-7.05
2348,1082594171,51,76,58,82,244,266,71,230,260,398,48,57,-6.21,-2.37,-7.05
2349,1082597820,51,81,62,80,247,268,71,231,261,396,48,55,-6.21,-2.37,-7.05
2350,1082598308,51,76,61,80,244,269,71,230,260,397,48,54,-6.28,-2.35,-6.97
2351,1082599171,50,78,66,81,247,269,70,231,260,397,48,55,-6.28,-2.35,-6.97
2352,1082600172,55,77,59,78,245,265,70,231,260,396,47,55,-6.28,-2.35,-6.97
2353,1082601171,52,74,63,80,244,265,73,231,260,395,48,58,-6.28,-2.35,-6.97
2354,1082602172,51,77,60,79,246,268,71,230,260,396,47,54,-6.28,-2.35,-6.97
2355,1082605345,55,80,58,80,246,269,73,231,260,397,48,55,-6.28,-2.35,-6.97
2356,1082608029,52,74,60,79,246,268,72,230,260,396,47,54,-6.28,-2.35,-6.97
2357,1082608523,52,76,62,80,241,265,70,231,260,397,47,54,-6.38,-2.42,-6.9
2358,1082609171,53,78,60,80,246,269,71,230,260,396,47,55,-6.38,-2.42,-6.9
2359,1082610172,51,80,60,79,242,267,73,229,259,399,48,59,-6.38,-2.42,-6.9
2360,1082611171,52,75,67,78,246,268,72,230,260,398,47,56,-6.38,-2.42,-6.9
2361,1082612172,56,78,60,81,245,268,74,229,261,396,47,54,-6.38,-2.42,-6.9
2362,1082613183,52,77,59,80,246,265,70,230,259,397,47,55,-6.38,-2.42,-6.9
2363,1082614172,54,79,58,80,246,269,72,230,260,398,46,56,-6.38,-2.42,-6.9
2364,1082615171,52,78,61,79,243,264,71,231,259,397,47,57,-6.38,-2.42,-6.9
2365,1082616171,52,78,61,81,244,265,69,232,260,399,47,54,-6.38,-2.42,-6.9
2366,1082617172,49,78,59,79,244,267,72,231,260,398,46,58,-6.38,-2.42,-6.9
2367,1082618171,51,77,59,82,241,267,70,231,259,397,46,55,-6.38,-2.42,-6.9
2368,1082619171,51,76,65,81,246,268,72,231,260,397,46,56,-6.44,-2.43,-7.05
2369,1082620171,52,79,62,80,246,266,69,232,259,397,45,56,-6.44,-2.43,-7.05
2370,1082621178,54,75,59,81,246,269,72,230,260,397,46,55,-6.44,-2.43,-7.05
2371,1082622172,51,79,57,83,245,267,72,230,260,398,46,55,-6.44,-2.43,-7.05
2372,1082623171,53,76,60,81,242,267,71,231,260,394,46,56,-6.44,-2.43,-7.05
2373,1082624176,55,77,65,80,243,266,70,232,260,396,46,55,-6.44,-2.43,-7.05
2374,1082625171,54,76,60,80,244,268,68,231,260,398,46,56,-6.44,-2.43,-7.05
2375,1082626171,51,76,60,82,246,267,71,230,260,397,46,56,-6.44,-2.43,-7.05
2376,1082627175,49,76,64,79,243,269,71,230,260,398,45,56,-6.44,-2.43,-7.05
2377,1082628182,55,78,61,79,246,263,72,230,260,396,45,55,-6.44,-2.43,-7.05
2378,1082629170,53,75,59,80,246,266,70,231,261,400,45,55,-6.4,-2.52,-7.19
2379,1082630173,50,76,59,81,245,263,72,230,260,397,45,56,-6.4,-2.52,-7.19
2380,1082631171,53,79,61,81,246,269,72,230,262,397,44,55,-6.4,-2.52,-7.19
2381,1082632177,51,75,61,80,242,264,71,230,260,397,45,54,-6.4,-2.52,-7.19
2382,1082633177,53,77,61,79,246,267,71,232,260,397,44,56,-6.4,-2.52,-7.19
2383,1082634171,55,79,57,79,246,266,73,229,260,397,45,55,-6.4,-2.52,-7.19
2384,1082635171,55,78,60,79,244,269,74,230,260,397,44,54,-6.4,-2.52,-7.19
2385,1082637899,51,77,64,78,241,268,71,230,261,399,45,55,-6.4,-2.52,-7.19
2386,1082638394,53,77,63,84,247,268,73,230,259,397,44,54,-6.28,-2.63,-7.14
2387,1082639172,56,80,58,82,244,269,73,231,259,396,45,58,-6.28,-2.63,-7.14
2388,1082640171,51,78,59,82,246,269,74,230,259,397,45,55,-6.28,-2.63,-7.14
2389,1082641171,51,79,62,79,247,267,71,230,260,397,45,54,-6.28,-2.63,-7.14
2390,1082642172,51,79,63,85,247,268,71,230,260,399,45,54,-6.28,-2.63,-7.14
2391,1082643172,51,77,58,79,246,269,72,229,260,398,45,56,-6.28,-2.63,-7.14
2392,1082646764,52,78,63,82,244,266,74,230,260,398,45,54,-6.28,-2.63,-7.14
2393,1082648004,54,79,58,79,241,268,71,230,258,398,45,55,-6.26,-2.64,-7.3
2394,1082648492,52,75,59,80,247,269,75,231,259,398,45,54,-6.26,-2.64,-7.3
2395,1082649172,51,79,60,83,245,268,75,231,261,398,45,55,-6.26,-2.64,-7.3
2396,1082650171,52,77,59,78,247,268,75,230,260,396,45,55,-6.26,-2.64,-7.3
2397,1082651172,53,78,58,82,244,266,73,231,260,399,45,58,-6.26,-2.64,-7.3
2398,1082652172,52,77,63,80,247,269,73,230,260,396,45,55,-6.26,-2.64,-7.3
2399,1082655788,53,78,65,81,245,267,74,231,261,397,45,55,-6.26,-2.64,-7.3
2400,1082658128,52,72,63,79,247,266,73,230,261,398,45,55,-6.26,-2.64,-7.3
2401,1082658612,52,80,60,80,246,269,73,231,261,397,45,55,-6.25,-2.59,-7.39
2402,1082659168,51,77,64,80,247,266,75,230,260,397,45,54,-6.25,-2.59,-7.39
2403,1082660167,53,76,60,79,243,268,74,230,260,396,44,56,-6.25,-2.59,-7.39
2404,1082661171,51,78,60,80,243,267,73,229,260,398,45,56,-6.25,-2.59,-7.39
2405,1082662168,52,82,58,80,242,269,74,230,260,397,45,55,-6.25,-2.59,-7.39
2406,1082663168,52,77,63,80,245,269,73,230,259,396,45,54,-6.25,-2.59,-7.39
2407,1082664169,52,77,62,83,246,268,74,230,260,397,45,54,-6.25,-2.59,-7.39
2408,1082665167,52,78,64,81,247,265,74,230,261,397,45,54,-6.25,-2.59,-7.39
2409,1082666173,53,78,62,80,244,268,74,231,261,397,45,54,-6.25,-2.59,-7.39
2410,1082667167,51,81,60,79,239,266,73,230,260,395,45,57,-6.25,-2.59,-7.39
2411,1082668177,50,77,60,81,244,267,73,230,260,396,45,54,-6.25,-2.59,-7.39
2412,1082669176,52,78,62,81,244,268,72,231,261,396,46,55,-6.03,-2.49,-7.23
2413,1082670172,51,76,64,82,245,265,72,229,258,398,45,56,-6.03,-2.49,-7.23
2414,1082671171,52,77,62,81,247,267,75,231,260,398,46,53,-6.03,-2.49,-7.23
2415,1082672174,51,81,62,79,247,265,73,231,260,398,45,54,-6.03,-2.49,-7.23
2416,1082673172,57,78,58,79,244,269,72,230,258,396,47,56,-6.03,-2.49,-7.23
2417,1082674172,51,77,64,81,247,266,72,230,260,398,46,54,-6.03,-2.49,-7.23
2418,1082675171,51,82,64,81,244,267,74,231,261,396,46,54,-6.03,-2.49,-7.23
2419,1082676178,50,77,60,80,242,268,75,231,261,396,46,54,-6.03,-2.49,-7.23
2420,1082677178,52,78,60,81,244,268,74,231,259,397,46,56,-6.03,-2.49,-7.23
2421,1082678188,54,77,65,81,247,264,76,231,260,397,46,54,-6.03,-2.49,-7.23
2422,1082679172,50,79,66,80,240,265,75,231,260,396,46,55,-6.1,-2.46,-7.05
2423,1082680172,52,77,65,78,243,270,73,231,259,397,46,56,-6.1,-2.46,-7.05
2424,1082681174,50,74,65,79,244,268,72,230,260,395,45,55,-6.1,-2.46,-7.05
2425,1082682172,51,77,62,79,247,267,75,230,261,398,46,54,-6.1,-2.46,-7.05
2426,1082683172,51,81,61,81,247,268,73,231,260,398,46,54,-6.1,-2.46,-7.05
2427,1082684171,54,79,58,81,245,266,74,229,260,399,46,54,-6.1,-2.46,-7.05
2428,1082685176,52,78,60,81,245,269,73,230,261,398,46,54,-6.1,-2.46,-7.05
2429,1082686171,51,78,60,81,245,266,74,230,259,396,46,54,-6.1,-2.46,-7.05
2430,1082688108,51,80,64,80,243,268,72,231,260,397,46,56,-6.34,-2.44,-6.79
2431,1082688596,53,77,60,81,247,269,74,230,261,397,46,54,-6.34,-2.44,-6.79
2432,1082689172,56,78,58,81,246,268,74,230,261,398,46,54,-6.34,-2.44,-6.79
2433,1082690171,51,79,61,82,247,266,74,231,259,397,46,55,-6.34,-2.44,-6.79
2434,1082691171,54,79,66,82,244,269,74,230,261,398,46,54,-6.34,-2.44,-6.79
2435,1082692178,53,77,61,80,244,269,73,230,259,396,46,58,-6.34,-2.44,-6.79
2436,1082695574,52,78,64,80,247,268,74,230,260,398,46,53,-6.34,-2.44,-6.79
2437,1082697896,50,73,66,79,242,268,76,231,260,398,46,55,-6.34,-2.44,-6.79
2438,1082698384,53,80,60,79,247,269,72,231,259,397,46,54,-6.45,-2.54,-6.93
2439,1082699172,50,78,64,79,247,265,73,230,260,397,46,55,-6.45,-2.54,-6.93
2440,1082700172,51,77,59,77,245,268,72,231,261,399,46,54,-6.45,-2.54,-6.93
2441,1082701172,52,76,59,81,245,265,74,230,260,397,46,56,-6.45,-2.54,-6.93
2442,1082702172,50,77,59,79,247,264,73,231,261,397,45,54,-6.45,-2.54,-6.93
2443,1082705342,51,79,59,78,247,264,75,230,261,397,45,54,-6.45,-2.54,-6.93
2444,1082708057,50,77,57,76,241,269,73,230,261,398,45,54,-6.45,-2.54,-6.93
2445,1082708546,52,79,59,75,246,269,75,231,260,397,45,54,-6.57,-2.56,-7.08
2446,1082709172,52,77,64,80,246,269,75,230,261,398,45,54,-6.57,-2.56,-7.08
2447,1082710172,51,80,59,80,246,269,74,230,260,396,43,56,-6.57,-2.56,-7.08
2448,1082711171,54,81,63,76,244,266,74,231,259,396,43,59,-6.57,-2.56,-7.08
2449,1082712178,52,78,64,78,245,266,73,230,260,397,44,54,-6.57,-2.56,-7.08
2450,1082713177,51,76,59,77,247,264,72,230,260,397,44,55,-6.57,-2.56,-7.08
2451,1082714172,50,82,59,80,243,267,73,230,260,397,44,56,-6.57,-2.56,-7.08
2452,1082715172,53,79,60,83,246,268,73,230,259,397,44,56,-6.57,-2.56,-7.08
2453,1082716177,54,81,64,80,245,269,73,231,262,400,44,54,-6.57,-2.56,-7.08
2454,1082717172,53,78,65,78,245,269,73,230,260,397,44,57,-6.57,-2.56,-7.08
2455,1082718184,52,80,59,77,246,268,72,231,261,396,44,56,-6.57,-2.56,-7.08
2456,1082719171,52,80,61,81,247,268,74,230,261,397,44,54,-6.53,-2.63,-7.16
2457,1082720171,55,77,63,80,245,268,74,231,261,398,45,54,-6.53,-2.63,-7.16
2458,1082721175,53,74,64,80,241,267,72,230,260,396,44,56,-6.53,-2.63,-7.16
2459,1082722172,56,78,66,81,245,268,75,231,261,396,44,54,-6.53,-2.63,-7.16
2460,1082723172,52,79,58,81,244,268,72,230,260,399,44,54,-6.53,-2.63,-7.16
2461,1082724172,51,76,61,81,242,268,76,230,260,397,44,57,-6.53,-2.63,-7.16
2462,1082725172,51,79,62,82,247,269,75,230,261,398,44,55,-6.53,-2.63,-7.16
2463,1082726171,51,78,64,79,247,269,73,230,259,397,44,55,-6.53,-2.63,-7.16
2464,1082727171,51,78,62,81,245,267,75,231,260,397,44,55,-6.53,-2.63,-7.16
2465,1082728180,53,77,61,77,243,268,72,231,260,396,44,59,-6.41,-2.61,-7.36
2466,1082729167,49,81,59,80,245,269,74,230,260,397,44,54,-6.41,-2.61,-7.36
2467,1082730168,50,81,58,81,246,269,73,230,261,396,44,55,-6.41,-2.61,-7.36
2468,1082731167,51,80,58,77,246,269,73,230,260,397,44,56,-6.41,-2.61,-7.36
2469,1082732173,53,77,62,78,245,269,73,231,261,397,44,54,-6.41,-2.61,-7.36
2470,1082733167,50,77,65,79,245,269,74,230,260,398,44,54,-6.41,-2.61,-7.36
2471,1082734167,53,78,63,82,246,269,75,230,260,397,44,56,-6.41,-2.61,-7.36
2472,1082735171,54,77,59,79,245,269,75,230,261,397,44,55,-6.41,-2.61,-7.36
2473,1082736167,51,77,64,80,247,269,73,230,259,397,44,54,-6.41,-2.61,-7.36
2474,1082738024,51,76,61,80,243,269,74,231,260,398,44,56,-6.12,-2.43,-7.26
2475,1082738512,50,79,64,78,247,269,74,230,261,396,44,55,-6.12,-2.43,-7.26
2476,1082739171,52,78,62,84,244,264,73,230,261,397,44,54,-6.12,-2.43,-7.26
2477,1082740172,55,77,60,79,247,269,74,230,260,397,44,54,-6.12,-2.43,-7.26
2478,1082741178,53,76,60,79,242,269,78,229,260,397,44,54,-6.12,-2.43,-7.26
2479,1082742172,50,76,59,81,241,265,73,230,260,398,44,54,-6.12,-2.43,-7.26
2480,1082745553,51,77,59,80,246,265,74,231,261,398,44,55,-6.12,-2.43,-7.26
2481,1082747907,52,73,64,80,245,267,73,230,260,397,44,54,-6.12,-2.43,-7.26
2482,1082748392,50,76,59,78,246,268,75,230,259,398,44,54,-5.98,-2.5,-7.32
2483,1082749167,50,78,64,82,246,267,74,231,260,397,44,55,-5.98,-2.5,-7.32
2484,1082750167,52,79,62,78,240,268,76,230,260,398,44,55,-5.98,-2.5,-7.32
2485,1082751167,54,77,62,80,247,268,75,230,261,397,44,54,-5.98,-2.5,-7.32
2486,1082752168,52,78,63,80,245,265,74,230,260,398,45,54,-5.98,-2.5,-7.32
2487,1082755757,51,76,59,79,246,266,73,230,261,397,44,57,-5.98,-2.5,-7.32
2488,1082758095,52,73,58,82,244,268,75,230,261,396,45,54,-5.98,-2.5,-7.32
2489,1082758578,52,75,60,79,247,269,74,230,260,397,44,54,-6.15,-2.5,-7.19
2490,1082759167,53,79,62,80,247,268,74,231,261,399,44,54,-6.15,-2.5,-7.19
2491,1082760168,50,78,65,81,247,265,74,231,258,397,44,54,-6.15,-2.5,-7.19
2492,1082761171,55,80,63,81,247,267,74,231,261,397,44,55,-6.15,-2.5,-7.19
2493,1082762167,53,74,62,78,245,266,73,230,260,396,44,55,-6.15,-2.5,-7.19
2494,1082763167,52,76,59,78,246,267,73,231,260,397,44,54,-6.15,-2.5,-7.19
2495,1082764169,51,78,59,78,245,268,75,230,260,398,44,54,-6.15,-2.5,-7.19
2496,1082765167,52,78,59,76,243,267,74,231,261,398,45,58,-6.15,-2.5,-7.19
2497,1082766173,51,79,61,76,240,268,76,230,259,395,44,56,-6.15,-2.5,-7.19
2498,1082767167,51,79,67,78,245,265,77,231,261,398,44,54,-6.15,-2.5,-7.19
2499,1082768181,55,79,63,75,247,268,76,231,260,398,44,54,-6.35,-2.39,-6.99
2500,1082769175,52,77,60,73,245,266,73,231,260,397,44,55,-6.35,-2.39,-6.99
2501,1082770172,50,82,60,79,246,268,74,230,260,396,44,54,-6.35,-2.39,-6.99
2502,1082771172,50,76,59,77,247,269,73,231,261,398,44,54,-6.35,-2.39,-6.99
2503,1082772173,51,81,60,73,239,269,76,231,261,399,45,57,-6.35,-2.39,-6.99
2504,1082773171,49,76,59,74,241,269,75,230,260,398,45,55,-6.35,-2.39,-6.99
2505,1082774172,51,77,60,73,246,268,74,230,260,397,44,55,-6.35,-2.39,-6.99
2506,1082775171,52,77,59,68,245,269,75,231,260,396,45,54,-6.35,-2.39,-6.99
2507,1082776178,52,76,58,70,244,268,76,230,262,399,45,57,-6.35,-2.39,-6.99
2508,1082777177,53,79,60,65,246,267,73,231,260,398,45,55,-6.35,-2.39,-6.99
2509,1082778187,50,78,63,64,245,269,76,230,260,396,45,54,-6.4,-2.45,-6.84
2510,1082779172,51,78,62,68,242,265,73,230,260,398,45,56,-6.4,-2.45,-6.84
2511,1082780171,56,76,62,64,244,269,76,230,260,396,45,58,-6.4,-2.45,-6.84
2512,1082781172,52,79,63,66,245,267,72,230,260,398,44,55,-6.4,-2.45,-6.84
2513,1082782171,51,78,60,71,245,269,76,231,259,396,44,55,-6.4,-2.45,-6.84
2514,1082783172,53,78,64,71,245,265,73,230,260,397,44,57,-6.4,-2.45,-6.84
2515,1082784171,51,75,61,67,244,266,72,231,259,396,44,57,-6.4,-2.45,-6.84
2516,1082785173,51,75,59,65,245,265,73,231,259,394,44,55,-6.4,-2.45,-6.84
2517,1082787757,49,74,60,71,244,265,74,230,260,397,44,56,-6.4,-2.45,-6.84
2518,1082788245,52,78,64,74,247,264,73,231,262,397,44,54,-6.58,-2.5,-6.81
2519,1082789167,52,77,63,76,246,268,74,231,261,396,44,54,-6.58,-2.5,-6.81
2520,1082790167,53,76,60,73,245,267,78,231,260,397,44,54,-6.58,-2.5,-6.81
2521,1082791167,50,78,64,72,245,265,75,230,260,397,44,56,-6.58,-2.5,-6.81
2522,1082792171,51,76,64,67,245,268,75,231,261,396,44,54,-6.58,-2.5,-6.81
2523,1082795549,52,77,61,76,246,265,73,231,260,398,45,55,-6.58,-2.5,-6.81
2524,1082797903,52,72,59,70,246,267,73,230,259,397,44,55,-6.58,-2.5,-6.81
2525,1082798391,53,75,61,73,246,266,73,231,260,397,45,55,-6.53,-2.6,-6.95
2526,1082799172,56,79,58,69,245,268,74,230,259,398,44,54,-6.53,-2.6,-6.95
2527,1082800171,54,77,59,72,243,269,74,231,260,394,44,58,-6.53,-2.6,-6.95
2528,1082801172,51,79,59,67,247,268,74,230,261,398,45,54,-6.53,-2.6,-6.95
2529,1082802172,54,76,60,68,245,268,74,230,260,398,44,54,-6.53,-2.6,-6.95
2530,1082805762,53,80,63,68,245,265,74,230,261,397,45,56,-6.53,-2.6,-6.95
2531,1082808101,51,74,64,72,245,266,72,230,260,394,45,55,-6.53,-2.6,-6.95
2532,1082808588,53,76,63,68,240,265,73,230,261,396,45,57,-6.2,-2.54,-7.02
2533,1082809171,51,79,59,71,246,267,74,229,261,398,45,57,-6.2,-2.54,-7.02
2534,1082810172,53,77,64,71,245,265,74,230,259,398,45,55,-6.2,-2.54,-7.02
2535,1082811172,52,79,58,70,244,264,74,230,261,394,46,54,-6.2,-2.54,-7.02
2536,1082812174,54,78,60,70,246,267,74,230,260,396,46,54,-6.2,-2.54,-7.02
2537,1082813172,53,77,57,64,242,267,75,229,260,395,45,57,-6.2,-2.54,-7.02
2538,1082814171,56,79,59,65,247,267,70,230,260,394,45,55,-6.2,-2.54,-7.02
2539,1082815172,51,77,62,65,247,266,71,230,261,397,45,55,-6.2,-2.54,-7.02
2540,1082816172,50,77,57,63,245,265,70,230,260,394,45,56,-6.2,-2.54,-7.02
2541,1082817176,52,79,58,58,245,266,70,230,260,396,45,54,-6.2,-2.54,-7.02
2542,1082818185,56,77,63,59,247,267,68,230,261,395,45,54,-5.83,-2.29,-6.79
2543,1082819172,52,77,59,56,241,268,72,230,260,398,45,57,-5.83,-2.29,-6.79
2544,1082820174,53,77,62,62,245,268,69,230,259,394,45,54,-5.83,-2.29,-6.79
2545,1082821171,52,78,58,56,245,267,64,230,261,395,45,54,-5.83,-2.29,-6.79
2546,1082822171,51,76,60,56,244,268,66,231,259,394,45,56,-5.83,-2.29,-6.79
2547,1082823172,51,77,66,56,247,267,65,230,259,393,45,55,-5.83,-2.29,-6.79
2548,1082824171,52,75,59,56,245,266,68,230,260,394,45,54,-5.83,-2.29,-6.79
2549,1082825171,51,77,61,61,245,265,65,231,259,394,45,55,-5.83,-2.29,-6.79
2550,1082826171,51,76,58,55,245,266,65,231,257,396,45,54,-5.83,-2.29,-6.79
2551,1082827178,51,81,59,57,247,268,62,230,257,397,45,54,-5.83,-2.29,-6.79
2552,1082828191,52,77,59,57,242,265,61,231,257,397,45,54,-5.37,-2.27,-6.39
2553,1082829172,53,75,59,64,245,265,61,231,257,396,45,57,-5.37,-2.27,-6.39
2554,1082830172,51,78,63,58,247,267,63,231,257,394,45,54,-5.37,-2.27,-6.39
2555,1082831176,52,78,63,61,246,267,61,230,259,394,45,55,-5.37,-2.27,-6.39
2556,1082832171,56,76,64,64,244,267,58,230,258,396,45,54,-5.37,-2.27,-6.39
2557,1082833172,51,76,63,58,241,264,58,229,258,396,44,56,-5.37,-2.27,-6.39
2558,1082834171,53,79,65,57,240,267,57,230,257,395,44,54,-5.37,-2.27,-6.39
2559,1082835178,56,79,65,57,242,267,54,230,257,395,45,54,-5.37,-2.27,-6.39
2560,1082836172,49,77,59,56,243,265,60,229,256,394,44,58,-5.37,-2.27,-6.39
2561,1082837920,55,75,66,54,241,266,55,229,256,394,44,55,-4.72,-2.05,-6.17
2562,1082838409,52,77,63,58,241,267,57,229,257,395,44,55,-4.72,-2.05,-6.17
2563,1082839178,53,76,62,55,242,268,57,229,257,395,44,54,-4.72,-2.05,-6.17
2564,1082840174,52,77,61,55,240,267,53,229,257,394,44,54,-4.72,-2.05,-6.17
2565,1082841172,56,78,60,53,240,265,52,229,255,395,44,57,-4.72,-2.05,-6.17
2566,1082842171,51,75,64,55,241,267,51,229,258,398,43,55,-4.72,-2.05,-6.17
2567,1082845591,56,77,59,56,239,268,49,229,258,395,43,54,-4.72,-2.05,-6.17
2568,1082847856,47,73,61,57,241,267,47,230,257,395,43,54,-4.72,-2.05,-6.17
2569,1082848344,44,73,61,54,242,267,42,230,258,394,43,54,-4.3,-1.82,-5.35
2570,1082849171,47,74,60,55,238,267,40,229,255,394,43,57,-4.3,-1.82,-5.35
2571,1082850172,43,78,60,57,240,262,40,229,256,393,43,57,-4.3,-1.82,-5.35
2572,1082851172,42,76,63,55,239,267,37,229,256,395,43,56,-4.3,-1.82,-5.35
2573,1082852172,41,81,59,67,242,266,39,229,256,392,43,54,-4.3,-1.82,-5.35
2574,1082855341,42,74,61,62,239,263,38,227,257,393,43,56,-4.3,-1.82,-5.35
2575,1082858013,42,71,60,65,236,266,39,228,257,386,43,54,-4.3,-1.82,-5.35
2576,1082858500,42,75,59,61,239,263,40,229,256,373,44,54,-3.9,-1.36,-5.47
2577,1082859174,41,74,60,63,237,266,40,229,256,369,43,55,-3.9,-1.36,-5.47
2578,1082860172,40,74,60,69,237,265,39,229,254,370,44,54,-3.9,-1.36,-5.47
2579,1082861171,39,66,56,60,238,264,39,229,257,370,43,58,-3.9,-1.36,-5.47
2580,1082862171,41,66,55,58,237,266,38,229,255,369,42,54,-3.9,-1.36,-5.47
2581,1082863177,40,73,56,54,234,267,38,228,253,370,43,57,-3.9,-1.36,-5.47
2582,1082864171,41,67,52,53,237,265,36,229,256,370,42,55,-3.9,-1.36,-5.47
2583,1082865172,40,67,54,54,235,266,39,226,256,372,42,56,-3.9,-1.36,-5.47
2584,1082866172,43,68,50,50,237,266,36,228,254,376,42,53,-3.9,-1.36,-5.47
2585,1082867188,42,60,46,53,237,265,39,227,256,377,42,54,-3.9,-1.36,-5.47
2586,1082868181,42,66,45,52,237,266,38,227,252,377,41,54,-5.27,-0.47,-5.03
2587,1082869188,42,66,42,52,235,265,37,227,256,373,41,54,-5.27,-0.47,-5.03
2588,1082870172,37,66,38,49,235,267,40,225,256,374,41,55,-5.27,-0.47,-5.03
2589,1082871188,41,59,36,51,234,266,40,225,255,369,41,54,-5.27,-0.47,-5.03
2590,1082872172,39,62,37,50,232,266,39,223,256,369,42,54,-5.27,-0.47,-5.03
2591,1082873172,38,63,34,49,232,266,39,223,256,369,42,54,-5.27,-0.47,-5.03
2592,1082874189,40,55,34,48,231,265,37,223,256,373,41,54,-5.27,-0.47,-5.03
2593,1082875171,38,60,34,48,230,262,40,223,256,373,40,53,-5.27,-0.47,-5.03
2594,1082876172,39,61,25,48,228,261,36,223,256,375,41,54,-5.27,-0.47,-5.03
2595,1082877188,41,57,15,45,227,260,34,223,257,376,41,53,-5.27,-0.47,-5.03
2596,1082878172,40,52,8,46,226,256,35,223,257,375,42,55,-2.47,-0.97,-3.46
2597,1082879188,43,52,4,45,225,256,36,222,259,375,42,54,-2.47,-0.97,-3.46
2598,1082880172,41,52,3,46,214,257,35,213,258,376,42,55,-2.47,-0.97,-3.46
2599,1082881171,41,51,3,47,213,249,37,212,258,378,42,54,-2.47,-0.97,-3.46
2600,1082882188,41,50,2,47,212,242,36,210,259,378,42,54,-2.47,-0.97,-3.46
2601,1082883172,40,49,3,46,212,241,36,209,259,378,42,54,-2.47,-0.97,-3.46
2602,1082884188,42,51,3,44,212,239,38,203,259,380,42,54,-2.47,-0.97,-3.46
2603,1082885172,38,50,3,45,210,239,36,203,260,369,42,55,-2.47,-0.97,-3.46
2604,1082887784,38,50,3,48,206,238,35,202,260,371,39,53,-2.47,-0.97,-3.46
2605,1082888273,35,51,13,71,205,234,36,201,260,382,39,54,1.91,-0.87,-2.56
2606,1082889171,29,53,16,71,199,225,35,204,261,387,39,54,1.91,-0.87,-2.56
2607,1082890188,25,49,26,76,199,224,34,202,263,392,39,54,1.91,-0.87,-2.56
2608,1082891171,29,48,33,68,205,214,36,204,263,396,39,54,1.91,-0.87,-2.56
2609,1082892171,29,51,42,68,200,213,34,202,264,397,41,54,1.91,-0.87,-2.56
2610,1082895788,25,51,46,68,198,209,35,207,265,409,41,52,1.91,-0.87,-2.56
2611,1082897850,24,47,57,55,200,211,39,206,262,417,39,53,1.91,-0.87,-2.56
2612,1082898339,21,50,55,56,202,208,39,208,266,414,41,54,-1.81,-1.96,-2.03
2613,1082899171,20,50,53,62,203,209,38,203,265,413,42,53,-1.81,-1.96,-2.03
2614,1082900188,25,48,53,54,203,209,39,210,266,409,42,54,-1.81,-1.96,-2.03
2615,1082901171,21,50,57,50,206,207,39,208,264,388,42,54,-1.81,-1.96,-2.03
2616,1082902172,18,54,53,47,201,209,40,207,265,389,41,53,-1.81,-1.96,-2.03
2617,1082905359,22,48,55,46,203,210,39,207,263,389,41,54,-1.81,-1.96,-2.03
2618,1082908010,24,45,39,48,203,212,37,202,260,384,42,52,-1.81,-1.96,-2.03
2619,1082908515,20,48,13,48,203,210,33,204,263,374,42,54,-10.81,3.43,3.67
2620,1082909188,22,51,13,46,203,212,35,203,263,372,42,54,-10.81,3.43,3.67
2621,1082910171,24,47,12,46,199,211,36,202,260,375,42,54,-10.81,3.43,3.67
2622,1082911171,25,52,7,45,202,208,33,203,259,368,40,53,-10.81,3.43,3.67
2623,1082912172,22,51,11,47,200,212,35,203,254,374,39,53,-10.81,3.43,3.67
2624,1082913188,25,49,12,46,202,210,36,202,259,371,39,55,-10.81,3.43,3.67
2625,1082914172,25,47,16,48,203,211,38,202,259,368,39,54,-10.81,3.43,3.67
2626,1082915172,25,51,19,46,200,212,36,199,259,369,40,54,-10.81,3.43,3.67
2627,1082916188,20,50,25,49,202,211,37,202,261,377,39,53,-10.81,3.43,3.67
2628,1082917172,20,48,37,51,202,212,39,202,260,387,41,52,-10.81,3.43,3.67
2629,1082918172,22,50,42,53,201,210,36,201,261,376,41,53,1.14,-5.51,15.89
2630,1082919188,20,49,47,55,201,212,38,202,262,389,41,53,1.14,-5.51,15.89
2631,1082920171,20,51,47,50,198,212,39,201,261,394,41,53,1.14,-5.51,15.89
2632,1082921172,20,50,46,48,195,209,39,201,262,387,42,54,1.14,-5.51,15.89
2633,1082922188,19,49,47,47,197,213,38,202,260,385,41,53,1.14,-5.51,15.89
2634,1082923172,20,47,50,52,198,212,41,202,263,386,37,54,1.14,-5.51,15.89
2635,1082924172,22,51,49,52,199,214,40,205,262,389,39,53,1.14,-5.51,15.89
2636,1082925171,25,51,49,53,195,213,41,202,261,390,41,52,1.14,-5.51,15.89
2637,1082926188,22,48,50,53,195,218,39,204,261,391,39,53,1.14,-5.51,15.89
2638,1082927172,19,51,54,49,201,212,41,205,261,392,38,51,1.14,-5.51,15.89
2639,1082928172,19,47,54,45,199,215,40,202,260,392,40,53,8.43,0.69,2.33
2640,1082929188,19,50,49,49,198,212,39,206,261,391,40,53,8.43,0.69,2.33
2641,1082930172,20,49,52,46,201,212,40,206,260,387,41,51,8.43,0.69,2.33
2642,1082931171,20,52,50,45,201,213,39,206,260,386,41,51,8.43,0.69,2.33
2643,1082932188,20,50,52,45,198,215,39,207,261,384,42,50,8.43,0.69,2.33
2644,1082933172,20,47,48,45,194,214,38,202,260,379,41,51,8.43,0.69,2.33
2645,1082934172,20,48,44,44,201,213,38,205,259,379,41,50,8.43,0.69,2.33
2646,1082935188,22,48,43,44,203,213,40,202,261,378,41,51,8.43,0.69,2.33
2647,1082936171,21,50,40,45,202,215,38,205,260,378,43,52,8.43,0.69,2.33
2648,1082937908,19,50,37,45,201,222,37,207,260,378,43,52,-10.93,8.94,-4.44
2649,1082938397,19,48,26,44,203,210,37,206,260,379,40,53,-10.93,8.94,-4.44
2650,1082939189,20,49,16,46,201,223,36,207,259,377,39,53,-10.93,8.94,-4.44
2651,1082940172,19,49,5,47,204,214,39,202,258,378,39,50,-10.93,8.94,-4.44
2652,1082941188,20,48,5,45,204,214,39,204,257,378,40,52,-10.93,8.94,-4.44
2653,1082942172,20,49,9,43,204,212,38,206,255,377,41,51,-10.93,8.94,-4.44
2654,1082945345,19,50,5,44,200,226,39,204,257,376,41,52,-10.93,8.94,-4.44
2655,1082947669,20,46,3,45,203,226,37,207,258,378,40,53,-10.93,8.94,-4.44
2656,1082948157,19,48,12,45,202,225,37,206,257,387,41,53,-0.73,6.17,7.41
2657,1082948646,20,48,12,42,200,214,39,203,259,388,40,53,-0.73,6.17,7.41
2658,1082949171,19,48,13,43,202,211,38,202,259,384,40,53,-0.73,6.17,7.41
2659,1082950178,20,46,13,47,203,225,36,202,259,378,41,52,-0.73,6.17,7.41
2660,1082951172,20,46,14,47,199,225,37,202,259,379,41,52,-0.73,6.17,7.41
2661,1082952172,19,47,15,48,202,226,39,201,259,392,41,52,-0.73,6.17,7.41
2662,1082955574,19,47,17,46,200,225,40,205,260,395,40,52,-0.73,6.17,7.41
2663,1082957898,19,45,16,48,201,212,39,206,260,398,40,53,-0.73,6.17,7.41
2664,1082958410,18,48,21,52,199,217,40,205,262,388,41,52,8.31,-6.49,-9.64
2665,1082959172,19,49,25,50,202,212,40,205,262,387,41,51,8.31,-6.49,-9.64
2666,1082960171,19,48,28,51,199,222,40,209,262,387,41,51,8.31,-6.49,-9.64
2667,1082961188,20,47,32,56,193,214,38,207,262,391,41,52,8.31,-6.49,-9.64
2668,1082962172,19,48,35,52,193,225,40,204,262,393,41,51,8.31,-6.49,-9.64
2669,1082963173,19,47,36,48,201,211,39,205,263,393,41,51,8.31,-6.49,-9.64
2670,1082964172,18,48,37,43,201,214,40,209,263,393,41,52,8.31,-6.49,-9.64
2671,1082965172,18,48,42,43,202,217,40,209,262,392,41,52,8.31,-6.49,-9.64
2672,1082966172,18,48,43,45,203,212,40,208,263,388,41,51,8.31,-6.49,-9.64
2673,1082967172,19,50,45,47,198,214,41,206,261,387,40,50,8.31,-6.49,-9.64
2674,1082968183,19,48,40,48,197,213,41,206,261,386,41,51,-7.03,0,5.12
2675,1082969183,19,47,29,48,198,214,38,208,261,383,41,50,-7.03,0,5.12
2676,1082970167,18,47,22,45,198,214,39,207,262,382,41,49,-7.03,0,5.12
2677,1082971167,18,47,13,48,198,212,40,209,262,383,41,51,-7.03,0,5.12
2678,1082972183,18,50,13,48,200,213,40,210,263,382,41,52,-7.03,0,5.12
2679,1082973167,19,49,13,46,200,214,40,210,261,381,41,52,-7.03,0,5.12
2680,1082974183,18,49,14,47,203,225,40,207,262,381,41,52,-7.03,0,5.12
2681,1082975166,19,50,14,48,200,214,39,211,260,382,42,49,-7.03,0,5.12
2682,1082976166,19,49,15,45,200,213,40,210,259,383,42,50,-7.03,0,5.12
2683,1082977166,19,48,16,45,201,215,37,211,260,384,42,51,-7.03,0,5.12
2684,1082978168,20,52,17,46,201,214,41,210,259,385,42,50,-0.62,-1.25,5.44
2685,1082979167,19,50,19,46,200,215,38,208,260,387,41,51,-0.62,-1.25,5.44
2686,1082980167,19,52,22,47,198,214,41,210,259,384,40,52,-0.62,-1.25,5.44
2687,1082981184,19,51,27,42,194,215,39,209,259,381,39,53,-0.62,-1.25,5.44
2688,1082982167,19,48,33,47,198,214,40,211,260,379,40,52,-0.62,-1.25,5.44
2689,1082983168,19,49,39,48,200,225,39,209,260,378,40,51,-0.62,-1.25,5.44
2690,1082984167,19,50,42,47,202,225,42,210,260,378,41,52,-0.62,-1.25,5.44
2691,1082985184,19,49,44,47,203,214,40,208,261,381,41,51,-0.62,-1.25,5.44
2692,1082987879,19,50,46,49,200,215,40,209,260,383,41,50,-0.62,-1.25,5.44
2693,1082988368,20,52,46,48,200,225,39,210,259,385,41,52,2.37,0.51,-0.94
2694,1082989172,20,51,47,49,200,225,40,210,261,387,41,52,2.37,0.51,-0.94
2695,1082990188,20,48,47,48,201,225,39,217,259,389,40,52,2.37,0.51,-0.94
2696,1082991172,20,49,46,49,201,213,39,210,260,390,41,51,2.37,0.51,-0.94
2697,1082992172,19,52,47,48,200,211,39,213,259,389,41,50,2.37,0.51,-0.94
2698,1082995783,20,51,46,48,200,214,39,210,260,388,42,52,2.37,0.51,-0.94
2699,1082997734,18,48,47,44,199,213,40,212,260,385,41,52,2.37,0.51,-0.94
2700,1082998242,18,49,45,45,200,217,40,211,258,384,41,50,3.54,0.31,-4.63
2701,1082999188,18,52,45,47,201,215,38,215,261,385,42,50,3.54,0.31,-4.63
2702,1083000195,18,50,43,48,200,213,38,212,260,383,40,52,3.54,0.31,-4.63
2703,1083001189,18,49,43,44,202,214,37,210,261,385,41,50,3.54,0.31,-4.63
2704,1083002188,18,51,43,47,203,212,39,210,260,385,42,51,3.54,0.31,-4.63
2705,1083005573,18,52,40,48,203,211,39,207,259,384,42,51,3.54,0.31,-4.63
2706,1083007898,19,48,27,46,203,211,37,210,261,382,42,51,3.54,0.31,-4.63
2707,1083008403,20,48,28,43,203,212,36,211,260,383,43,51,-3.96,1.34,3.02
2708,1083009188,19,47,27,45,202,215,38,210,259,384,43,52,-3.96,1.34,3.02
2709,1083010188,19,48,25,45,201,218,39,211,260,383,41,52,-3.96,1.34,3.02
2710,1083011188,19,49,12,45,202,211,39,211,261,384,41,52,-3.96,1.34,3.02
2711,1083012188,19,49,7,45,200,215,38,209,259,384,41,54,-3.96,1.34,3.02
2712,1083013198,19,49,8,43,201,213,39,209,259,385,40,55,-3.96,1.34,3.02
2713,1083014188,20,50,13,45,203,216,36,210,261,385,40,52,-3.96,1.34,3.02
2714,1083015188,19,50,15,47,201,214,35,210,260,385,40,52,-3.96,1.34,3.02
2715,1083016188,19,49,18,46,202,212,38,212,258,385,40,52,-3.96,1.34,3.02
2716,1083017187,20,46,19,46,198,214,37,210,260,385,40,53,-3.96,1.34,3.02
2717,1083018184,19,51,19,45,200,218,38,210,260,385,41,52,-1.03,-2.89,-1.72
2718,1083019184,19,48,20,45,201,216,38,210,260,386,41,52,-1.03,-2.89,-1.72
2719,1083020184,19,52,20,45,198,215,37,210,260,386,42,53,-1.03,-2.89,-1.72
2720,1083021184,19,50,21,44,201,214,40,209,261,386,41,52,-1.03,-2.89,-1.72
2721,1083022184,19,50,22,46,200,212,38,208,260,386,41,52,-1.03,-2.89,-1.72
2722,1083023184,19,50,25,47,197,221,37,209,261,386,41,54,-1.03,-2.89,-1.72
2723,1083024184,18,48,26,47,203,219,37,212,262,387,41,51,-1.03,-2.89,-1.72
2724,1083025184,19,47,29,49,203,216,39,217,260,388,41,49,-1.03,-2.89,-1.72
2725,1083026183,20,47,31,49,198,218,39,213,261,391,42,51,-1.03,-2.89,-1.72
2726,1083027184,19,49,31,49,195,221,37,211,260,393,41,50,-1.03,-2.89,-1.72
2727,1083028188,19,51,37,47,201,215,38,211,259,393,42,50,3.15,-1.2,-3.07
2728,1083029188,19,48,37,46,201,216,38,214,260,393,43,51,3.15,-1.2,-3.07
2729,1083030188,18,51,34,43,200,214,39,211,261,392,43,52,3.15,-1.2,-3.07
2730,1083031188,19,48,33,43,200,221,39,211,260,392,42,53,3.15,-1.2,-3.07
2731,1083032188,19,50,38,46,198,211,37,212,260,393,42,51,3.15,-1.2,-3.07
2732,1083033188,19,51,36,45,198,216,38,209,261,393,42,50,3.15,-1.2,-3.07
2733,1083034188,19,51,37,44,200,211,40,214,259,390,42,50,3.15,-1.2,-3.07
2734,1083035187,20,52,36,44,200,215,39,213,261,389,42,51,3.15,-1.2,-3.07
2735,1083036574,19,50,36,45,197,213,37,209,261,389,42,50,3.15,-1.2,-3.07
2736,1083037934,19,51,36,46,203,211,36,213,261,389,42,51,-2,4.15,2.88
2737,1083038431,19,49,36,45,202,211,36,213,260,389,43,51,-2,4.15,2.88
2738,1083039179,18,50,32,46,203,212,38,210,261,389,43,51,-2,4.15,2.88
2739,1083040179,18,50,30,44,199,213,39,209,262,389,42,52,-2,4.15,2.88
2740,1083041179,19,51,28,42,198,211,38,210,261,387,42,52,-2,4.15,2.88
2741,1083042179,19,48,30,45,199,213,37,212,260,388,43,50,-2,4.15,2.88
2742,1083045575,19,50,30,45,201,222,35,211,261,388,43,51,-2,4.15,2.88
2743,1083047729,19,49,34,44,203,211,37,214,262,389,43,51,-2,4.15,2.88
2744,1083048233,19,51,38,43,200,216,39,212,261,389,43,51,2.09,-3.18,1.6
2745,1083049193,19,47,38,45,202,212,38,211,261,389,43,52,2.09,-3.18,1.6
2746,1083050188,19,50,37,48,203,215,39,209,260,389,41,51,2.09,-3.18,1.6
2747,1083051188,20,53,40,49,200,212,38,209,262,388,42,50,2.09,-3.18,1.6
2748,1083052191,20,48,41,47,200,212,37,209,262,389,41,51,2.09,-3.18,1.6
2749,1083055569,20,50,42,49,200,221,38,211,261,388,42,52,2.09,-3.18,1.6
2750,1083057898,19,48,44,45,200,212,37,213,260,389,42,50,2.09,-3.18,1.6
2751,1083058403,19,51,44,46,198,216,38,212,262,389,42,51,0.22,-2.13,-3.11
2752,1083059188,20,51,41,46,197,219,39,209,261,389,43,50,0.22,-2.13,-3.11
2753,1083060188,19,51,41,46,198,219,38,209,262,388,43,51,0.22,-2.13,-3.11
2754,1083061188,19,49,44,44,201,216,38,212,261,385,44,51,0.22,-2.13,-3.11
2755,1083062188,19,51,44,46,197,214,37,213,262,387,43,52,0.22,-2.13,-3.11
2756,1083063198,19,53,43,45,201,222,38,212,262,387,43,51,0.22,-2.13,-3.11
2757,1083064188,19,49,44,42,201,211,38,209,262,388,43,50,0.22,-2.13,-3.11
2758,1083065188,20,51,41,46,199,216,36,213,261,388,43,52,0.22,-2.13,-3.11
2759,1083066189,19,47,43,45,200,215,39,211,261,389,43,51,0.22,-2.13,-3.11
2760,1083067188,19,50,42,45,200,211,37,209,260,389,43,51,0.22,-2.13,-3.11
2761,1083068188,19,49,43,47,200,213,39,212,262,387,43,51,-0.76,0.8,0.66
2762,1083069188,19,49,40,43,197,216,37,211,260,383,43,53,-0.76,0.8,0.66
2763,1083070188,18,50,44,47,200,217,39,211,262,383,43,51,-0.76,0.8,0.66
2764,1083071189,19,50,40,45,200,213,38,210,263,383,43,51,-0.76,0.8,0.66
2765,1083072188,18,53,39,46,200,214,39,214,262,383,43,51,-0.76,0.8,0.66
2766,1083073189,18,49,39,44,200,211,37,211,260,383,43,53,-0.76,0.8,0.66
2767,1083074188,20,49,44,44,201,217,38,212,262,384,43,51,-0.76,0.8,0.66
2768,1083075188,19,49,39,45,201,213,39,209,262,384,43,51,-0.76,0.8,0.66
2769,1083076188,18,51,40,47,197,214,38,212,262,385,44,53,-0.76,0.8,0.66
2770,1083077188,19,49,41,45,200,214,40,209,261,384,42,52,-0.76,0.8,0.66
2771,1083078188,19,50,37,45,200,213,40,209,262,385,42,52,0.1,1.46,0.16
2772,1083079188,19,52,40,45,201,212,41,211,262,384,42,51,0.1,1.46,0.16
2773,1083080188,19,49,38,45,202,213,41,211,261,384,43,53,0.1,1.46,0.16
2774,1083081188,19,48,37,43,200,214,39,210,260,384,42,52,0.1,1.46,0.16
2775,1083082188,19,48,39,46,201,217,39,212,262,385,42,51,0.1,1.46,0.16
2776,1083083188,19,48,40,46,201,218,38,209,262,385,41,52,0.1,1.46,0.16
2777,1083084188,18,47,38,47,199,212,37,210,262,385,41,52,0.1,1.46,0.16
2778,1083085188,19,47,39,49,201,216,39,214,261,384,41,54,0.1,1.46,0.16
2779,1083087702,18,51,40,49,201,216,39,213,262,385,41,52,0.1,1.46,0.16
2780,1083088208,19,50,37,45,203,217,38,214,262,386,41,52,1.2,-1.1,-2.4
2781,1083089189,19,49,38,42,201,213,39,211,261,386,41,52,1.2,-1.1,-2.4
2782,1083090189,19,52,38,46,199,217,40,211,263,385,41,52,1.2,-1.1,-2.4
2783,1083091188,20,51,37,45,201,213,39,210,263,386,41,51,1.2,-1.1,-2.4
2784,1083092188,20,50,36,45,200,209,37,213,259,384,42,51,1.2,-1.1,-2.4
2785,1083095800,19,51,38,46,200,215,39,212,262,386,42,50,1.2,-1.1,-2.4
2786,1083097794,19,50,40,47,200,214,40,211,261,387,44,50,1.2,-1.1,-2.4
2787,1083098299,19,50,38,45,201,213,38,209,261,388,43,51,0.09,-1.22,0.13
2788,1083099188,19,52,36,45,198,217,40,212,262,388,43,50,0.09,-1.22,0.13
2789,1083100188,19,52,36,45,200,214,40,210,263,388,43,50,0.09,-1.22,0.13
2790,1083101190,18,50,37,45,200,212,38,211,263,388,43,53,0.09,-1.22,0.13
2791,1083102188,18,53,34,45,201,211,39,210,261,389,43,52,0.09,-1.22,0.13
2792,1083105570,19,52,35,45,203,212,39,210,261,389,43,51,0.09,-1.22,0.13
2793,1083107899,18,47,33,45,202,217,40,210,262,388,43,50,0.09,-1.22,0.13
2794,1083108406,20,51,31,43,201,212,39,212,261,387,43,50,-1.96,0.44,1.87
2795,1083109188,19,49,33,43,203,214,38,209,261,387,43,50,-1.96,0.44,1.87
2796,1083110188,19,50,33,44,203,213,39,210,262,387,43,50,-1.96,0.44,1.87
2797,1083111187,19,49,34,42,201,215,40,213,262,387,43,53,-1.96,0.44,1.87
2798,1083112188,19,49,37,45,203,213,40,209,262,388,43,51,-1.96,0.44,1.87
2799,1083113196,19,50,38,44,203,215,41,213,262,387,43,50,-1.96,0.44,1.87
2800,1083114188,21,48,36,44,199,213,37,211,261,387,43,51,-1.96,0.44,1.87
