3100,1316953188,20,49,7,32,138,210,77,211,286,427,6,31,-1.08,-0.45,0.27
3101,1316954172,21,52,7,35,139,213,78,210,285,427,6,31,-1.08,-0.45,0.27
3102,1316955172,20,53,7,35,138,212,76,208,284,427,6,36,-1.08,-0.45,0.27
3103,1316956188,21,52,7,35,140,210,76,211,280,427,6,36,-1.08,-0.45,0.27
3104,1316959787,21,52,7,36,139,216,78,209,282,427,6,36,-1.08,-0.45,0.27
3105,1316961754,20,50,7,34,138,214,77,208,286,426,6,30,-0.28,0.05,-0.82
3106,1316962245,20,52,7,33,139,213,78,209,287,427,6,35,-0.28,0.05,-0.82
3107,1316963171,21,53,7,35,140,216,75,207,285,427,6,30,-0.28,0.05,-0.82
3108,1316964171,21,50,7,34,139,213,77,208,284,427,6,30,-0.28,0.05,-0.82
3109,1316965190,21,51,7,35,139,212,77,210,284,427,6,36,-0.28,0.05,-0.82
3110,1316966188,21,51,7,32,138,217,75,209,286,427,6,36,-0.28,0.05,-0.82
3111,1316967177,21,51,7,33,140,214,79,208,284,427,6,30,-0.28,0.05,-0.82
3112,1316968172,21,54,7,35,139,216,77,209,279,427,6,36,-0.28,0.05,-0.82
3113,1316969195,21,51,7,33,140,213,77,211,286,427,6,36,-0.28,0.05,-0.82
3114,1316970193,21,53,7,34,141,217,76,208,287,427,6,30,-0.28,0.05,-0.82
3115,1316971457,21,54,7,32,138,216,80,207,287,426,7,36,-0.28,0.05,-0.82
3116,1316972188,22,53,7,34,139,213,76,209,286,427,6,36,-0.52,-0.04,0.67
3117,1316973173,21,53,7,34,138,216,74,209,284,427,6,36,-0.52,-0.04,0.67
3118,1316974188,21,53,7,35,139,212,76,209,287,427,6,36,-0.52,-0.04,0.67
3119,1316975178,21,51,7,32,139,216,79,211,281,426,6,36,-0.52,-0.04,0.67
3120,1316976176,21,51,7,34,141,210,77,208,286,427,7,36,-0.52,-0.04,0.67
3121,1316977172,21,55,7,34,138,212,76,208,284,427,6,30,-0.52,-0.04,0.67
3122,1316978188,21,54,7,35,137,212,78,209,287,427,6,36,-0.52,-0.04,0.67
3123,1316979177,22,50,7,32,138,213,77,209,286,427,6,30,-0.52,-0.04,0.67
3124,1316980171,21,53,7,35,138,209,75,209,285,427,6,36,-0.52,-0.04,0.67
3125,1316981428,21,51,7,35,139,214,70,193,287,426,6,36,-0.52,-0.04,0.67
3126,1316982185,22,51,7,36,137,204,71,171,284,417,6,30,0.18,0.32,0.84
3127,1316983171,21,53,7,33,139,209,129,207,281,404,1,37,0.18,0.32,0.84
3128,1316984171,18,48,7,32,142,209,39,151,276,380,5,37,0.18,0.32,0.84
3129,1316985188,18,46,6,28,145,204,70,266,275,364,4,26,0.18,0.32,0.84
3130,1316986172,16,49,6,25,148,210,128,266,246,399,3,23,0.18,0.32,0.84
3131,1316987175,20,51,6,25,146,205,160,119,270,333,6,27,0.18,0.32,0.84
3132,1316988171,24,52,6,26,144,213,153,234,267,324,10,28,0.18,0.32,0.84
3133,1316989171,22,49,18,36,145,228,170,257,246,351,14,28,0.18,0.32,0.84
3134,1316991666,25,52,10,29,148,229,204,239,255,315,22,37,0.18,0.32,0.84
3135,1316992157,35,69,12,30,172,215,261,269,248,298,40,30,-0.14,0.75,0.17
3136,1316992640,27,76,15,45,170,212,262,244,244,299,1,25,-0.14,0.75,0.17
3137,1316993167,26,79,32,42,173,213,254,275,242,299,1,17,-0.14,0.75,0.17
3138,1316994191,37,61,38,29,174,212,276,238,243,290,1,46,-0.14,0.75,0.17
3139,1316995167,38,74,32,33,176,231,290,210,239,295,1,73,-0.14,0.75,0.17
3140,1316996184,33,94,38,30,177,235,301,238,240,299,1,37,-0.14,0.75,0.17
3141,1316999580,49,63,44,30,172,248,326,233,233,321,23,44,-0.14,0.75,0.17
3142,1317001527,58,102,23,56,193,236,390,226,231,297,60,30,-0.14,0.75,0.17
3143,1317002028,64,129,69,87,180,260,393,235,222,264,151,76,-2.2,0.3,2.53
3144,1317002528,61,123,80,23,192,263,389,249,232,231,128,134,-2.2,0.3,2.53
3145,1317003167,64,126,81,63,190,256,362,262,229,232,77,145,-2.2,0.3,2.53
3146,1317004168,64,118,81,100,200,265,341,286,213,293,219,185,-2.2,0.3,2.53
3147,1317005167,70,135,86,128,200,251,372,300,210,281,297,152,-2.2,0.3,2.53
3148,1317006183,64,133,94,129,224,237,396,249,212,294,348,217,-2.2,0.3,2.53
3149,1317009143,70,133,91,162,212,259,402,307,226,262,391,225,-2.2,0.3,2.53
3150,1317011655,67,173,92,184,236,266,389,333,241,274,348,267,-2.2,0.3,2.53
3151,1317012138,144,233,97,224,260,297,388,305,223,287,432,298,-0.78,-4.51,30.75
3152,1317012622,124,203,94,227,264,304,392,323,222,287,440,303,-0.78,-4.51,30.75
3153,1317013168,109,255,93,229,275,303,384,312,220,287,442,322,-0.78,-4.51,30.75
3154,1317014167,144,244,95,224,246,335,388,306,234,295,466,328,-0.78,-4.51,30.75
3155,1317015171,155,248,94,214,261,349,392,300,234,292,471,337,-0.78,-4.51,30.75
3156,1317016168,149,316,96,237,288,344,396,295,234,315,471,349,-0.78,-4.51,30.75
3157,1317017183,180,334,147,242,290,357,406,299,241,281,474,345,-0.78,-4.51,30.75
3158,1317018184,189,330,150,245,317,365,409,313,222,324,485,344,-0.78,-4.51,30.75
3159,1317019167,208,342,144,254,330,360,417,317,239,334,489,344,-0.78,-4.51,30.75
3160,1317020170,214,326,142,253,394,359,418,319,235,318,486,342,-0.78,-4.51,30.75
3161,1317021426,215,342,143,257,373,374,418,327,235,333,492,339,-0.78,-4.51,30.75
3162,1317022191,219,341,142,259,391,376,422,328,240,331,493,312,-25.44,9.6,37.38
3163,1317023171,221,346,141,263,402,368,424,329,234,339,497,294,-25.44,9.6,37.38
3164,1317024171,231,348,139,262,417,373,424,336,230,338,493,320,-25.44,9.6,37.38
3165,1317025192,240,348,142,264,408,376,424,334,236,330,497,316,-25.44,9.6,37.38
3166,1317026178,249,351,137,267,416,373,428,337,237,330,497,325,-25.44,9.6,37.38
3167,1317027178,250,352,133,275,425,366,429,341,230,336,498,293,-25.44,9.6,37.38
3168,1317028191,250,349,130,273,435,362,433,341,235,333,485,286,-25.44,9.6,37.38
3169,1317029172,251,350,133,285,434,361,431,350,241,330,449,309,-25.44,9.6,37.38
3170,1317030177,211,347,130,289,434,358,419,337,230,329,431,299,-25.44,9.6,37.38
3171,1317031425,243,346,124,273,432,347,425,342,228,333,461,268,-25.44,9.6,37.38
3172,1317032197,246,343,115,278,421,353,419,335,229,336,461,266,-39.13,15.2,37.55
3173,1317033171,244,327,122,274,424,355,427,337,229,334,435,234,-39.13,15.2,37.55
3174,1317034178,224,327,131,274,417,342,435,325,232,330,470,229,-39.13,15.2,37.55
3175,1317035172,220,322,135,273,417,351,428,322,235,333,447,203,-39.13,15.2,37.55
3176,1317036172,233,323,127,269,411,352,437,325,237,337,409,144,-39.13,15.2,37.55
3177,1317037188,240,323,122,259,416,349,443,274,219,349,394,186,-39.13,15.2,37.55
3178,1317038172,239,327,123,266,411,352,452,291,223,343,386,195,-39.13,15.2,37.55
3179,1317039171,240,313,124,265,408,349,456,272,224,343,378,158,-39.13,15.2,37.55
3180,1317040381,233,302,120,258,399,351,456,271,221,337,427,182,-39.13,15.2,37.55
3181,1317041730,199,294,110,225,392,351,445,261,213,340,371,150,-39.13,20.45,35.67
3182,1317042222,196,284,109,253,393,356,443,251,225,337,340,159,-39.13,20.45,35.67
3183,1317043189,233,257,99,235,398,350,438,248,243,335,318,143,-39.13,20.45,35.67
3184,1317044171,220,269,94,228,390,353,425,235,241,343,262,138,-39.13,20.45,35.67
3185,1317045188,178,233,82,207,396,347,421,234,247,351,279,132,-39.13,20.45,35.67
3186,1317046172,209,222,68,203,395,345,402,230,250,342,229,144,-39.13,20.45,35.67
3187,1317049590,167,212,69,204,398,345,393,230,246,353,215,135,-39.13,20.45,35.67
3188,1317051525,166,202,63,204,393,330,379,238,252,363,143,128,-39.13,20.45,35.67
3189,1317052014,169,209,61,201,378,334,382,229,257,344,122,135,-15.01,12.02,9.36
3190,1317052502,193,208,65,201,386,334,377,231,256,330,127,134,-15.01,12.02,9.36
3191,1317053229,158,213,69,199,384,330,381,238,254,330,121,134,-15.01,12.02,9.36
3192,1317054172,152,218,71,197,385,326,372,245,247,310,104,134,-15.01,12.02,9.36
3193,1317055172,155,222,67,193,385,325,334,210,242,324,124,137,-15.01,12.02,9.36
3194,1317056171,157,233,69,191,385,322,352,243,245,317,129,146,-15.01,12.02,9.36
3195,1317059341,148,235,66,185,381,324,322,237,236,325,144,97,-15.01,12.02,9.36
3196,1317061680,146,230,68,191,355,316,305,237,220,284,170,12,-15.01,12.02,9.36
3197,1317062168,151,187,67,139,360,322,304,233,204,273,143,27,-26.77,4.57,11.96
3198,1317062656,139,185,70,139,353,320,305,231,197,299,146,43,-26.77,4.57,11.96
3199,1317063172,171,159,69,121,348,319,303,213,194,301,131,57,-26.77,4.57,11.96
3200,1317064171,149,168,70,112,356,316,305,233,198,296,98,134,-26.77,4.57,11.96
3201,1317065171,150,153,63,129,355,315,303,235,199,300,101,142,-26.77,4.57,11.96
3202,1317066172,169,134,60,84,336,313,311,227,202,287,90,144,-26.77,4.57,11.96
3203,1317067174,152,139,58,78,335,319,301,234,205,270,95,142,-26.77,4.57,11.96
3204,1317068172,123,125,43,65,330,320,298,226,209,266,103,140,-26.77,4.57,11.96
3205,1317069172,117,112,43,67,329,304,263,207,202,289,108,142,-26.77,4.57,11.96
3206,1317070172,113,131,41,63,330,298,257,241,200,295,113,145,-26.77,4.57,11.96
3207,1317071419,113,106,43,68,323,301,228,212,208,295,113,143,-26.77,4.57,11.96
3208,1317072172,102,124,39,62,317,301,208,227,203,301,110,144,-1.82,-18.65,15.88
3209,1317073172,89,113,39,73,316,290,205,204,208,314,108,144,-1.82,-18.65,15.88
3210,1317074172,83,126,44,64,314,291,201,206,204,326,107,149,-1.82,-18.65,15.88
3211,1317075172,74,131,48,79,308,290,190,203,207,330,106,143,-1.82,-18.65,15.88
3212,1317076172,67,131,46,79,298,301,181,204,209,352,109,143,-1.82,-18.65,15.88
3213,1317077171,67,132,46,81,300,301,180,200,231,349,104,140,-1.82,-18.65,15.88
3214,1317078172,68,129,50,76,298,303,172,199,221,343,109,141,-1.82,-18.65,15.88
3215,1317079172,65,123,51,83,297,306,172,203,239,346,109,140,-1.82,-18.65,15.88
3216,1317080172,67,132,52,78,298,306,166,195,235,370,107,141,-1.82,-18.65,15.88
3217,1317081429,70,137,56,77,301,303,159,199,234,358,110,139,-1.82,-18.65,15.88
3218,1317082172,71,131,51,80,303,287,151,199,238,364,110,139,-11.39,-0.66,0.88
3219,1317083171,72,131,53,78,305,271,145,199,241,356,109,140,-11.39,-0.66,0.88
3220,1317084172,78,134,49,79,312,276,146,196,248,354,104,141,-11.39,-0.66,0.88
3221,1317085172,81,128,47,80,311,274,139,193,214,356,90,139,-11.39,-0.66,0.88
3222,1317086172,66,128,51,80,308,288,137,195,209,330,90,141,-11.39,-0.66,0.88
3223,1317087171,82,110,52,71,309,275,133,190,212,344,82,137,-11.39,-0.66,0.88
3224,1317088172,87,122,54,60,307,276,125,190,231,337,79,137,-11.39,-0.66,0.88
3225,1317089171,76,114,52,75,306,276,116,171,237,323,79,135,-11.39,-0.66,0.88
3226,1317091466,67,120,53,75,308,272,111,162,234,315,78,134,-11.39,-0.66,0.88
3227,1317091954,63,110,50,74,295,273,96,148,239,293,1,129,-32.94,0.1,15.84
3228,1317092443,61,100,50,67,295,270,89,146,234,312,1,129,-32.94,0.1,15.84
3229,1317093172,56,109,39,75,295,265,88,148,234,319,1,125,-32.94,0.1,15.84
3230,1317094172,61,106,41,76,291,269,88,147,235,316,80,121,-32.94,0.1,15.84
3231,1317095172,59,92,42,79,268,269,84,146,241,317,74,118,-32.94,0.1,15.84
3232,1317096171,59,101,38,75,249,275,93,142,233,318,71,106,-32.94,0.1,15.84
3233,1317099344,65,102,39,75,236,268,100,133,239,320,73,104,-32.94,0.1,15.84
3234,1317101482,61,108,26,69,226,241,86,141,239,323,75,77,-32.94,0.1,15.84
3235,1317101970,62,98,6,75,209,212,106,168,259,310,102,79,-32.87,-10.24,-13.44
3236,1317102460,62,93,17,77,205,215,104,168,259,319,116,79,-32.87,-10.24,-13.44
3237,1317103171,64,98,2,74,205,209,113,172,263,320,60,77,-32.87,-10.24,-13.44
3238,1317104172,62,100,1,78,201,205,109,189,247,341,45,80,-32.87,-10.24,-13.44
3239,1317105172,60,97,2,78,201,203,116,194,248,357,43,78,-32.87,-10.24,-13.44
3240,1317106172,56,104,2,79,200,200,122,237,250,344,42,83,-32.87,-10.24,-13.44
3241,1317109556,57,85,3,75,181,200,134,235,262,348,44,85,-32.87,-10.24,-13.44
3242,1317111680,54,83,5,61,163,197,123,247,263,330,1,86,-32.87,-10.24,-13.44
3243,1317112169,54,78,9,61,150,190,137,214,263,317,39,63,-13.52,2.3,27.96
3244,1317112662,55,81,7,66,150,185,141,219,252,327,41,67,-13.52,2.3,27.96
3245,1317113171,55,71,7,60,164,172,144,215,252,323,41,65,-13.52,2.3,27.96
3246,1317114172,54,67,2,55,169,165,142,212,248,322,41,73,-13.52,2.3,27.96
3247,1317115170,53,54,2,62,161,177,146,214,253,333,45,74,-13.52,2.3,27.96
3248,1317116172,50,56,3,61,141,185,149,203,252,331,42,67,-13.52,2.3,27.96
3249,1317117173,53,50,3,61,140,183,150,206,253,322,45,63,-13.52,2.3,27.96
3250,1317118172,47,51,3,53,138,179,152,203,256,354,44,57,-13.52,2.3,27.96
3251,1317119171,43,46,4,53,140,178,150,206,259,336,46,53,-13.52,2.3,27.96
3252,1317120172,43,49,2,50,139,189,150,206,218,362,57,46,-13.52,2.3,27.96
3253,1317121412,42,47,2,53,139,187,150,212,239,382,67,22,-13.52,2.3,27.96
3254,1317122167,44,48,3,49,136,185,140,213,252,376,1,3,-18.12,-0.65,18
3255,1317123168,36,67,3,49,139,183,145,215,256,408,1,1,-18.12,-0.65,18
3256,1317124168,42,46,2,57,135,191,143,214,259,395,44,1,-18.12,-0.65,18
3257,1317125167,38,53,2,64,126,187,143,213,267,399,49,2,-18.12,-0.65,18
3258,1317126169,39,58,2,57,132,187,140,212,267,403,46,3,-18.12,-0.65,18
3259,1317127167,31,53,3,64,126,189,142,205,269,408,47,2,-18.12,-0.65,18
3260,1317128168,28,46,3,61,123,182,141,204,270,408,42,1,-18.12,-0.65,18
3261,1317129167,28,4,3,60,120,187,137,199,278,412,45,3,-18.12,-0.65,18
3262,1317130167,28,3,2,58,123,184,135,200,273,397,41,6,-18.12,-0.65,18
3263,1317131404,31,4,2,54,121,190,138,193,279,397,39,7,-18.12,-0.65,18
3264,1317132172,29,48,2,58,110,193,134,190,275,406,10,11,16.18,-10.94,-8.83
3265,1317133171,30,46,2,52,110,193,133,204,272,409,5,11,16.18,-10.94,-8.83
3266,1317134172,26,47,2,53,115,197,135,212,275,408,1,11,16.18,-10.94,-8.83
3267,1317135172,34,57,3,52,125,199,131,235,272,407,1,11,16.18,-10.94,-8.83
3268,1317136172,46,57,3,57,117,190,133,236,272,404,1,12,16.18,-10.94,-8.83
3269,1317137171,47,63,1,59,124,189,123,236,270,402,1,14,16.18,-10.94,-8.83
3270,1317138171,50,64,2,55,130,202,127,235,272,395,1,11,16.18,-10.94,-8.83
3271,1317139171,52,67,2,57,131,202,128,234,273,395,1,21,16.18,-10.94,-8.83
3272,1317141488,50,73,3,58,135,201,128,212,277,391,1,16,16.18,-10.94,-8.83
3273,1317141973,42,48,3,52,139,200,127,202,276,390,1,13,4.23,21.52,24.03
3274,1317142458,44,49,3,53,142,202,123,195,276,391,1,13,4.23,21.52,24.03
3275,1317143168,35,50,3,50,148,203,123,197,272,392,1,11,4.23,21.52,24.03
3276,1317144167,35,48,1,41,152,202,127,192,276,383,1,12,4.23,21.52,24.03
3277,1317145167,38,47,3,29,155,204,123,191,273,384,1,11,4.23,21.52,24.03
3278,1317146168,36,49,4,29,165,202,117,183,274,376,1,9,4.23,21.52,24.03
3279,1317149768,35,49,3,28,172,205,110,182,276,378,1,2,4.23,21.52,24.03
3280,1317151547,33,53,3,41,171,208,107,172,272,367,1,1,32.02,10.33,-25.36
3281,1317152035,38,52,4,42,171,211,98,151,289,381,1,1,32.02,10.33,-25.36
3282,1317152519,41,54,3,47,181,207,100,150,292,381,1,1,32.02,10.33,-25.36
3283,1317153170,38,60,3,48,176,210,96,148,298,382,1,7,32.02,10.33,-25.36
3284,1317154167,36,57,3,45,173,207,90,142,282,386,1,12,32.02,10.33,-25.36
3285,1317155174,34,54,3,46,172,211,85,138,267,386,1,14,32.02,10.33,-25.36
3286,1317156167,34,50,2,46,174,208,85,136,265,390,1,8,32.02,10.33,-25.36
3287,1317159352,33,56,2,48,174,210,83,124,267,392,2,17,32.02,10.33,-25.36
3288,1317161676,28,48,3,48,172,213,79,102,265,374,29,7,32.02,10.33,-25.36
3289,1317162163,26,48,3,48,172,210,70,111,257,359,28,7,22.19,-18.94,17.09
3290,1317162652,28,49,3,54,172,209,73,109,264,358,29,4,22.19,-18.94,17.09
3291,1317163172,28,53,3,50,172,209,74,140,263,361,29,5,22.19,-18.94,17.09
3292,1317164171,26,55,18,46,173,203,73,174,259,365,29,5,22.19,-18.94,17.09
3293,1317165172,30,50,3,52,173,213,72,173,257,364,30,14,22.19,-18.94,17.09
3294,1317166171,39,52,18,46,172,210,68,168,254,364,29,18,22.19,-18.94,17.09
3295,1317167176,39,56,24,45,171,208,67,123,258,359,29,20,22.19,-18.94,17.09
3296,1317168171,41,63,24,45,173,207,66,117,251,366,29,26,22.19,-18.94,17.09
3297,1317169171,42,72,23,47,176,207,64,124,242,364,30,22,22.19,-18.94,17.09
3298,1317170171,42,79,23,48,180,208,72,109,240,369,30,47,22.19,-18.94,17.09
3299,1317171416,46,74,27,44,173,211,68,120,240,366,30,30,22.19,-18.94,17.09
3300,1317172171,47,77,26,48,172,208,70,133,241,363,31,26,-7.92,13.26,8.67
3301,1317173171,49,86,23,54,178,209,72,140,243,356,31,27,-7.92,13.26,8.67
3302,1317174171,48,84,23,55,179,213,75,131,239,348,36,26,-7.92,13.26,8.67
3303,1317175172,51,87,22,54,176,210,74,139,241,352,30,23,-7.92,13.26,8.67
3304,1317176172,51,82,26,51,177,209,75,123,230,355,30,26,-7.92,13.26,8.67
3305,1317177172,50,85,26,50,176,210,71,138,204,352,36,26,-7.92,13.26,8.67
3306,1317178171,53,82,28,47,176,207,72,135,213,344,36,29,-7.92,13.26,8.67
3307,1317179171,50,85,27,49,176,210,73,133,217,349,30,28,-7.92,13.26,8.67
3308,1317180172,52,84,26,51,173,211,68,134,220,353,37,38,-7.92,13.26,8.67
3309,1317181408,52,86,28,47,172,209,70,126,234,358,37,38,-7.92,13.26,8.67
3310,1317182171,51,85,22,50,170,210,68,125,236,360,37,40,-15.32,8.08,-13.63
3311,1317183172,48,83,24,51,167,209,71,111,235,362,37,41,-15.32,8.08,-13.63
3312,1317184171,58,83,18,49,165,207,67,112,242,358,37,45,-15.32,8.08,-13.63
3313,1317185172,54,86,21,49,166,206,69,109,244,361,38,43,-15.32,8.08,-13.63
3314,1317186173,54,89,23,46,166,205,68,112,249,361,39,40,-15.32,8.08,-13.63
3315,1317187171,56,87,20,48,165,205,70,114,248,357,38,41,-15.32,8.08,-13.63
3316,1317188171,52,81,22,47,165,205,64,117,246,354,39,40,-15.32,8.08,-13.63
3317,1317189173,56,86,22,50,166,201,68,116,246,357,41,42,-15.32,8.08,-13.63
3318,1317191465,56,83,24,46,165,207,67,119,242,358,42,45,-15.32,8.08,-13.63
3319,1317191953,54,83,26,48,166,202,67,138,245,358,42,41,11.3,12.71,-7.57
3320,1317192445,55,85,26,47,166,203,67,132,247,357,42,42,11.3,12.71,-7.57
3321,1317193171,50,87,26,47,166,207,73,123,247,358,42,44,11.3,12.71,-7.57
3322,1317194172,52,84,26,48,166,204,72,133,247,357,42,41,11.3,12.71,-7.57
3323,1317195172,55,80,25,49,169,200,69,127,246,355,42,41,11.3,12.71,-7.57
3324,1317196171,52,83,24,50,165,199,69,138,250,354,41,42,11.3,12.71,-7.57
3325,1317199761,52,4,24,47,160,205,68,136,247,357,40,43,11.3,12.71,-7.57
3326,1317201540,52,4,20,48,145,201,69,126,252,363,37,40,11.3,12.71,-7.57
3327,1317202028,52,72,12,49,139,204,67,119,253,367,37,38,5.73,-1.79,-5.12
3328,1317202516,50,72,9,49,140,203,67,118,253,367,37,31,5.73,-1.79,-5.12
3329,1317203172,49,73,5,49,137,204,65,114,253,368,37,30,5.73,-1.79,-5.12
3330,1317204171,46,73,3,48,138,206,62,113,256,368,39,35,5.73,-1.79,-5.12
3331,1317205171,43,66,2,49,136,206,62,106,259,368,40,31,5.73,-1.79,-5.12
3332,1317206172,44,52,3,48,135,203,67,113,259,375,40,29,5.73,-1.79,-5.12
3333,1317209344,38,55,2,49,135,204,74,126,261,385,40,27,5.73,-1.79,-5.12
3334,1317211672,30,3,2,47,130,203,72,173,262,386,42,29,5.73,-1.79,-5.12
3335,1317212161,16,4,2,46,127,205,71,135,264,387,42,21,-19.68,-2.69,-6.61
3336,1317212649,16,4,3,45,129,207,72,133,265,385,42,20,-19.68,-2.69,-6.61
3337,1317213172,16,4,2,46,129,203,70,127,266,388,42,20,-19.68,-2.69,-6.61
3338,1317214173,14,3,3,34,115,206,71,128,266,388,42,17,-19.68,-2.69,-6.61
3339,1317215171,8,47,3,25,118,207,74,132,266,390,42,20,-19.68,-2.69,-6.61
3340,1317216177,6,49,3,21,116,204,79,136,266,389,42,20,-19.68,-2.69,-6.61
3341,1317217187,5,48,3,19,117,205,74,141,264,389,40,19,-19.68,-2.69,-6.61
3342,1317218171,5,47,3,16,117,204,77,131,265,392,37,6,-19.68,-2.69,-6.61
3343,1317219173,4,49,3,17,121,205,78,141,263,392,37,3,-19.68,-2.69,-6.61
3344,1317220171,3,46,3,17,122,203,79,143,265,393,38,4,-19.68,-2.69,-6.61
3345,1317221432,4,46,2,19,123,204,78,139,265,393,36,7,-4.42,3.43,10.42
3346,1317222171,2,46,3,17,125,206,76,143,265,396,28,5,-4.42,3.43,10.42
3347,1317223171,3,48,2,17,125,205,74,148,265,394,8,6,-4.42,3.43,10.42
3348,1317224172,3,45,3,17,126,203,76,148,265,395,6,9,-4.42,3.43,10.42
3349,1317225178,3,46,2,15,129,206,79,141,265,392,1,11,-4.42,3.43,10.42
3350,1317226178,2,47,2,17,128,205,76,149,263,395,1,18,-4.42,3.43,10.42
3351,1317227172,3,44,3,19,129,205,74,152,265,396,1,20,-4.42,3.43,10.42
3352,1317228172,3,47,2,28,127,207,76,144,263,395,1,19,-4.42,3.43,10.42
3353,1317229176,2,45,2,37,135,203,79,141,262,397,18,14,-4.42,3.43,10.42
3354,1317230171,4,49,2,34,137,206,82,143,263,398,6,13,-4.42,3.43,10.42
3355,1317231424,4,48,3,25,139,208,80,147,264,401,5,14,-0.41,-1.3,-4.91
3356,1317232172,6,48,3,23,140,208,83,153,264,398,4,13,-0.41,-1.3,-4.91
3357,1317233175,5,46,1,33,140,206,82,151,264,394,5,8,-0.41,-1.3,-4.91
3358,1317234171,3,46,2,42,138,209,84,147,264,384,5,3,-0.41,-1.3,-4.91
3359,1317235171,2,47,3,42,140,210,84,148,263,382,4,3,-0.41,-1.3,-4.91
3360,1317236171,2,48,2,42,138,206,85,151,263,379,4,11,-0.41,-1.3,-4.91
3361,1317237172,3,47,3,43,136,205,91,151,262,377,5,9,-0.41,-1.3,-4.91
3362,1317238171,3,50,2,45,140,204,85,163,263,374,28,1,-0.41,-1.3,-4.91
3363,1317239172,3,47,2,46,139,208,87,166,264,372,30,1,-0.41,-1.3,-4.91
3364,1317241357,4,47,3,45,138,205,84,166,263,369,35,1,-0.41,-1.3,-4.91
3365,1317241845,6,48,2,44,133,206,86,170,264,367,36,7,13.19,-3.87,2.06
3366,1317242337,5,44,2,43,127,204,89,170,264,366,36,12,13.19,-3.87,2.06
3367,1317243178,8,50,1,40,137,208,86,168,263,363,30,15,13.19,-3.87,2.06
3368,1317244177,9,46,2,43,129,205,87,170,262,367,38,11,13.19,-3.87,2.06
3369,1317245172,5,48,3,44,137,205,83,172,264,365,38,12,13.19,-3.87,2.06
3370,1317246171,13,46,2,38,133,206,82,174,264,367,39,11,13.19,-3.87,2.06
3371,1317249571,10,46,1,38,135,206,82,171,262,364,37,15,13.19,-3.87,2.06
3372,1317251515,14,45,3,39,138,204,83,173,263,369,37,2,13.19,-3.87,2.06
3373,1317251999,16,47,3,39,139,206,80,171,265,360,36,5,4.33,8.85,1.52
3374,1317252484,17,46,3,38,136,207,80,162,263,364,30,10,4.33,8.85,1.52
3375,1317253167,17,48,2,38,138,206,83,146,264,376,30,10,4.33,8.85,1.52
3376,1317254167,16,48,2,39,134,204,79,139,265,365,30,10,4.33,8.85,1.52
3377,1317255167,16,48,2,39,138,204,74,153,263,371,30,9,4.33,8.85,1.52
3378,1317256166,21,47,2,39,132,206,76,152,264,381,30,12,4.33,8.85,1.52
3379,1317259345,21,48,3,38,137,206,78,162,266,384,36,13,4.33,8.85,1.52
3380,1317261674,20,45,2,38,130,202,77,169,265,374,35,14,4.33,8.85,1.52
3381,1317262163,20,48,2,39,129,207,81,172,265,372,36,14,-16.19,-6.99,-1.7
3382,1317262650,21,49,3,37,129,203,80,170,265,375,36,13,-16.19,-6.99,-1.7
3383,1317263172,21,49,2,37,124,205,79,171,266,374,37,7,-16.19,-6.99,-1.7
3384,1317264178,21,48,2,38,121,209,81,167,265,370,36,7,-16.19,-6.99,-1.7
3385,1317265172,21,48,3,39,118,206,82,148,265,369,35,8,-16.19,-6.99,-1.7
3386,1317266172,21,47,1,40,116,201,79,141,265,367,36,9,-16.19,-6.99,-1.7
3387,1317267187,20,50,1,38,118,206,81,145,265,366,29,10,-16.19,-6.99,-1.7
3388,1317268171,20,48,3,40,113,205,81,148,265,370,36,10,-16.19,-6.99,-1.7
3389,1317269171,21,49,2,42,115,203,82,145,266,369,36,11,-16.19,-6.99,-1.7
3390,1317270173,21,47,3,43,117,201,81,154,264,370,35,10,-16.19,-6.99,-1.7
3391,1317271426,19,46,3,38,114,203,79,167,267,368,30,9,-16.19,-6.99,-1.7
3392,1317272182,20,50,3,42,114,203,80,167,267,373,30,10,-9.41,-4.52,0.39
3393,1317273171,20,51,1,43,114,205,74,168,265,370,30,9,-9.41,-4.52,0.39
3394,1317274178,20,50,1,38,114,202,78,167,267,373,35,7,-9.41,-4.52,0.39
3395,1317275177,20,47,3,40,113,204,75,167,266,371,35,7,-9.41,-4.52,0.39
3396,1317276172,20,49,3,43,115,202,76,166,266,378,35,7,-9.41,-4.52,0.39
3397,1317277171,20,49,2,43,115,201,72,166,265,401,36,9,-9.41,-4.52,0.39
3398,1317278176,17,50,3,40,114,204,72,165,266,393,35,8,-9.41,-4.52,0.39
3399,1317279171,17,48,2,38,113,204,73,147,266,389,35,8,-9.41,-4.52,0.39
3400,1317280171,20,48,3,40,116,201,73,144,265,388,29,8,-9.41,-4.52,0.39
3401,1317281419,20,47,2,41,116,204,74,138,267,385,30,10,-9.41,-4.52,0.39
3402,1317282184,17,47,3,40,115,205,76,128,268,387,36,8,3.11,0.57,-1.23
3403,1317283171,17,50,3,41,116,203,72,123,266,389,36,8,3.11,0.57,-1.23
3404,1317284171,17,46,1,41,117,202,71,126,267,394,31,8,3.11,0.57,-1.23
3405,1317285171,16,46,3,43,112,205,69,131,264,393,36,9,3.11,0.57,-1.23
3406,1317286171,16,46,3,44,116,202,68,134,267,392,36,9,3.11,0.57,-1.23
3407,1317287171,16,48,3,40,118,201,71,135,266,391,35,10,3.11,0.57,-1.23
3408,1317288172,16,47,1,42,115,200,67,138,267,391,30,9,3.11,0.57,-1.23
3409,1317289171,16,50,2,40,119,202,69,138,264,391,30,8,3.11,0.57,-1.23
3410,1317291487,17,47,2,42,113,202,69,139,266,390,30,7,-8.62,-5.37,3.01
3411,1317291978,15,49,2,42,115,199,66,149,266,390,30,8,-8.62,-5.37,3.01
3412,1317292466,15,47,3,39,116,202,69,145,266,389,35,9,-8.62,-5.37,3.01
3413,1317293171,16,49,3,44,114,202,64,149,266,390,36,10,-8.62,-5.37,3.01
3414,1317294172,13,49,2,41,113,205,66,150,265,389,30,10,-8.62,-5.37,3.01
3415,1317295171,12,48,2,39,114,205,66,149,267,389,30,12,-8.62,-5.37,3.01
3416,1317296178,14,47,3,39,115,204,67,153,267,391,35,10,-8.62,-5.37,3.01
3417,1317299369,15,47,3,38,115,202,66,147,267,390,36,8,-8.62,-5.37,3.01
3418,1317301296,14,44,3,41,117,203,68,149,267,389,36,8,-8.62,-5.37,3.01
3419,1317301784,12,45,2,41,117,202,68,129,265,379,35,7,0.38,5.94,-4.64
3420,1317302272,12,47,3,42,118,204,71,131,267,378,36,7,0.38,5.94,-4.64
3421,1317303171,12,49,2,40,116,200,65,127,267,376,36,6,0.38,5.94,-4.64
3422,1317304171,10,47,2,41,114,203,65,127,266,375,37,7,0.38,5.94,-4.64
3423,1317305172,9,51,3,36,116,201,68,126,266,374,37,6,0.38,5.94,-4.64
3424,1317306939,11,51,3,39,114,203,65,134,266,377,37,6,0.38,5.94,-4.64
3425,1317309774,11,45,3,38,117,203,63,138,265,384,37,6,0.38,5.94,-4.64
3426,1317311564,11,45,2,38,116,199,62,129,266,378,36,7,3,1.62,2.96
3427,1317312048,10,48,3,39,119,199,64,130,265,378,37,6,3,1.62,2.96
3428,1317312531,11,49,3,38,117,199,66,133,266,378,37,6,3,1.62,2.96
3429,1317313168,10,48,3,40,115,201,67,136,266,378,37,6,3,1.62,2.96
3430,1317314167,13,48,1,39,115,203,67,137,265,377,36,6,3,1.62,2.96
3431,1317315168,13,49,2,38,120,201,67,139,266,377,36,5,3,1.62,2.96
3432,1317316167,14,48,2,38,115,201,73,142,265,376,36,5,3,1.62,2.96
3433,1317317167,13,47,1,36,119,202,72,137,265,374,29,6,3,1.62,2.96
3434,1317318166,12,46,2,39,114,205,72,134,266,381,35,8,3,1.62,2.96
3435,1317319167,12,49,3,37,119,202,71,134,264,381,30,7,3,1.62,2.96
3436,1317320168,12,49,2,40,116,203,67,132,266,377,30,5,3,1.62,2.96
3437,1317321415,14,46,1,37,117,201,69,135,266,379,30,5,3,1.62,2.96
3438,1317322172,14,49,2,35,118,202,72,139,264,381,30,3,-0.41,-3.87,-2.51
3439,1317323171,13,48,3,36,118,202,74,136,265,381,35,4,-0.41,-3.87,-2.51
3440,1317324172,14,49,3,37,117,203,72,137,264,378,36,5,-0.41,-3.87,-2.51
3441,1317325172,14,48,1,37,118,206,73,140,266,376,30,4,-0.41,-3.87,-2.51
3442,1317326172,14,47,2,37,119,201,73,140,265,374,35,4,-0.41,-3.87,-2.51
3443,1317327171,14,48,2,39,119,201,73,139,267,382,30,5,-0.41,-3.87,-2.51
3444,1317328172,15,47,2,39,116,204,71,139,265,387,29,6,-0.41,-3.87,-2.51
3445,1317329171,14,48,2,39,117,202,73,138,265,391,35,6,-0.41,-3.87,-2.51
3446,1317330171,13,47,3,39,119,201,76,133,266,391,36,5,-0.41,-3.87,-2.51
3447,1317331419,14,49,3,39,118,200,73,139,265,391,36,4,-0.41,-3.87,-2.51
3448,1317332172,11,46,2,39,121,203,71,134,265,384,36,2,0.37,8.7,-0.29
3449,1317333171,10,48,1,38,116,200,77,137,266,389,36,3,0.37,8.7,-0.29
3450,1317334172,9,47,3,39,122,202,73,139,264,389,36,1,0.37,8.7,-0.29
3451,1317335172,8,46,2,37,114,200,75,138,266,386,36,1,0.37,8.7,-0.29
3452,1317336172,8,47,2,40,115,200,72,141,265,385,35,2,0.37,8.7,-0.29
3453,1317337171,8,47,3,39,114,200,74,141,265,384,36,1,0.37,8.7,-0.29
3454,1317338172,8,46,2,40,118,203,74,139,265,388,36,1,0.37,8.7,-0.29
3455,1317339171,8,48,3,40,114,203,73,141,264,393,36,1,0.37,8.7,-0.29
3456,1317341511,8,46,3,42,116,202,72,141,265,392,29,5,1.31,2.63,1.58
3457,1317341999,6,48,3,41,115,203,73,141,266,389,29,1,1.31,2.63,1.58
3458,1317342488,6,47,3,40,118,202,74,140,266,389,30,1,1.31,2.63,1.58
3459,1317343172,6,47,3,40,119,203,73,142,266,392,30,1,1.31,2.63,1.58
3460,1317344171,6,47,2,38,119,203,72,139,267,393,29,1,1.31,2.63,1.58
3461,1317345172,6,48,3,40,118,202,68,137,268,390,35,1,1.31,2.63,1.58
3462,1317346172,3,47,2,39,118,198,67,140,265,389,30,4,1.31,2.63,1.58
3463,1317349344,3,49,3,36,115,201,73,137,267,387,28,7,1.31,2.63,1.58
3464,1317351292,6,45,3,39,118,201,68,137,267,379,30,6,1.31,2.63,1.58
3465,1317351780,6,47,3,42,118,203,70,128,268,380,30,5,-4.04,-7.42,-0.01
3466,1317352269,6,47,3,44,117,200,71,124,266,380,29,5,-4.04,-7.42,-0.01
3467,1317353171,7,48,3,41,116,204,71,128,268,380,30,8,-4.04,-7.42,-0.01
3468,1317354172,7,48,3,41,120,201,71,130,268,380,36,6,-4.04,-7.42,-0.01
3469,1317355173,7,48,3,41,118,202,72,122,266,378,36,5,-4.04,-7.42,-0.01
3470,1317357335,6,48,1,40,114,202,71,130,265,372,36,4,-4.04,-7.42,-0.01
3471,1317359992,8,46,3,40,121,200,72,135,267,371,37,4,-4.04,-7.42,-0.01
3472,1317361565,7,46,2,41,115,202,69,133,265,373,37,1,4.04,0.81,7.07
3473,1317362053,6,49,3,39,115,202,73,131,266,375,37,1,4.04,0.81,7.07
3474,1317362540,6,50,3,37,115,203,73,131,266,375,37,1,4.04,0.81,7.07
3475,1317363171,7,47,3,40,115,203,71,130,266,376,37,6,4.04,0.81,7.07
3476,1317364172,7,49,2,39,118,199,69,126,265,376,37,4,4.04,0.81,7.07
3477,1317365172,7,48,3,41,119,203,71,126,266,373,37,5,4.04,0.81,7.07
3478,1317366171,7,47,2,41,120,200,73,123,266,381,36,4,4.04,0.81,7.07
3479,1317367172,8,45,3,41,114,202,70,119,266,385,36,1,4.04,0.81,7.07
3480,1317368172,8,46,3,39,115,202,68,123,266,388,35,1,4.04,0.81,7.07
3481,1317369171,8,50,2,40,117,202,67,130,266,388,35,1,4.04,0.81,7.07
3482,1317370172,7,45,1,39,116,198,67,134,265,380,36,5,4.04,0.81,7.07
3483,1317371424,7,49,3,39,114,202,72,134,266,376,36,6,4.04,0.81,7.07
3484,1317372171,7,49,3,40,114,202,73,131,265,377,36,7,4.22,2.44,-0.59
3485,1317373172,8,46,2,39,115,203,72,134,266,379,30,7,4.22,2.44,-0.59
3486,1317374172,7,47,2,39,113,204,71,138,265,376,30,9,4.22,2.44,-0.59
3487,1317375171,8,46,3,39,116,199,73,134,266,376,30,7,4.22,2.44,-0.59
3488,1317376172,8,47,2,38,113,200,70,138,266,378,35,7,4.22,2.44,-0.59
3489,1317377172,7,46,1,37,117,201,73,140,265,379,36,7,4.22,2.44,-0.59
3490,1317378171,7,48,2,41,123,200,67,136,265,382,30,9,4.22,2.44,-0.59
3491,1317379172,5,49,3,41,116,203,69,134,266,379,30,8,4.22,2.44,-0.59
3492,1317380171,8,47,3,41,119,203,68,134,266,378,36,7,4.22,2.44,-0.59
3493,1317381419,7,46,2,39,113,201,72,134,266,377,30,8,4.22,2.44,-0.59
3494,1317382172,7,49,3,40,120,201,71,139,266,378,35,8,-5.58,-1.33,-4.33
3495,1317383171,8,49,2,41,115,200,73,138,266,379,36,8,-5.58,-1.33,-4.33
3496,1317384172,8,49,3,40,114,203,72,141,266,380,36,7,-5.58,-1.33,-4.33
3497,1317385172,7,48,2,39,111,202,71,135,265,379,36,8,-5.58,-1.33,-4.33
3498,1317386171,8,50,3,37,115,201,72,137,265,381,35,7,-5.58,-1.33,-4.33
3499,1317387172,9,48,3,41,111,202,72,137,266,378,29,7,-5.58,-1.33,-4.33
3500,1317388171,9,50,3,40,110,203,75,139,267,378,30,8,-5.58,-1.33,-4.33
3501,1317389557,10,47,2,40,114,202,72,137,265,377,30,7,-5.58,-1.33,-4.33
3502,1317391326,10,44,3,41,118,201,75,140,267,374,31,7,0.5,3.33,0.77
3503,1317391810,8,48,3,41,114,203,73,139,266,376,35,7,0.5,3.33,0.77
3504,1317392294,8,46,3,40,114,203,75,131,266,376,36,7,0.5,3.33,0.77
3505,1317393167,7,46,3,41,116,202,74,138,265,376,36,7,0.5,3.33,0.77
3506,1317394168,8,47,3,41,119,203,73,138,264,375,36,7,0.5,3.33,0.77
3507,1317395167,7,50,1,39,115,201,74,138,266,375,37,6,0.5,3.33,0.77
3508,1317397292,5,44,1,41,114,203,73,134,265,374,36,7,0.5,3.33,0.77
3509,1317400171,4,44,3,41,118,202,69,132,264,375,37,5,0.5,3.33,0.77
3510,1317401372,4,45,3,37,116,200,72,133,263,375,36,2,-4.45,-0.83,-1.69
3511,1317401861,7,47,2,37,117,202,73,130,265,376,37,5,-4.45,-0.83,-1.69
3512,1317402350,6,48,3,40,120,200,72,127,264,374,37,6,-4.45,-0.83,-1.69
3513,1317403172,7,48,3,41,122,203,70,119,266,375,36,6,-4.45,-0.83,-1.69
3514,1317404172,7,46,3,40,121,200,71,125,264,375,36,6,-4.45,-0.83,-1.69
3515,1317405171,7,46,2,43,118,201,65,120,266,374,36,6,-4.45,-0.83,-1.69
3516,1317406740,4,46,2,39,120,200,66,121,267,389,37,7,-4.45,-0.83,-1.69
3517,1317409618,2,46,3,42,114,200,72,118,266,388,36,5,-4.45,-0.83,-1.69
3518,1317411554,2,47,3,39,119,199,69,126,266,388,36,6,-4.45,-0.83,-1.69
3519,1317412048,2,50,3,40,116,200,73,134,267,386,36,6,-5.29,-3.79,1.12
3520,1317412536,2,47,3,41,116,199,71,135,267,384,36,5,-5.29,-3.79,1.12
3521,1317413172,3,50,3,41,115,203,71,131,264,388,36,6,-5.29,-3.79,1.12
3522,1317414172,3,50,3,39,119,203,70,134,263,391,37,6,-5.29,-3.79,1.12
3523,1317415172,3,51,2,41,116,203,70,135,266,393,36,5,-5.29,-3.79,1.12
3524,1317416172,2,48,1,38,117,201,70,138,268,390,36,5,-5.29,-3.79,1.12
3525,1317417172,3,47,2,39,115,203,69,141,266,387,36,5,-5.29,-3.79,1.12
3526,1317418171,3,47,3,39,115,203,72,140,267,385,36,6,-5.29,-3.79,1.12
3527,1317419171,2,48,3,38,114,203,70,144,265,388,36,5,-5.29,-3.79,1.12
3528,1317420172,2,44,2,38,115,201,66,141,267,387,36,6,-5.29,-3.79,1.12
3529,1317421419,3,48,3,39,115,203,73,140,268,388,36,5,-5.29,-3.79,1.12
3530,1317422168,3,48,3,38,112,202,71,128,267,385,36,6,-1.25,-3.05,3.44
3531,1317423167,2,47,3,40,116,203,74,125,266,380,36,5,-1.25,-3.05,3.44
3532,1317424167,2,48,3,38,112,203,71,122,264,380,36,7,-1.25,-3.05,3.44
3533,1317425168,5,47,3,38,117,203,72,117,264,380,35,6,-1.25,-3.05,3.44
3534,1317426167,3,49,3,37,117,203,67,116,267,378,36,6,-1.25,-3.05,3.44
3535,1317427167,2,47,2,37,115,200,64,120,266,377,36,7,-1.25,-3.05,3.44
3536,1317428167,3,49,1,37,117,200,68,120,267,376,35,9,-1.25,-3.05,3.44
3537,1317429167,4,47,1,40,114,203,66,111,267,373,30,6,-1.25,-3.05,3.44
3538,1317430166,4,46,2,38,118,202,65,115,265,376,30,7,-1.25,-3.05,3.44
3539,1317431425,4,48,2,37,110,201,65,118,265,376,35,8,-1.25,-3.05,3.44
3540,1317432167,4,50,2,39,112,203,64,120,265,376,36,6,4.99,1.73,2.67
3541,1317433167,3,50,3,37,115,203,65,120,266,375,35,6,4.99,1.73,2.67
3542,1317434167,2,46,3,38,110,198,66,128,266,376,36,8,4.99,1.73,2.67
3543,1317435167,4,47,2,37,114,201,63,130,265,377,30,6,4.99,1.73,2.67
3544,1317436167,5,47,1,39,112,202,63,131,265,375,30,6,4.99,1.73,2.67
3545,1317437184,4,47,3,39,112,203,66,134,266,376,35,6,4.99,1.73,2.67
3546,1317438167,3,48,3,37,111,203,64,135,266,378,30,6,4.99,1.73,2.67
3547,1317439167,4,48,3,40,110,203,65,135,266,377,30,6,4.99,1.73,2.67
3548,1317441312,5,46,3,38,112,203,65,138,266,376,30,6,0.62,0.32,-4.73
3549,1317441817,5,47,3,38,110,203,68,135,266,376,30,6,0.62,0.32,-4.73
3550,1317442322,4,49,3,40,109,203,67,140,265,377,35,6,0.62,0.32,-4.73
3551,1317443188,5,47,2,38,108,203,67,137,266,377,30,6,0.62,0.32,-4.73
3552,1317444171,4,48,3,37,108,202,68,139,266,380,30,5,0.62,0.32,-4.73
3553,1317445171,4,49,3,39,110,203,73,136,266,378,35,6,0.62,0.32,-4.73
3554,1317447295,6,49,1,37,109,202,67,133,265,378,36,6,0.62,0.32,-4.73
3555,1317450155,7,45,2,36,112,202,68,139,266,380,37,5,0.62,0.32,-4.73
3556,1317451352,3,45,1,33,109,199,68,128,266,377,36,2,-1.67,0.94,0.33
3557,1317451841,2,47,2,35,111,203,69,122,264,377,36,3,-1.67,0.94,0.33
3558,1317452330,2,46,1,33,107,200,68,118,266,377,36,2,-1.67,0.94,0.33
3559,1317453174,3,48,1,36,110,201,68,114,266,375,36,2,-1.67,0.94,0.33
3560,1317454171,2,49,1,36,115,201,70,116,267,376,36,3,-1.67,0.94,0.33
3561,1317455178,2,48,3,37,115,203,72,113,264,377,36,1,-1.67,0.94,0.33
3562,1317457348,3,48,3,35,112,202,70,119,265,378,35,1,-1.67,0.94,0.33
3563,1317460419,2,47,3,33,115,198,69,116,265,377,36,1,-1.67,0.94,0.33
3564,1317461633,2,46,3,40,117,201,69,111,266,381,35,3,0.23,3.56,0.43
3565,1317462121,2,48,3,38,113,200,59,117,265,388,26,8,0.23,3.56,0.43
3566,1317462610,3,47,2,38,116,201,54,123,265,390,29,51,0.23,3.56,0.43
3567,1317463172,2,47,3,38,116,200,56,124,266,387,24,50,0.23,3.56,0.43
3568,1317464171,3,46,3,36,114,200,52,138,264,393,47,35,0.23,3.56,0.43
3569,1317465171,2,46,1,38,111,201,46,132,265,389,46,15,0.23,3.56,0.43
3570,1317466172,2,46,2,38,115,199,49,140,266,388,28,2,0.23,3.56,0.43
3571,1317467171,2,46,1,39,111,202,44,110,267,387,16,2,0.23,3.56,0.43
3572,1317468171,2,49,2,41,116,203,44,93,263,393,21,3,0.23,3.56,0.43
3573,1317469171,2,47,3,38,119,203,43,78,264,393,1,20,0.23,3.56,0.43
3574,1317470171,2,45,2,38,126,201,40,79,265,396,2,111,0.23,3.56,0.43
3575,1317471405,2,48,2,37,123,202,36,105,269,390,1,102,0.23,3.56,0.43
3576,1317472172,2,44,3,39,133,202,32,106,276,393,25,117,-3.53,-4.82,0.86
3577,1317473170,2,46,2,44,133,201,33,66,266,393,41,116,-3.53,-4.82,0.86
3578,1317474172,2,45,6,43,139,209,31,66,268,403,45,122,-3.53,-4.82,0.86
3579,1317475171,3,43,13,40,137,213,29,58,275,402,49,122,-3.53,-4.82,0.86
3580,1317476172,2,46,16,38,137,225,28,51,281,406,50,128,-3.53,-4.82,0.86
3581,1317477172,2,45,18,40,155,229,26,46,287,405,57,122,-3.53,-4.82,0.86
3582,1317478171,3,46,18,38,171,231,19,42,296,400,52,131,-3.53,-4.82,0.86
3583,1317479172,3,49,18,36,178,232,14,42,263,490,57,137,-3.53,-4.82,0.86
3584,1317480171,2,47,18,36,183,236,14,39,316,445,54,139,-3.53,-4.82,0.86
3585,1317481401,3,50,18,39,189,241,4,29,331,443,66,138,-3.53,-4.82,0.86
3586,1317482172,4,52,19,40,194,240,5,18,333,465,78,142,4.08,-0.05,2.96
3587,1317483171,6,57,19,37,200,244,9,3,373,465,80,141,4.08,-0.05,2.96
3588,1317484172,15,59,20,36,203,251,13,2,363,488,80,139,4.08,-0.05,2.96
3589,1317485172,21,58,19,41,203,253,14,4,390,506,80,115,4.08,-0.05,2.96
3590,1317486172,21,56,19,37,206,253,13,36,408,491,81,56,4.08,-0.05,2.96
3591,1317487172,21,57,18,37,202,261,3,30,436,507,85,75,4.08,-0.05,2.96
3592,1317488171,22,67,19,34,204,267,9,38,433,512,89,62,4.08,-0.05,2.96
3593,1317489177,25,66,20,37,212,291,14,45,430,524,100,117,4.08,-0.05,2.96
3594,1317491292,25,74,20,36,227,271,13,51,430,530,91,111,6.95,-4.5,7.94
3595,1317491776,27,83,20,37,235,274,19,89,437,537,90,115,6.95,-4.5,7.94
3596,1317492260,29,86,20,37,236,277,21,79,436,538,101,122,6.95,-4.5,7.94
3597,1317493167,33,85,18,38,235,278,5,101,436,541,110,125,6.95,-4.5,7.94
3598,1317494167,34,100,21,38,265,270,27,69,432,546,116,126,6.95,-4.5,7.94
3599,1317495184,41,98,20,33,266,271,25,74,432,549,122,128,6.95,-4.5,7.94
3600,1317497278,45,107,21,37,266,273,28,104,435,553,108,129,6.95,-4.5,7.94
3601,1317500139,48,108,21,35,269,293,35,84,439,562,119,134,6.95,-4.5,7.94
3602,1317501340,58,128,24,35,297,299,44,89,447,563,122,140,-23.14,-11.48,4.24
3603,1317501824,61,135,24,34,301,300,48,104,447,563,117,139,-23.14,-11.48,4.24
3604,1317502307,57,142,24,38,307,299,58,152,447,563,120,140,-23.14,-11.48,4.24
3605,1317503169,66,143,25,40,311,298,58,194,448,565,122,139,-23.14,-11.48,4.24
3606,1317504167,67,133,27,45,316,302,56,194,449,564,122,142,-23.14,-11.48,4.24
3607,1317505173,72,134,28,45,320,303,64,193,449,565,128,141,-23.14,-11.48,4.24
3608,1317507534,74,133,29,41,325,298,73,200,450,568,112,140,-23.14,-11.48,4.24
3609,1317510384,77,148,35,46,327,300,81,205,452,568,116,135,-23.14,-11.48,4.24
3610,1317511594,104,173,36,49,340,292,82,184,455,566,115,54,-39.09,-38.7,15.11
3611,1317512099,117,196,36,47,341,298,91,196,455,568,115,25,-39.09,-38.7,15.11
3612,1317512604,125,189,37,45,343,297,91,197,455,567,116,29,-39.09,-38.7,15.11
3613,1317513172,128,201,36,49,342,296,87,197,456,562,116,63,-39.09,-38.7,15.11
3614,1317514188,123,220,36,46,344,283,92,198,456,567,110,114,-39.09,-38.7,15.11
3615,1317515171,127,222,35,46,343,295,85,196,455,567,118,128,-39.09,-38.7,15.11
3616,1317516171,126,223,41,44,344,299,86,196,454,567,120,122,-39.09,-38.7,15.11
3617,1317517171,126,222,40,48,349,305,86,200,456,564,126,119,-39.09,-38.7,15.11
3618,1317518171,129,223,39,48,352,298,87,192,456,563,125,128,-39.09,-38.7,15.11
3619,1317519190,133,222,40,45,361,293,86,194,456,557,116,132,-39.09,-38.7,15.11
3620,1317520188,130,224,40,46,359,295,89,191,455,549,122,139,-39.09,-38.7,15.11
3621,1317521379,134,225,41,47,354,299,92,191,452,557,119,143,-39.09,-38.7,15.11
3622,1317522167,134,224,41,43,355,303,94,188,456,555,115,145,-33.33,-39.07,36.35
3623,1317523167,139,226,43,46,360,299,85,192,456,552,115,146,-33.33,-39.07,36.35
3624,1317524184,138,226,42,48,358,298,83,182,456,548,121,143,-33.33,-39.07,36.35
3625,1317525184,141,223,43,45,359,300,82,188,455,545,112,143,-33.33,-39.07,36.35
3626,1317526167,140,221,45,46,358,298,79,183,456,542,112,140,-33.33,-39.07,36.35
3627,1317527184,143,221,44,46,358,299,75,179,456,541,114,139,-33.33,-39.07,36.35
3628,1317528167,139,222,42,45,358,299,70,176,456,536,1,137,-33.33,-39.07,36.35
3629,1317529167,140,226,42,44,358,301,60,176,457,534,112,135,-33.33,-39.07,36.35
3630,1317530184,144,226,44,45,361,302,62,172,457,528,111,136,-33.33,-39.07,36.35
3631,1317531370,145,228,43,47,364,300,59,170,456,527,110,137,-33.33,-39.07,36.35
3632,1317532188,144,212,43,47,363,303,57,169,456,523,109,137,-34.35,-39.01,25.9
3633,1317533172,152,217,46,53,362,303,59,165,454,517,109,137,-34.35,-39.01,25.9
3634,1317534188,142,201,43,53,361,300,54,170,449,514,109,136,-34.35,-39.01,25.9
3635,1317535171,139,196,45,52,361,304,48,172,449,511,110,135,-34.35,-39.01,25.9
3636,1317536172,140,192,45,53,362,305,48,165,445,508,111,134,-34.35,-39.01,25.9
3637,1317537189,140,201,48,56,365,300,55,148,434,484,112,135,-34.35,-39.01,25.9
3638,1317538171,137,195,47,52,367,299,55,149,430,483,112,131,-34.35,-39.01,25.9
3639,1317539171,134,189,47,56,365,300,46,162,432,478,1,132,-34.35,-39.01,25.9
3640,1317541332,130,183,49,55,365,302,45,162,418,473,111,129,-28.6,-39.07,30.42
3641,1317541837,128,184,49,64,363,306,42,142,411,480,112,129,-28.6,-39.07,30.42
3642,1317542342,134,183,48,64,360,307,44,140,405,474,110,125,-28.6,-39.07,30.42
3643,1317543171,129,179,47,61,358,306,43,138,403,468,112,124,-28.6,-39.07,30.42
3644,1317544171,127,184,49,64,361,307,41,138,386,468,106,122,-28.6,-39.07,30.42
3645,1317545172,126,184,51,66,360,305,38,139,387,459,106,91,-28.6,-39.07,30.42
3646,1317547299,124,181,53,67,363,308,40,141,397,446,104,69,-28.6,-39.07,30.42
3647,1317550130,118,177,51,65,365,306,35,116,366,445,101,20,-28.6,-39.07,30.42
3648,1317551371,121,185,53,73,361,305,29,109,350,419,90,7,-16.56,-23.2,0.27
3649,1317551875,120,189,56,74,360,308,33,102,344,415,115,28,-16.56,-23.2,0.27
3650,1317552387,121,186,58,78,359,308,32,105,327,413,122,28,-16.56,-23.2,0.27
3651,1317553178,116,185,55,82,360,307,32,104,319,397,83,30,-16.56,-23.2,0.27
3652,1317554176,114,185,59,81,360,307,31,108,319,393,1,75,-16.56,-23.2,0.27
3653,1317555188,114,182,53,80,359,306,28,90,318,392,103,73,-16.56,-23.2,0.27
3654,1317556172,108,183,52,80,356,307,31,86,303,391,48,72,-16.56,-23.2,0.27
3655,1317559571,103,179,51,80,352,306,31,106,292,386,47,57,-16.56,-23.2,0.27
3656,1317561503,101,167,59,102,338,293,28,109,270,360,4,53,-16.56,-23.2,0.27
3657,1317561992,112,5,50,87,322,294,29,60,263,349,49,44,-14.37,-14.55,13.93
3658,1317562480,107,151,59,89,318,289,28,52,259,354,49,18,-14.37,-14.55,13.93
3659,1317563172,102,149,53,103,315,291,26,53,255,352,48,2,-14.37,-14.55,13.93
3660,1317564172,100,142,54,103,310,285,28,54,259,352,47,14,-14.37,-14.55,13.93
3661,1317565188,93,139,54,103,302,274,29,51,246,344,59,15,-14.37,-14.55,13.93
3662,1317566171,95,141,53,105,299,285,25,55,244,343,76,16,-14.37,-14.55,13.93
3663,1317567172,98,139,46,106,295,288,29,55,240,333,51,112,-14.37,-14.55,13.93
3664,1317568188,94,137,53,105,288,289,31,51,237,340,44,7,-14.37,-14.55,13.93
3665,1317569171,95,141,44,105,271,270,29,71,236,344,44,12,-14.37,-14.55,13.93
3666,1317570172,84,137,42,103,268,267,27,71,236,348,43,13,-14.37,-14.55,13.93
3667,1317571353,84,136,44,105,262,266,28,77,233,350,41,24,-14.37,-14.55,13.93
3668,1317572180,89,123,46,105,252,265,26,75,238,349,37,22,-24.96,-11.21,-6.25
3669,1317573163,81,129,43,107,254,240,26,76,234,350,36,22,-24.96,-11.21,-6.25
3670,1317574163,81,119,40,106,242,240,26,74,233,354,38,24,-24.96,-11.21,-6.25
3671,1317575163,80,114,38,108,237,227,28,77,235,365,40,22,-24.96,-11.21,-6.25
3672,1317576165,79,113,39,107,230,223,26,76,235,360,40,28,-24.96,-11.21,-6.25
3673,1317577163,76,98,34,109,228,212,25,74,235,354,41,37,-24.96,-11.21,-6.25
3674,1317578180,74,96,29,110,226,207,26,74,240,378,40,37,-24.96,-11.21,-6.25
3675,1317579163,76,98,28,106,223,208,26,74,235,381,41,29,-24.96,-11.21,-6.25
3676,1317580163,71,84,27,100,209,208,26,101,235,384,42,25,-24.96,-11.21,-6.25
3677,1317581338,71,78,27,97,210,204,25,109,238,381,42,30,-24.96,-11.21,-6.25
3678,1317582171,70,76,25,88,208,203,28,109,246,385,41,40,-22.94,-3.91,-6.68
3679,1317583171,76,79,25,75,203,206,33,113,247,384,40,41,-22.94,-3.91,-6.68
3680,1317584188,66,79,23,63,203,205,35,112,247,388,37,43,-22.94,-3.91,-6.68
3681,1317585172,61,78,22,62,198,203,33,116,250,395,30,47,-22.94,-3.91,-6.68
3682,1317586172,64,82,20,56,192,205,38,113,254,392,23,43,-22.94,-3.91,-6.68
3683,1317587188,59,64,19,66,179,206,38,113,255,393,1,43,-22.94,-3.91,-6.68
3684,1317588172,61,60,17,75,171,202,40,110,255,384,1,46,-22.94,-3.91,-6.68
3685,1317589171,59,50,18,67,167,205,41,125,257,377,1,47,-22.94,-3.91,-6.68
3686,1317591306,59,47,18,62,142,201,42,125,256,380,15,47,-11.56,33.01,1.12
3687,1317591815,52,47,15,61,139,203,52,134,248,378,22,30,-11.56,33.01,1.12
3688,1317592320,54,54,9,62,139,203,56,149,253,379,23,39,-11.56,33.01,1.12
3689,1317593188,42,47,3,60,123,202,55,193,263,363,21,37,-11.56,33.01,1.12
3690,1317594172,62,46,2,57,118,202,54,208,252,365,1,36,-11.56,33.01,1.12
3691,1317595172,52,46,3,51,118,204,63,226,252,364,1,41,-11.56,33.01,1.12
3692,1317598125,50,47,3,45,119,203,69,227,250,366,1,39,-11.56,33.01,1.12
3693,1317600754,50,43,3,43,113,203,81,233,257,353,23,43,-11.56,33.01,1.12
3694,1317601390,47,45,3,40,116,200,89,238,253,358,27,38,12.97,35.39,-0.05
3695,1317602167,45,49,2,38,117,202,89,216,252,359,30,44,12.97,35.39,-0.05
3696,1317603168,43,48,3,36,116,202,94,209,251,360,29,46,12.97,35.39,-0.05
3697,1317604170,46,52,3,37,120,201,98,201,257,353,38,47,12.97,35.39,-0.05
3698,1317605184,46,46,3,36,119,205,99,202,256,354,37,53,12.97,35.39,-0.05
3699,1317608568,41,48,3,31,120,204,98,200,244,356,38,59,12.97,35.39,-0.05
3700,1317611252,42,45,3,16,130,202,106,202,243,351,38,46,12.97,35.39,-0.05
3701,1317611739,43,47,3,16,134,200,107,201,241,348,28,46,25.89,-3.59,10.6
3702,1317612227,45,48,3,16,130,200,104,203,241,343,26,47,25.89,-3.59,10.6
3703,1317613171,44,47,3,16,124,202,106,202,232,344,1,46,25.89,-3.59,10.6
3704,1317614172,45,47,2,17,132,200,106,202,233,343,1,41,25.89,-3.59,10.6
3705,1317615188,46,46,3,18,129,201,108,224,234,345,1,28,25.89,-3.59,10.6
3706,1317616172,45,47,3,21,123,203,108,225,232,339,21,49,25.89,-3.59,10.6
3707,1317617171,46,48,2,17,135,202,109,230,237,334,25,50,25.89,-3.59,10.6
3708,1317618188,43,54,1,17,122,203,109,233,235,349,25,53,25.89,-3.59,10.6
3709,1317619193,46,4,2,26,128,204,106,225,232,350,24,51,25.89,-3.59,10.6
3710,1317620188,44,4,2,28,122,202,109,215,236,352,26,46,25.89,-3.59,10.6
3711,1317621327,40,4,3,17,131,203,107,225,241,382,26,30,25.89,-3.59,10.6
3712,1317622188,38,4,2,18,133,202,107,206,240,380,26,23,11.36,-36.95,7.27
3713,1317623172,35,4,3,17,131,205,107,202,238,385,25,23,11.36,-36.95,7.27
3714,1317624171,33,4,2,36,139,200,109,197,235,378,29,27,11.36,-36.95,7.27
3715,1317625188,34,4,2,20,138,200,108,202,235,381,36,26,11.36,-36.95,7.27
3716,1317626175,35,4,2,25,139,200,109,202,235,394,37,26,11.36,-36.95,7.27
3717,1317627172,33,4,3,30,139,201,108,202,240,391,38,22,11.36,-36.95,7.27
3718,1317628188,34,3,2,41,140,202,108,200,239,389,36,22,11.36,-36.95,7.27
3719,1317629172,30,4,3,36,137,201,106,202,237,393,38,21,11.36,-36.95,7.27
3720,1317630171,33,4,3,42,137,201,106,203,238,393,37,18,11.36,-36.95,7.27
3721,1317631321,30,4,3,41,139,202,105,203,238,388,38,15,11.36,-36.95,7.27
3722,1317632172,30,4,3,40,138,204,106,202,240,386,38,13,3.2,-5.05,0.04
3723,1317633171,31,4,2,40,140,201,93,202,241,385,38,9,3.2,-5.05,0.04
3724,1317634188,29,4,3,39,138,201,89,201,240,383,38,3,3.2,-5.05,0.04
3725,1317635172,30,4,2,41,138,206,85,202,239,381,38,10,3.2,-5.05,0.04
3726,1317636174,29,4,3,42,139,202,84,202,244,370,38,10,3.2,-5.05,0.04
3727,1317637188,34,4,2,40,139,205,74,201,244,368,38,9,3.2,-5.05,0.04
3728,1317638188,30,4,2,40,138,203,71,200,245,363,38,13,3.2,-5.05,0.04
3729,1317639171,32,4,3,41,139,203,71,200,244,359,37,13,3.2,-5.05,0.04
3730,1317641289,33,63,4,40,137,203,63,198,251,355,37,13,1.04,-8.33,-13.39
3731,1317641769,29,68,5,37,140,203,63,197,248,352,37,13,1.04,-8.33,-13.39
3732,1317642248,28,51,5,38,140,202,62,196,247,351,37,14,1.04,-8.33,-13.39
3733,1317643179,32,3,6,34,143,201,59,192,251,352,36,16,1.04,-8.33,-13.39
3734,1317644179,32,4,6,32,142,200,57,188,246,346,29,17,1.04,-8.33,-13.39
3735,1317645180,29,4,7,35,141,202,59,190,245,343,29,17,1.04,-8.33,-13.39
3736,1317647887,30,62,7,36,138,204,59,180,246,349,29,17,1.04,-8.33,-13.39
3737,1317650515,31,64,6,35,140,201,60,180,246,352,37,21,1.04,-8.33,-13.39
3738,1317651340,28,2,8,34,139,202,53,182,249,344,37,25,-3.78,5.39,5.74
3739,1317651845,23,62,8,34,141,202,56,192,243,351,37,20,-3.78,5.39,5.74
3740,1317652350,26,67,7,34,138,201,56,192,245,355,37,23,-3.78,5.39,5.74
3741,1317653191,28,68,7,36,139,205,61,191,247,358,36,25,-3.78,5.39,5.74
3742,1317654188,29,67,6,34,139,205,64,189,247,361,36,24,-3.78,5.39,5.74
3743,1317655188,32,61,7,38,139,203,60,193,249,360,36,25,-3.78,5.39,5.74
3744,1317658100,32,62,6,36,139,203,62,190,249,359,37,25,-3.78,5.39,5.74
3745,1317660774,30,61,3,39,138,206,64,181,250,361,31,24,-3.78,5.39,5.74
3746,1317661597,28,44,3,46,140,200,69,187,249,362,37,24,-1.23,12.03,-0.18
3747,1317662189,28,48,3,41,138,204,63,187,253,362,37,24,-1.23,12.03,-0.18
3748,1317663189,28,49,1,42,132,202,64,177,248,362,36,25,-1.23,12.03,-0.18
3749,1317664188,28,49,3,38,137,201,66,184,253,362,31,26,-1.23,12.03,-0.18
3750,1317665188,29,47,3,38,132,202,67,175,251,361,36,25,-1.23,12.03,-0.18
3751,1317666188,30,48,3,36,130,201,68,175,252,362,36,24,-1.23,12.03,-0.18
3752,1317667188,28,46,3,39,137,202,68,187,250,363,36,24,-1.23,12.03,-0.18
3753,1317668188,29,47,3,37,137,200,67,193,251,364,36,24,-1.23,12.03,-0.18
3754,1317669192,32,47,3,41,138,198,66,194,252,363,37,23,-1.23,12.03,-0.18
3755,1317670188,28,52,2,37,136,205,68,182,251,361,37,22,-1.23,12.03,-0.18
3756,1317671300,29,50,1,38,138,203,65,180,251,362,37,24,-1.23,12.03,-0.18
3757,1317672188,29,49,3,36,135,205,69,174,252,363,37,20,-0.79,-5.68,11.93
3758,1317673188,32,3,2,37,137,204,72,174,252,362,37,21,-0.79,-5.68,11.93
3759,1317674189,27,3,3,32,140,202,67,176,250,363,37,23,-0.79,-5.68,11.93
3760,1317675189,27,3,5,37,129,202,69,178,252,364,37,21,-0.79,-5.68,11.93
3761,1317676188,27,4,5,36,126,204,69,177,248,364,36,21,-0.79,-5.68,11.93
3762,1317677188,26,3,5,36,130,205,73,180,250,365,37,20,-0.79,-5.68,11.93
3763,1317678187,27,3,6,33,131,203,72,183,252,365,37,19,-0.79,-5.68,11.93
3764,1317679188,27,4,7,36,126,202,69,180,251,367,37,19,-0.79,-5.68,11.93
3765,1317680188,26,3,7,36,129,202,68,183,253,368,37,18,-0.79,-5.68,11.93
3766,1317681313,26,3,6,33,131,201,69,189,252,368,36,19,-0.79,-5.68,11.93
3767,1317682184,26,2,5,34,131,202,69,180,252,367,36,19,2.85,-7.24,8.75
3768,1317683184,26,4,5,32,129,199,70,180,252,368,36,20,2.85,-7.24,8.75
3769,1317684185,26,4,4,33,121,202,67,185,253,367,36,18,2.85,-7.24,8.75
3770,1317685184,26,3,2,33,122,201,66,178,253,367,36,18,2.85,-7.24,8.75
3771,1317686185,26,4,3,37,126,201,71,180,251,368,36,18,2.85,-7.24,8.75
3772,1317687184,26,4,3,35,127,200,70,179,251,368,36,18,2.85,-7.24,8.75
3773,1317688185,26,3,2,35,124,203,69,176,253,367,37,18,2.85,-7.24,8.75
3774,1317691134,26,4,3,36,129,201,73,173,254,367,30,16,2.85,-7.24,8.75
3775,1317691639,27,4,2,39,130,202,70,174,252,367,36,19,0.77,-2.3,-3.18
3776,1317692188,26,3,2,38,131,202,71,174,251,365,28,20,0.77,-2.3,-3.18
3777,1317693188,26,4,3,40,130,203,73,172,251,366,29,21,0.77,-2.3,-3.18
3778,1317694188,26,4,2,39,129,204,71,174,254,366,27,21,0.77,-2.3,-3.18
3779,1317695188,26,2,2,33,131,201,74,175,253,365,27,20,0.77,-2.3,-3.18
3780,1317698854,27,4,3,38,130,199,67,167,254,364,28,19,0.77,-2.3,-3.18
3781,1317701151,27,4,2,35,133,199,73,173,255,364,28,19,0.77,-2.3,-3.18
3782,1317701656,28,4,3,32,132,201,78,171,254,365,36,18,-0.82,3.52,5.67
3783,1317702189,27,4,3,35,130,200,80,171,254,365,36,18,-0.82,3.52,5.67
3784,1317703188,26,4,2,32,127,201,78,173,251,367,36,18,-0.82,3.52,5.67
3785,1317704193,26,2,1,32,128,201,79,172,253,366,37,22,-0.82,3.52,5.67
3786,1317705187,27,4,1,33,127,201,80,173,248,368,37,20,-0.82,3.52,5.67
3787,1317708449,27,2,1,32,130,205,78,172,252,366,36,23,-0.82,3.52,5.67
3788,1317711246,25,3,2,29,123,202,81,175,252,365,31,20,-0.82,3.52,5.67
3789,1317711750,26,3,2,29,128,203,83,175,253,368,36,19,8.28,-1.33,-5.21
3790,1317712255,26,4,2,30,130,202,82,176,253,369,36,20,8.28,-1.33,-5.21
3791,1317713188,26,3,1,29,130,204,82,176,253,368,36,22,8.28,-1.33,-5.21
3792,1317714188,25,4,2,29,129,200,79,178,252,367,31,20,8.28,-1.33,-5.21
3793,1317715188,26,3,2,29,133,202,81,177,252,368,37,19,8.28,-1.33,-5.21
3794,1317716188,24,4,2,28,121,203,77,177,254,367,37,21,8.28,-1.33,-5.21
3795,1317717188,25,4,1,28,133,203,78,178,253,366,35,23,8.28,-1.33,-5.21
3796,1317718188,26,3,3,30,130,201,81,178,254,367,30,20,8.28,-1.33,-5.21
3797,1317719197,24,4,2,29,131,202,82,175,254,366,30,19,8.28,-1.33,-5.21
3798,1317720188,24,2,1,29,126,201,79,179,254,367,30,19,8.28,-1.33,-5.21
3799,1317721273,26,4,2,29,126,202,81,174,255,367,29,19,8.28,-1.33,-5.21
3800,1317722184,25,3,3,29,125,202,79,176,251,366,28,19,-3.25,-5.91,2.08
3801,1317723184,25,4,2,29,122,201,78,174,251,367,29,18,-3.25,-5.91,2.08
3802,1317724184,26,4,2,30,130,201,79,181,250,367,29,17,-3.25,-5.91,2.08
3803,1317725184,25,4,3,29,129,204,78,174,252,368,30,18,-3.25,-5.91,2.08
3804,1317726184,25,4,2,29,128,201,80,178,253,369,28,18,-3.25,-5.91,2.08
3805,1317727184,25,2,1,28,124,201,78,175,255,372,29,20,-3.25,-5.91,2.08
3806,1317728184,23,3,2,32,132,203,77,178,261,376,27,20,-3.25,-5.91,2.08
3807,1317729184,24,4,2,29,123,199,79,178,264,376,27,19,-3.25,-5.91,2.08
3808,1317730184,24,4,2,29,131,200,80,179,268,393,27,19,-3.25,-5.91,2.08
3809,1317731275,24,3,2,28,131,201,81,176,265,400,26,22,-3.25,-5.91,2.08
3810,1317732188,24,4,2,28,130,204,76,179,269,403,27,11,-0.22,-7.32,8.95
3811,1317733188,24,3,2,28,128,203,76,173,269,402,27,1,-0.22,-7.32,8.95
3812,1317734189,22,4,3,29,126,203,77,178,271,407,26,1,-0.22,-7.32,8.95
3813,1317735188,21,3,2,28,130,202,77,182,276,411,26,2,-0.22,-7.32,8.95
3814,1317736188,22,3,2,28,125,204,76,181,281,415,25,1,-0.22,-7.32,8.95
3815,1317737192,22,3,2,28,129,201,76,178,283,417,25,1,-0.22,-7.32,8.95
3816,1317738188,23,43,3,28,128,203,76,178,285,423,25,1,-0.22,-7.32,8.95
3817,1317739195,22,43,2,29,129,204,76,173,284,428,24,2,-0.22,-7.32,8.95
3818,1317741306,23,45,3,30,129,203,79,175,282,430,25,1,-3.82,3.45,-0.6
3819,1317741806,23,46,2,30,130,203,78,177,283,432,24,1,-3.82,3.45,-0.6
3820,1317742306,22,48,3,30,130,203,79,176,280,433,24,1,-3.82,3.45,-0.6
3821,1317743184,23,47,3,30,131,201,78,177,288,434,26,1,-3.82,3.45,-0.6
3822,1317744184,22,46,3,29,125,204,82,174,291,434,26,13,-3.82,3.45,-0.6
3823,1317745184,23,45,2,28,128,201,82,179,293,433,28,13,-3.82,3.45,-0.6
3824,1317748130,24,46,3,33,123,204,80,175,296,435,28,13,-3.82,3.45,-0.6
3825,1317751034,24,45,3,29,129,202,86,179,296,435,27,15,-3.82,3.45,-0.6
3826,1317751534,25,4,2,32,123,203,91,189,298,435,25,14,-12.61,-7.12,-9.54
3827,1317752184,25,4,2,33,133,200,95,183,304,435,24,16,-12.61,-7.12,-9.54
3828,1317753184,25,4,2,31,129,203,94,189,305,435,24,13,-12.61,-7.12,-9.54
3829,1317754184,27,2,3,30,130,203,92,182,304,436,25,12,-12.61,-7.12,-9.54
3830,1317755184,28,4,4,29,132,201,91,191,307,435,26,14,-12.61,-7.12,-9.54
3831,1317758368,27,4,4,32,130,203,91,198,302,435,39,17,-12.61,-7.12,-9.54
3832,1317761237,28,2,6,35,130,202,89,199,300,437,25,21,-12.61,-7.12,-9.54
3833,1317761742,30,3,9,30,129,203,82,190,299,436,1,1,-10.12,-8.63,4.08
3834,1317762247,30,4,13,34,129,202,82,188,298,437,1,1,-10.12,-8.63,4.08
3835,1317763188,30,3,15,34,134,205,82,177,299,437,24,1,-10.12,-8.63,4.08
3836,1317764188,34,3,10,33,133,202,71,172,298,437,29,3,-10.12,-8.63,4.08
3837,1317765188,34,4,13,32,136,204,68,174,299,438,35,2,-10.12,-8.63,4.08
3838,1317766188,35,3,16,34,137,203,58,170,301,437,29,1,-10.12,-8.63,4.08
3839,1317767188,35,3,18,32,141,205,60,167,303,436,30,1,-10.12,-8.63,4.08
3840,1317768188,32,2,19,32,144,209,56,164,302,434,30,38,-10.12,-8.63,4.08
3841,1317769194,36,64,19,34,154,225,55,161,301,436,30,27,-10.12,-8.63,4.08
3842,1317770188,35,67,19,35,164,230,54,147,298,436,36,41,-10.12,-8.63,4.08
3843,1317771253,35,70,19,35,170,230,51,145,299,436,39,39,-10.12,-8.63,4.08
3844,1317772188,37,70,18,38,166,233,49,144,301,435,30,36,-19.59,-19.22,4.78
3845,1317773188,36,72,18,38,171,236,47,142,302,434,30,38,-19.59,-19.22,4.78
3846,1317774188,39,72,18,38,173,237,48,144,307,433,30,42,-19.59,-19.22,4.78
3847,1317775188,37,66,19,36,176,238,44,130,301,432,30,42,-19.59,-19.22,4.78
3848,1317776188,40,66,17,36,181,235,42,123,300,432,36,48,-19.59,-19.22,4.78
3849,1317777193,41,68,19,35,189,239,43,130,302,431,37,47,-19.59,-19.22,4.78
3850,1317778188,42,68,19,38,191,244,43,136,301,431,37,48,-19.59,-19.22,4.78
3851,1317779188,43,69,20,36,197,243,42,136,301,430,39,49,-19.59,-19.22,4.78
3852,1317780189,44,70,20,32,196,240,34,137,299,429,40,51,-19.59,-19.22,4.78
3853,1317781255,45,73,21,34,201,249,33,137,300,430,40,50,-19.59,-19.22,4.78
3854,1317782192,42,73,21,36,198,251,30,137,299,430,37,48,-8.42,-32.23,11.7
3855,1317783188,47,72,21,37,197,251,39,133,301,428,37,46,-8.42,-32.23,11.7
3856,1317784188,45,2,21,41,200,247,29,130,300,428,38,48,-8.42,-32.23,11.7
3857,1317785189,48,4,22,43,204,249,28,135,301,428,40,47,-8.42,-32.23,11.7
3858,1317786188,48,3,22,39,204,252,28,127,301,428,40,46,-8.42,-32.23,11.7
3859,1317787193,46,4,23,42,203,252,29,130,301,426,41,44,-8.42,-32.23,11.7
3860,1317788188,48,3,23,43,203,251,31,128,299,422,41,38,-8.42,-32.23,11.7
3861,1317791079,49,3,24,42,202,253,27,126,298,424,42,33,-8.42,-32.23,11.7
3862,1317791584,49,3,24,47,202,253,33,128,290,422,39,27,-8.82,-18.6,0.04
3863,1317792188,50,2,24,49,202,254,29,125,287,422,40,27,-8.82,-18.6,0.04
3864,1317793187,51,3,24,47,203,256,35,137,288,420,38,28,-8.82,-18.6,0.04
3865,1317794188,52,3,25,48,205,256,30,136,286,419,38,25,-8.82,-18.6,0.04
3866,1317795188,45,4,25,52,206,255,35,131,287,420,39,24,-8.82,-18.6,0.04
3867,1317798777,53,3,25,50,206,253,31,139,285,418,39,26,-8.82,-18.6,0.04
3868,1317801127,48,88,26,55,208,259,26,136,279,416,40,20,-8.82,-18.6,0.04
3869,1317801632,49,87,27,60,203,263,26,116,287,417,39,25,-15.68,-10.22,3.1
3870,1317802188,48,95,27,68,205,262,27,119,288,416,39,26,-15.68,-10.22,3.1
3871,1317803188,49,95,30,69,203,264,25,119,291,416,40,28,-15.68,-10.22,3.1
3872,1317804188,49,94,27,67,203,263,26,111,289,417,39,33,-15.68,-10.22,3.1
3873,1317805188,53,89,29,62,207,264,25,114,290,416,30,33,-15.68,-10.22,3.1
3874,1317808436,51,84,28,72,208,262,25,118,291,417,37,31,-15.68,-10.22,3.1
3875,1317811119,49,98,30,69,207,266,21,100,290,417,29,41,-15.68,-10.22,3.1
3876,1317811624,51,87,33,74,208,264,22,73,292,417,29,46,-12.89,-8.58,5.89
3877,1317812188,50,85,30,74,209,265,21,73,291,418,29,46,-12.89,-8.58,5.89
3878,1317813188,50,85,30,74,214,265,21,72,290,418,29,46,-12.89,-8.58,5.89
3879,1317814188,54,87,31,74,209,265,20,76,290,418,29,53,-12.89,-8.58,5.89
3880,1317815188,56,84,30,70,208,264,19,68,292,415,30,55,-12.89,-8.58,5.89
3881,1317816189,49,83,30,59,211,263,19,62,290,417,30,59,-12.89,-8.58,5.89
3882,1317817188,57,85,31,65,211,265,18,69,286,416,37,53,-12.89,-8.58,5.89
3883,1317818188,54,84,27,58,212,263,16,60,277,415,38,59,-12.89,-8.58,5.89
3884,1317819189,51,82,29,72,214,263,15,56,281,414,38,81,-12.89,-8.58,5.89
3885,1317820188,52,79,30,75,209,263,14,51,277,413,37,84,-12.89,-8.58,5.89
3886,1317821226,52,76,29,77,214,263,11,50,270,411,32,91,-12.89,-8.58,5.89
3887,1317822188,50,3,29,75,210,263,7,46,267,412,32,98,-5.56,1.42,8.63
3888,1317823187,50,4,29,76,213,263,5,47,269,411,32,103,-5.56,1.42,8.63
3889,1317824188,57,3,29,75,213,265,9,44,269,410,31,107,-5.56,1.42,8.63
3890,1317825188,52,4,28,77,212,265,9,44,270,410,31,110,-5.56,1.42,8.63
3891,1317826188,49,3,28,73,215,265,3,43,268,407,31,110,-5.56,1.42,8.63
3892,1317827188,50,4,27,75,215,265,2,43,270,405,31,111,-5.56,1.42,8.63
3893,1317828191,51,4,26,71,212,265,3,37,269,402,31,114,-5.56,1.42,8.63
3894,1317829188,50,4,26,75,216,265,2,39,267,402,31,116,-5.56,1.42,8.63
3895,1317830194,49,2,25,73,214,264,3,38,267,402,34,122,-5.56,1.42,8.63
3896,1317831235,52,3,25,73,210,266,2,38,267,404,37,122,-5.56,1.42,8.63
3897,1317832188,50,4,24,75,216,266,3,41,266,403,37,124,-12.44,5.79,2.57
3898,1317833191,51,4,23,75,210,266,2,39,264,404,38,123,-12.44,5.79,2.57
3899,1317834188,50,2,23,75,213,265,2,38,263,400,41,128,-12.44,5.79,2.57
3900,1317835195,52,4,22,76,215,266,3,39,265,398,40,126,-12.44,5.79,2.57
3901,1317836188,54,4,22,75,216,266,2,39,264,399,37,125,-12.44,5.79,2.57
3902,1317837188,51,3,21,73,212,265,2,38,264,397,37,126,-12.44,5.79,2.57
3903,1317838192,54,4,21,67,214,266,3,41,264,400,41,128,-12.44,5.79,2.57
3904,1317839188,54,4,20,65,213,266,3,41,266,397,38,129,-12.44,5.79,2.57
3905,1317841122,52,4,19,65,217,268,3,39,266,398,37,129,-11.35,0.61,3.63
3906,1317841627,52,4,17,64,223,265,3,38,266,395,41,129,-11.35,0.61,3.63
3907,1317842188,49,3,16,66,222,264,3,42,265,394,41,129,-11.35,0.61,3.63
3908,1317843189,51,3,6,67,214,262,2,43,266,395,42,132,-11.35,0.61,3.63
3909,1317844188,51,4,6,71,223,266,3,42,267,393,38,129,-11.35,0.61,3.63
3910,1317845193,50,3,5,70,225,267,3,41,265,393,41,130,-11.35,0.61,3.63
3911,1317848559,50,4,3,62,225,266,3,43,264,393,41,131,-11.35,0.61,3.63
3912,1317851039,50,4,5,60,226,265,3,49,266,393,41,131,-11.35,0.61,3.63
3913,1317851543,50,4,12,55,225,268,3,49,266,390,41,132,-6.77,-3.08,5.41
3914,1317852188,51,4,12,57,224,268,3,48,265,390,41,132,-6.77,-3.08,5.41
3915,1317853188,50,3,13,59,215,268,2,50,265,388,41,133,-6.77,-3.08,5.41
3916,1317854188,50,4,11,60,218,264,3,45,266,383,42,132,-6.77,-3.08,5.41
3917,1317855188,55,4,14,62,216,268,3,46,266,381,42,132,-6.77,-3.08,5.41
3918,1317858801,57,3,14,63,224,265,3,37,266,380,43,132,-6.77,-3.08,5.41
3919,1317861341,54,2,11,61,223,265,3,45,265,376,43,132,-6.77,-3.08,5.41
3920,1317861846,51,4,10,59,223,268,3,42,265,370,44,132,-20.22,-11.34,8.8
3921,1317862357,53,4,7,62,223,267,3,42,265,371,43,132,-20.22,-11.34,8.8
3922,1317863188,52,3,9,59,224,266,3,48,263,368,43,132,-20.22,-11.34,8.8
3923,1317864187,51,2,7,60,211,265,2,50,265,366,42,133,-20.22,-11.34,8.8
3924,1317865190,51,4,7,57,210,263,2,49,264,367,41,133,-20.22,-11.34,8.8
3925,1317866189,51,61,7,57,223,265,3,50,264,366,41,133,-20.22,-11.34,8.8
3926,1317867194,48,65,2,55,215,263,2,52,264,366,42,136,-20.22,-11.34,8.8
3927,1317868189,46,64,3,55,223,265,3,49,264,364,42,133,-20.22,-11.34,8.8
3928,1317869198,45,58,2,55,210,264,2,45,264,365,42,133,-20.22,-11.34,8.8
3929,1317870192,40,63,3,56,210,259,2,48,265,364,42,133,-20.22,-11.34,8.8
3930,1317871216,39,55,2,58,214,255,3,44,265,365,42,132,-20.22,-11.34,8.8
3931,1317872184,40,53,3,57,215,255,3,46,264,364,42,131,-21.09,-4.78,-5.69
3932,1317873190,35,57,2,57,212,255,3,45,264,365,42,131,-21.09,-4.78,-5.69
3933,1317874184,36,56,3,59,213,255,3,43,264,366,43,130,-21.09,-4.78,-5.69
3934,1317875184,35,2,2,59,213,250,2,45,263,366,43,129,-21.09,-4.78,-5.69
3935,1317876187,35,4,2,56,213,254,3,46,266,365,43,129,-21.09,-4.78,-5.69
3936,1317877184,35,3,3,60,212,253,4,49,266,366,42,85,-21.09,-4.78,-5.69
3937,1317878184,33,2,2,57,210,250,4,48,266,367,41,111,-21.09,-4.78,-5.69
3938,1317879183,31,3,2,59,211,252,11,48,265,366,41,112,-21.09,-4.78,-5.69
3939,1317880191,28,4,3,62,211,249,13,48,265,366,42,122,-21.09,-4.78,-5.69
3940,1317881207,28,4,2,58,209,246,13,50,265,366,41,122,-21.09,-4.78,-5.69
3941,1317882185,25,2,1,55,212,248,12,48,263,367,41,120,-9.82,-1.87,-7.96
3942,1317883184,24,4,2,58,209,244,13,54,263,367,41,120,-9.82,-1.87,-7.96
3943,1317884190,25,4,3,54,210,247,14,62,263,363,40,116,-9.82,-1.87,-7.96
3944,1317885183,26,4,2,57,208,247,15,59,257,362,40,117,-9.82,-1.87,-7.96
3945,1317886184,25,2,3,58,206,249,16,60,245,363,38,115,-9.82,-1.87,-7.96
3946,1317887184,23,4,2,55,211,250,16,60,242,364,37,114,-9.82,-1.87,-7.96
3947,1317888191,23,3,2,56,207,247,16,54,245,363,39,114,-9.82,-1.87,-7.96
3948,1317890966,22,2,2,58,210,247,19,53,246,363,37,113,-9.82,-1.87,-7.96
3949,1317891472,23,4,2,56,209,250,23,50,247,356,40,112,-9.34,-2.66,6.28
3950,1317892188,24,4,2,55,209,249,23,48,240,352,40,112,-9.34,-2.66,6.28
3951,1317893188,23,4,2,55,209,248,26,43,243,338,40,112,-9.34,-2.66,6.28
3952,1317894188,25,4,3,54,209,251,26,51,248,337,40,113,-9.34,-2.66,6.28
3953,1317895194,23,3,1,58,210,249,26,59,248,335,40,113,-9.34,-2.66,6.28
3954,1317898589,23,4,3,57,210,245,25,76,243,335,41,112,-9.34,-2.66,6.28
3955,1317901074,22,3,4,57,208,245,32,82,242,329,41,111,-9.34,-2.66,6.28
3956,1317901574,22,4,4,55,203,248,30,77,239,318,41,109,-7.14,0.42,7.06
3957,1317902184,22,3,5,56,203,247,34,86,238,315,41,108,-7.14,0.42,7.06
3958,1317903184,21,3,5,55,202,245,38,120,239,312,41,108,-7.14,0.42,7.06
3959,1317904184,20,3,5,56,204,249,41,118,239,310,41,106,-7.14,0.42,7.06
3960,1317905184,21,4,4,54,201,249,40,129,239,308,42,106,-7.14,0.42,7.06
3961,1317908359,21,4,5,56,200,250,44,135,235,308,41,99,-7.14,0.42,7.06
3962,1317911042,21,3,5,59,199,250,49,171,233,297,40,98,-7.14,0.42,7.06
3963,1317911547,20,4,4,55,195,246,67,188,217,295,40,78,-5.87,-1.9,11.15
3964,1317912188,21,4,3,54,198,242,69,203,213,296,40,78,-5.87,-1.9,11.15
3965,1317913188,21,3,3,57,199,244,69,202,209,297,40,78,-5.87,-1.9,11.15
3966,1317914188,21,3,2,55,197,244,74,204,207,296,40,81,-5.87,-1.9,11.15
3967,1317915191,21,4,2,56,198,242,80,205,210,294,40,77,-5.87,-1.9,11.15
3968,1317916188,21,3,2,54,196,241,81,210,213,289,40,78,-5.87,-1.9,11.15
3969,1317917195,21,3,2,56,194,243,82,208,209,287,40,78,-5.87,-1.9,11.15
3970,1317918188,20,3,2,56,194,240,84,211,208,279,40,80,-5.87,-1.9,11.15
3971,1317919188,20,4,2,54,195,241,83,212,209,275,41,79,-5.87,-1.9,11.15
3972,1317920192,20,4,2,54,195,245,87,214,210,284,41,79,-5.87,-1.9,11.15
3973,1317921199,20,4,2,52,193,240,93,224,209,276,41,79,-5.87,-1.9,11.15
3974,1317922191,20,2,2,52,193,245,90,225,206,275,41,75,-8.53,1.05,5.75
3975,1317923184,20,4,2,54,195,241,90,226,205,275,42,77,-8.53,1.05,5.75
3976,1317924184,20,4,2,53,194,243,95,230,202,271,41,78,-8.53,1.05,5.75
3977,1317925188,20,4,2,54,195,242,92,233,203,272,41,77,-8.53,1.05,5.75
3978,1317926184,21,4,2,53,195,243,102,232,201,268,41,74,-8.53,1.05,5.75
3979,1317927184,21,4,2,52,194,245,101,235,202,268,41,77,-8.53,1.05,5.75
3980,1317928184,23,4,2,50,195,242,101,235,199,269,42,76,-8.53,1.05,5.75
3981,1317929190,23,3,2,48,193,243,99,236,198,266,41,73,-8.53,1.05,5.75
3982,1317930190,24,3,2,50,194,244,103,235,202,268,41,71,-8.53,1.05,5.75
3983,1317931199,24,4,2,52,191,245,103,236,199,268,41,72,-8.53,1.05,5.75
3984,1317932188,25,3,2,52,187,239,107,236,201,267,41,71,-5.7,-2.86,13.73
3985,1317933194,25,2,2,53,192,243,104,236,199,268,41,70,-5.7,-2.86,13.73
3986,1317934188,26,3,2,55,192,242,105,237,199,265,41,68,-5.7,-2.86,13.73
3987,1317935189,26,3,2,50,193,240,106,235,200,266,41,49,-5.7,-2.86,13.73
3988,1317936188,27,4,2,50,188,244,108,235,199,265,42,38,-5.7,-2.86,13.73
3989,1317937195,26,2,2,46,189,242,110,237,198,268,41,22,-5.7,-2.86,13.73
3990,1317938189,27,4,3,47,190,244,108,236,201,267,42,17,-5.7,-2.86,13.73
3991,1317939188,27,3,4,45,190,243,110,238,198,266,42,17,-5.7,-2.86,13.73
3992,1317941122,27,4,4,46,188,240,110,241,201,270,42,17,-7.22,-2.44,7.95
3993,1317941623,26,3,4,48,193,241,110,239,198,271,41,27,-7.22,-2.44,7.95
3994,1317942184,27,4,4,48,190,240,112,242,200,272,41,28,-7.22,-2.44,7.95
3995,1317943184,26,4,4,51,190,244,112,240,200,276,41,34,-7.22,-2.44,7.95
3996,1317944191,27,59,4,52,191,245,113,240,200,269,41,41,-7.22,-2.44,7.95
3997,1317945191,27,60,5,49,190,239,110,239,199,269,41,45,-7.22,-2.44,7.95
3998,1317948586,27,62,5,50,190,239,114,239,199,275,41,47,-7.22,-2.44,7.95
3999,1317950911,27,56,7,49,190,245,113,236,200,274,40,50,-7.22,-2.44,7.95
4000,1317951416,27,63,6,51,190,242,120,236,188,274,41,52,-7.78,-0.24,9.34
4001,1317952188,28,59,5,50,186,244,117,236,182,273,40,55,-7.78,-0.24,9.34
4002,1317953188,27,61,6,50,187,245,117,236,184,272,41,53,-7.78,-0.24,9.34
4003,1317954188,27,61,7,51,191,245,118,237,192,273,41,51,-7.78,-0.24,9.34
4004,1317955188,29,62,7,50,191,241,117,238,190,275,41,53,-7.78,-0.24,9.34
4005,1317958357,27,62,9,50,189,240,118,239,191,276,41,54,-7.78,-0.24,9.34
4006,1317961046,27,3,7,50,191,240,114,238,194,280,41,59,-7.78,-0.24,9.34
4007,1317961550,27,4,8,50,190,241,120,240,189,276,41,61,-6.92,0.66,8.3
4008,1317962194,29,4,8,50,190,241,118,236,190,278,41,60,-6.92,0.66,8.3
4009,1317963188,29,4,8,50,193,240,118,238,191,278,41,59,-6.92,0.66,8.3
4010,1317964188,27,4,8,49,193,240,119,240,187,276,40,59,-6.92,0.66,8.3
4011,1317965188,27,4,9,50,192,240,117,240,193,274,40,56,-6.92,0.66,8.3
4012,1317966195,29,4,10,51,192,241,124,242,188,280,40,55,-6.92,0.66,8.3
4013,1317967188,28,3,10,48,192,242,124,241,194,280,41,54,-6.92,0.66,8.3
4014,1317968188,28,4,9,49,193,240,119,239,190,280,41,54,-6.92,0.66,8.3
4015,1317969188,27,2,9,50,190,239,121,241,193,276,41,56,-6.92,0.66,8.3
4016,1317970188,28,3,9,49,192,239,120,243,187,278,41,54,-6.92,0.66,8.3
4017,1317971195,27,4,8,50,190,240,123,238,192,280,41,58,-4.39,-2.79,12.52
4018,1317972188,28,4,8,50,191,240,125,236,187,279,41,58,-4.39,-2.79,12.52
4019,1317973188,27,3,7,49,187,242,120,235,193,280,41,56,-4.39,-2.79,12.52
4020,1317974194,28,3,7,47,189,245,120,231,194,279,41,55,-4.39,-2.79,12.52
4021,1317975187,28,4,7,51,188,242,123,227,188,278,40,56,-4.39,-2.79,12.52
4022,1317976188,29,2,6,48,187,240,124,215,194,274,41,58,-4.39,-2.79,12.52
4023,1317977191,27,3,7,48,188,246,121,208,192,276,40,53,-4.39,-2.79,12.52
4024,1317978188,28,3,7,50,190,241,120,206,192,280,40,53,-4.39,-2.79,12.52
4025,1317979195,28,4,7,50,190,245,120,201,186,280,40,55,-4.39,-2.79,12.52
4026,1317980189,28,2,5,51,187,242,121,201,185,274,40,57,-4.39,-2.79,12.52
4027,1317981199,27,4,5,49,188,244,123,202,193,275,40,52,-4.94,-2.16,12.03
4028,1317982192,28,3,6,49,188,245,121,199,190,275,40,52,-4.94,-2.16,12.03
4029,1317983188,28,4,6,51,183,243,123,202,191,276,41,51,-4.94,-2.16,12.03
4030,1317984188,28,2,5,48,188,243,120,197,189,281,41,52,-4.94,-2.16,12.03
4031,1317985190,28,4,4,50,181,242,117,203,190,282,40,50,-4.94,-2.16,12.03
4032,1317986188,28,4,3,52,184,245,117,202,191,279,40,50,-4.94,-2.16,12.03
4033,1317987188,28,3,3,51,185,243,118,201,194,286,41,49,-4.94,-2.16,12.03
4034,1317988188,26,4,2,50,182,241,118,200,192,286,40,52,-4.94,-2.16,12.03
4035,1317991010,28,4,2,49,188,245,119,206,196,289,41,49,-4.94,-2.16,12.03
4036,1317991515,28,4,2,48,188,241,114,206,194,292,40,48,-5.83,-2.3,9.44
4037,1317992195,28,4,2,48,184,239,116,206,193,293,41,48,-5.83,-2.3,9.44
4038,1317993192,28,4,2,49,185,241,114,208,195,295,41,48,-5.83,-2.3,9.44
4039,1317994189,27,3,2,49,181,238,112,206,193,297,41,49,-5.83,-2.3,9.44
4040,1317995188,28,4,2,48,184,236,114,207,194,300,40,50,-5.83,-2.3,9.44
4041,1317998588,28,4,2,47,182,238,115,206,198,302,40,49,-5.83,-2.3,9.44
4042,1318000911,28,3,2,49,181,235,116,206,200,307,38,48,-5.83,-2.3,9.44
4043,1318001417,33,3,2,48,171,232,114,205,198,311,38,48,-6.35,-2.1,8.71
4044,1318002188,28,4,2,49,171,231,114,205,200,314,39,48,-6.35,-2.1,8.71
4045,1318003188,28,4,2,49,173,230,110,210,200,314,40,48,-6.35,-2.1,8.71
4046,1318004188,27,4,2,45,172,227,112,208,201,314,38,49,-6.35,-2.1,8.71
4047,1318005188,28,4,2,49,172,228,112,210,201,315,39,47,-6.35,-2.1,8.71
4048,1318008357,29,3,2,48,170,226,111,207,203,317,39,45,-6.35,-2.1,8.71
4049,1318011051,28,2,2,48,166,225,111,209,209,317,41,46,-6.35,-2.1,8.71
4050,1318011556,28,4,2,48,162,223,109,208,209,319,42,46,-5.58,-0.74,6.38
4051,1318012189,28,4,2,49,164,223,109,211,211,320,42,45,-5.58,-0.74,6.38
4052,1318013188,28,3,2,46,166,213,110,207,207,321,42,45,-5.58,-0.74,6.38
4053,1318014188,33,3,2,48,163,215,108,211,209,323,42,46,-5.58,-0.74,6.38
4054,1318015192,31,3,1,47,151,211,109,208,207,324,42,47,-5.58,-0.74,6.38
4055,1318016188,28,3,2,48,150,209,106,211,209,325,42,46,-5.58,-0.74,6.38
4056,1318017188,29,3,2,47,150,211,107,210,209,325,42,46,-5.58,-0.74,6.38
4057,1318018188,29,2,2,46,148,210,106,207,212,325,41,44,-5.58,-0.74,6.38
4058,1318019187,29,3,1,49,146,209,108,206,209,327,41,46,-5.58,-0.74,6.38
4059,1318020188,32,3,2,47,148,212,107,206,212,327,41,44,-5.58,-0.74,6.38
4060,1318021198,30,3,1,50,148,212,108,209,210,328,41,46,-5.41,-1.18,7.23
4061,1318022188,29,3,1,47,145,208,105,207,214,326,41,47,-5.41,-1.18,7.23
4062,1318023172,33,4,2,48,144,209,107,206,211,328,40,45,-5.41,-1.18,7.23
4063,1318024172,30,4,2,48,143,209,107,205,214,328,40,43,-5.41,-1.18,7.23
4064,1318025193,32,4,2,49,143,209,107,202,219,330,41,44,-5.41,-1.18,7.23
4065,1318026188,33,4,2,47,142,210,105,201,215,329,41,44,-5.41,-1.18,7.23
4066,1318027172,30,4,2,49,140,210,107,201,223,330,41,44,-5.41,-1.18,7.23
4067,1318028190,28,4,2,47,141,208,107,201,212,330,41,44,-5.41,-1.18,7.23
4068,1318029172,32,4,2,47,142,210,107,202,213,330,41,44,-5.41,-1.18,7.23
4069,1318030192,33,4,2,47,142,212,106,197,222,330,41,44,-5.41,-1.18,7.23
4070,1318031201,32,3,2,47,137,211,107,195,216,330,40,44,-4.08,-1.72,5.24
4071,1318032188,34,4,2,49,138,211,107,198,226,331,41,44,-4.08,-1.72,5.24
4072,1318033173,34,4,2,46,139,210,107,193,225,331,41,44,-4.08,-1.72,5.24
4073,1318034188,33,3,2,48,138,209,104,197,217,331,41,44,-4.08,-1.72,5.24
4074,1318035177,28,5,2,48,138,210,106,197,224,329,41,43,-4.08,-1.72,5.24
4075,1318036172,30,4,2,48,141,213,106,200,221,331,41,43,-4.08,-1.72,5.24
4076,1318037195,33,4,2,48,138,208,107,200,226,331,41,42,-4.08,-1.72,5.24
4077,1318038172,30,4,2,49,140,209,104,200,219,329,41,41,-4.08,-1.72,5.24
4078,1318039178,32,4,2,48,138,209,105,202,217,330,41,40,-4.08,-1.72,5.24
4079,1318041144,33,3,2,49,140,210,107,199,226,333,41,31,-2.91,-0.74,5.18
4080,1318041644,29,4,2,48,139,209,105,204,221,333,40,39,-2.91,-0.74,5.18
4081,1318042184,33,3,2,49,137,209,106,202,214,331,41,39,-2.91,-0.74,5.18
4082,1318043167,33,4,2,49,139,210,108,203,218,334,40,37,-2.91,-0.74,5.18
4083,1318044169,32,4,2,48,138,210,108,205,223,332,40,36,-2.91,-0.74,5.18
4084,1318045184,30,4,2,48,139,208,107,202,229,334,40,30,-2.91,-0.74,5.18
4085,1318048569,30,2,1,45,137,209,107,204,219,333,39,34,-2.91,-0.74,5.18
4086,1318050881,29,3,2,45,137,207,107,199,226,333,38,27,-2.91,-0.74,5.18
4087,1318051386,29,4,1,45,134,210,107,204,233,336,37,32,-2.22,-0.91,4.92
4088,1318052188,31,4,2,48,137,209,103,201,234,333,37,27,-2.22,-0.91,4.92
4089,1318053188,32,4,2,45,138,210,106,204,234,335,37,27,-2.22,-0.91,4.92
4090,1318054188,30,2,2,42,139,211,106,203,234,334,38,26,-2.22,-0.91,4.92
4091,1318055188,29,4,3,45,136,210,105,205,234,336,38,28,-2.22,-0.91,4.92
4092,1318058553,33,3,2,44,139,211,105,201,235,336,39,27,-2.22,-0.91,4.92
4093,1318061075,31,3,2,43,139,211,106,200,235,338,38,26,-2.22,-0.91,4.92
4094,1318061580,28,4,2,43,140,211,106,202,235,338,39,27,-1.74,-0.94,7.4
4095,1318062188,31,4,2,45,139,210,103,203,234,336,39,28,-1.74,-0.94,7.4
4096,1318063190,29,3,1,43,137,209,106,200,234,339,39,27,-1.74,-0.94,7.4
4097,1318064187,28,4,2,45,137,210,107,202,236,338,39,26,-1.74,-0.94,7.4
4098,1318065188,29,3,2,45,140,205,106,200,234,336,39,24,-1.74,-0.94,7.4
4099,1318066188,29,4,2,45,139,211,105,204,231,335,39,25,-1.74,-0.94,7.4
4100,1318067195,33,3,2,43,140,205,107,201,231,337,39,26,-1.74,-0.94,7.4
