1000,503365192,59,74,2,50,270,271,40,228,320,415,37,84,7.87,3.25,5.27
1001,503366198,57,74,2,50,271,270,40,227,320,415,32,86,7.87,3.25,5.27
1002,503368900,60,72,2,48,270,269,41,226,320,415,31,83,7.87,3.25,5.27
1003,503370481,56,69,2,50,272,267,41,227,320,415,31,84,7.88,3.3,5.26
1004,503370993,56,73,2,49,271,269,40,227,320,415,33,84,7.88,3.3,5.26
1005,503371502,57,72,2,48,271,269,41,227,320,415,31,85,7.88,3.3,5.26
1006,503372191,57,71,2,50,268,269,38,227,320,415,31,84,7.88,3.3,5.26
1007,503373196,56,74,2,49,269,269,40,227,320,414,31,85,7.88,3.3,5.26
1008,503374192,56,72,2,49,268,266,42,227,320,415,31,86,7.88,3.3,5.26
1009,503375191,60,70,2,49,274,269,40,225,317,415,30,85,7.88,3.3,5.26
1010,503376191,61,73,2,48,267,265,40,227,320,415,31,85,7.88,3.3,5.26
1011,503379814,62,74,2,49,268,268,42,227,320,415,31,85,7.88,3.3,5.26
1012,503380822,61,69,3,50,271,269,40,227,320,415,31,86,8,3.44,5.25
1013,503381322,56,73,2,48,267,270,40,226,319,415,31,86,8,3.44,5.25
1014,503382183,56,74,3,49,270,269,40,225,320,416,31,86,8,3.44,5.25
1015,503383182,57,74,2,49,271,268,41,225,319,415,31,83,8,3.44,5.25
1016,503384183,58,68,2,50,269,269,42,225,318,414,36,87,8,3.44,5.25
1017,503385183,61,76,2,49,268,271,41,225,319,415,31,85,8,3.44,5.25
1018,503386182,62,72,3,49,269,271,40,225,320,415,31,85,8,3.44,5.25
1019,503387183,56,70,2,50,269,271,41,225,318,416,31,81,8,3.44,5.25
1020,503388182,56,74,3,51,267,269,40,225,320,415,31,86,8,3.44,5.25
1021,503389183,56,73,3,47,272,270,41,225,320,415,31,84,8,3.44,5.25
1022,503390461,58,74,2,48,271,270,40,225,320,415,31,84,8.25,3.48,5.28
1023,503391198,56,75,3,49,269,270,40,225,319,414,31,83,8.25,3.48,5.28
1024,503392193,55,73,2,50,271,268,43,226,319,414,37,90,8.25,3.48,5.28
1025,503393192,58,74,3,50,271,269,43,226,320,415,31,85,8.25,3.48,5.28
1026,503394192,59,74,3,48,268,270,41,225,320,415,31,85,8.25,3.48,5.28
1027,503395194,61,72,2,49,267,269,40,227,320,415,30,80,8.25,3.48,5.28
1028,503396195,57,76,3,50,270,265,39,227,320,414,31,85,8.25,3.48,5.28
1029,503397191,63,76,3,48,268,268,40,225,320,415,32,86,8.25,3.48,5.28
1030,503398195,59,71,3,50,268,265,41,226,320,415,32,85,8.25,3.48,5.28
1031,503399192,60,70,1,48,271,268,42,226,320,414,31,86,8.25,3.48,5.28
1032,503400470,62,74,3,50,271,269,41,225,320,415,38,83,8.2,3.29,5.37
1033,503401199,56,77,3,50,269,264,41,226,320,416,32,85,8.2,3.29,5.37
1034,503402195,61,72,3,51,270,265,40,226,320,415,32,85,8.2,3.29,5.37
1035,503403196,57,75,1,48,267,266,41,226,319,415,34,87,8.2,3.29,5.37
1036,503404199,57,71,1,48,272,270,42,226,320,415,31,85,8.2,3.29,5.37
1037,503405196,59,70,1,50,269,268,39,226,319,415,32,85,8.2,3.29,5.37
1038,503406198,60,71,1,49,267,266,41,226,319,415,32,82,8.2,3.29,5.37
1039,503407195,57,76,2,49,270,269,42,226,320,415,32,82,8.2,3.29,5.37
1040,503408196,62,71,3,50,270,269,40,227,320,415,37,85,8.2,3.29,5.37
1041,503409202,57,72,2,50,269,267,42,227,320,414,32,85,8.2,3.29,5.37
1042,503410471,60,71,2,49,269,270,40,227,319,415,31,85,8.12,3.27,5.38
1043,503411198,57,73,2,49,271,269,41,226,320,414,32,83,8.12,3.27,5.38
1044,503412196,59,74,2,48,267,266,39,227,320,415,38,85,8.12,3.27,5.38
1045,503413196,56,73,3,50,269,265,40,227,320,415,37,86,8.12,3.27,5.38
1046,503414201,56,74,2,48,269,270,39,226,317,413,39,88,8.12,3.27,5.38
1047,503415195,60,75,2,48,269,265,41,227,320,415,32,84,8.12,3.27,5.38
1048,503416201,56,72,3,47,270,264,41,227,320,415,32,85,8.12,3.27,5.38
1049,503417195,59,73,3,51,269,264,40,227,320,415,32,86,8.12,3.27,5.38
1050,503420302,57,71,3,47,270,267,41,227,320,415,36,83,8.12,3.27,5.38
1051,503420816,60,74,2,50,271,270,42,227,320,416,38,86,8.08,3.21,5.26
1052,503421328,62,74,3,50,272,268,41,227,320,415,38,84,8.08,3.21,5.26
1053,503422196,60,71,3,47,269,266,41,225,320,415,34,83,8.08,3.21,5.26
1054,503423195,62,72,2,48,270,267,40,227,320,415,32,85,8.08,3.21,5.26
1055,503424196,60,71,2,50,269,268,39,225,319,415,38,84,8.08,3.21,5.26
1056,503425196,55,76,2,47,269,268,41,225,319,414,38,82,8.08,3.21,5.26
1057,503427727,57,72,2,51,270,271,41,226,320,414,38,84,8.08,3.21,5.26
1058,503430411,61,70,2,48,271,270,40,225,320,415,32,85,8.08,3.21,5.26
1059,503430924,58,74,2,48,267,269,41,223,320,415,34,84,8.02,3.21,5.22
1060,503431437,59,74,2,48,268,268,41,223,320,415,38,84,8.02,3.21,5.22
1061,503432195,60,72,2,48,270,265,41,224,320,415,32,85,8.02,3.21,5.22
1062,503433195,57,72,2,48,267,266,40,223,320,415,32,84,8.02,3.21,5.22
1063,503434196,56,71,2,47,271,265,39,212,318,414,32,83,8.02,3.21,5.22
1064,503435196,57,73,2,47,271,271,42,223,320,415,32,84,8.02,3.21,5.22
1065,503436195,59,74,2,48,271,270,41,224,319,415,31,84,8.02,3.21,5.22
1066,503437195,57,74,2,47,271,270,41,223,320,415,31,85,8.02,3.21,5.22
1067,503438196,59,72,2,47,270,273,40,225,320,414,31,82,8.02,3.21,5.22
1068,503439196,60,71,3,47,267,270,41,225,320,415,37,84,8.02,3.21,5.22
1069,503440449,56,73,2,49,271,268,42,225,320,415,32,85,8.02,3.21,5.22
1070,503441196,60,72,3,47,271,268,41,226,320,416,38,84,7.81,3.34,5.05
1071,503442195,58,69,3,47,274,266,39,225,319,415,32,85,7.81,3.34,5.05
1072,503443196,56,70,3,47,266,270,42,225,320,415,31,84,7.81,3.34,5.05
1073,503444195,60,72,3,46,267,266,42,225,320,415,32,85,7.81,3.34,5.05
1074,503445196,58,71,2,47,271,270,39,225,320,415,32,84,7.81,3.34,5.05
1075,503446196,62,70,1,46,271,265,39,225,320,415,31,85,7.81,3.34,5.05
1076,503447196,57,73,2,45,271,270,40,225,320,415,32,86,7.81,3.34,5.05
1077,503448196,56,72,3,47,270,270,41,225,320,416,31,85,7.81,3.34,5.05
1078,503449196,63,74,3,46,271,266,41,225,320,415,31,85,7.81,3.34,5.05
1079,503450449,58,72,2,47,269,266,40,224,319,414,38,85,7.81,3.34,5.05
1080,503451195,60,76,2,47,267,269,40,225,320,415,31,86,7.7,3.35,5.03
1081,503452196,57,71,3,47,271,266,41,225,320,415,32,86,7.7,3.35,5.03
1082,503453196,56,69,2,45,268,268,40,225,320,415,31,86,7.7,3.35,5.03
1083,503454195,56,72,2,44,269,267,39,224,319,414,32,84,7.7,3.35,5.03
1084,503455196,56,71,3,48,269,269,39,224,320,415,32,86,7.7,3.35,5.03
1085,503456195,56,76,2,45,267,265,41,225,320,415,31,84,7.7,3.35,5.03
1086,503457196,57,74,3,48,271,269,40,224,320,414,32,85,7.7,3.35,5.03
1087,503458195,61,73,2,46,267,265,38,213,319,415,31,86,7.7,3.35,5.03
1088,503459196,61,73,2,45,268,268,40,223,319,415,31,84,7.7,3.35,5.03
1089,503460562,57,72,2,48,269,265,41,225,320,414,32,86,7.64,3.34,5.14
1090,503461195,57,76,2,46,267,269,41,225,320,415,37,85,7.64,3.34,5.14
1091,503462196,60,73,1,48,268,268,40,224,319,415,31,87,7.64,3.34,5.14
1092,503463196,57,74,3,49,270,267,38,226,320,415,31,82,7.64,3.34,5.14
1093,503464195,60,72,3,48,270,266,40,225,320,415,38,84,7.64,3.34,5.14
1094,503467404,61,75,2,49,270,269,40,225,320,414,32,85,7.64,3.34,5.14
1095,503470293,61,68,3,48,270,268,41,225,320,415,32,84,7.64,3.34,5.14
1096,503470806,59,72,3,45,272,271,41,225,320,415,31,85,7.64,3.38,5.22
1097,503471318,61,71,3,48,269,270,40,225,320,415,31,85,7.64,3.38,5.22
1098,503472198,56,73,1,48,264,269,40,225,320,414,31,86,7.64,3.38,5.22
1099,503473196,60,76,1,47,267,269,41,223,320,414,34,84,7.64,3.38,5.22
1100,503474195,61,73,3,47,267,270,41,225,320,415,32,85,7.64,3.38,5.22
1101,503475200,58,70,3,47,270,269,42,226,320,415,38,85,7.64,3.38,5.22
1102,503478583,60,73,1,48,270,268,39,225,317,413,38,88,7.64,3.38,5.22
1103,503480516,60,71,3,48,269,268,40,225,320,415,38,85,7.64,3.38,5.22
1104,503481029,59,73,2,47,271,269,40,225,320,415,32,85,7.84,3.27,5.18
1105,503481541,55,72,3,47,269,269,41,225,319,415,32,86,7.84,3.27,5.18
1106,503482196,61,76,3,47,268,271,40,225,320,415,32,86,7.84,3.27,5.18
1107,503483195,61,73,2,48,268,270,41,225,319,415,38,85,7.84,3.27,5.18
1108,503484195,57,73,3,48,269,269,40,225,320,416,32,86,7.84,3.27,5.18
1109,503485195,57,74,2,48,271,269,39,224,320,414,36,82,7.84,3.27,5.18
1110,503486195,56,71,3,48,269,267,42,225,320,415,38,86,7.84,3.27,5.18
1111,503487196,60,72,2,46,269,268,41,225,320,415,38,84,7.84,3.27,5.18
1112,503488196,57,71,3,46,269,270,41,225,320,415,38,85,7.84,3.27,5.18
1113,503489196,57,71,2,47,270,270,41,224,320,415,31,81,7.84,3.27,5.18
1114,503490443,56,73,2,46,270,269,38,225,320,416,38,87,7.84,3.27,5.18
1115,503491195,59,75,1,48,272,267,40,224,319,414,34,87,7.85,3.23,5.19
1116,503492196,59,75,1,45,271,270,40,225,320,415,32,83,7.85,3.23,5.19
1117,503493195,57,73,3,49,269,265,39,225,320,415,38,84,7.85,3.23,5.19
1118,503494196,57,72,2,47,267,269,41,225,320,415,34,85,7.85,3.23,5.19
1119,503495196,56,75,2,48,267,267,41,226,320,415,38,84,7.85,3.23,5.19
1120,503496195,58,70,2,46,270,270,40,227,320,414,31,83,7.85,3.23,5.19
1121,503497196,58,74,2,45,270,270,40,227,320,416,37,84,7.85,3.23,5.19
1122,503498195,56,71,3,47,269,270,41,227,320,414,32,85,7.85,3.23,5.19
1123,503499196,56,73,3,47,269,269,41,227,320,415,32,84,7.85,3.23,5.19
1124,503500442,60,73,3,46,269,269,40,226,319,415,31,86,7.85,3.23,5.19
1125,503501195,60,74,2,49,270,270,41,225,320,416,32,85,7.86,3.28,5.22
1126,503502195,61,75,2,47,270,268,40,226,320,415,31,85,7.86,3.28,5.22
1127,503503195,57,73,3,48,267,269,41,226,320,415,31,85,7.86,3.28,5.22
1128,503504195,58,73,3,46,269,267,39,225,319,414,31,86,7.86,3.28,5.22
1129,503505196,60,73,2,48,270,269,40,225,320,415,33,83,7.86,3.28,5.22
1130,503506196,56,73,2,47,271,269,40,226,320,415,32,85,7.86,3.28,5.22
1131,503507195,60,72,2,48,268,268,41,227,320,415,31,85,7.86,3.28,5.22
1132,503508196,57,76,2,45,270,270,41,226,319,414,37,87,7.86,3.28,5.22
1133,503509196,60,73,3,48,267,270,40,226,320,415,37,85,7.86,3.28,5.22
1134,503510562,59,75,3,49,267,270,40,225,320,415,32,85,7.85,3.26,5.28
1135,503511196,62,76,2,47,268,267,40,226,320,415,32,86,7.85,3.26,5.28
1136,503512196,58,70,2,47,268,268,39,225,320,416,31,87,7.85,3.26,5.28
1137,503513196,62,73,2,46,267,271,42,226,319,415,34,81,7.85,3.26,5.28
1138,503514196,56,75,2,47,271,269,41,226,320,415,37,85,7.85,3.26,5.28
1139,503515195,62,71,3,47,268,266,40,226,320,415,31,85,7.85,3.26,5.28
1140,503518383,57,73,2,48,267,268,39,225,319,416,31,84,7.85,3.26,5.28
1141,503520366,59,69,3,47,271,270,41,227,320,415,31,83,7.85,3.26,5.28
1142,503520879,59,73,2,48,269,270,41,227,320,415,38,85,7.67,3.22,5.13
1143,503521391,58,73,3,47,271,270,40,227,319,415,38,85,7.67,3.22,5.13
1144,503522199,59,72,3,49,271,270,42,227,320,416,38,85,7.67,3.22,5.13
1145,503523195,56,73,3,47,269,271,41,227,320,415,32,84,7.67,3.22,5.13
1146,503524195,58,72,1,47,273,269,40,227,320,414,32,84,7.67,3.22,5.13
1147,503525196,57,75,1,47,266,270,41,226,319,413,31,86,7.67,3.22,5.13
1148,503526195,60,72,3,48,271,271,40,227,320,415,38,84,7.67,3.22,5.13
1149,503529790,56,73,2,47,267,270,41,227,320,415,32,84,7.67,3.22,5.13
1150,503530814,60,68,3,47,271,269,42,227,320,415,38,85,7.55,3.2,5.06
1151,503531326,56,73,3,47,271,269,39,227,320,415,31,85,7.55,3.2,5.06
1152,503532195,59,70,2,46,266,271,41,227,319,415,31,83,7.55,3.2,5.06
1153,503533196,60,72,2,50,274,270,42,226,320,415,38,86,7.55,3.2,5.06
1154,503534199,57,75,3,48,272,268,42,227,320,414,31,84,7.55,3.2,5.06
1155,503535195,57,73,3,48,269,271,42,227,320,414,31,85,7.55,3.2,5.06
1156,503536195,63,72,2,48,269,266,38,226,319,414,32,87,7.55,3.2,5.06
1157,503537200,60,74,1,49,268,265,41,226,319,414,33,81,7.55,3.2,5.06
1158,503538196,58,73,3,47,271,270,40,227,320,416,31,84,7.55,3.2,5.06
1159,503539195,60,74,3,46,267,265,41,227,320,415,31,86,7.55,3.2,5.06
1160,503540464,59,71,1,45,273,265,41,227,320,415,32,86,7.47,3.18,5.05
1161,503541195,56,76,3,47,269,270,41,227,320,415,31,84,7.47,3.18,5.05
1162,503542196,63,76,2,48,267,266,41,227,320,414,31,85,7.47,3.18,5.05
1163,503543201,57,73,3,47,271,266,41,226,320,415,31,84,7.47,3.18,5.05
1164,503544196,56,74,2,49,271,269,39,227,320,416,31,82,7.47,3.18,5.05
1165,503545963,59,73,2,48,271,267,40,227,320,415,31,85,7.47,3.18,5.05
1166,503548806,58,67,3,48,271,270,42,227,320,415,31,85,7.47,3.18,5.05
1167,503550385,59,68,3,47,271,267,42,227,320,415,31,85,7.45,3.15,5.03
1168,503550898,56,72,3,49,271,269,41,227,320,415,33,85,7.45,3.15,5.03
1169,503551411,58,72,3,48,268,265,40,227,320,415,32,85,7.45,3.15,5.03
1170,503552196,56,75,2,48,271,269,41,227,320,416,31,84,7.45,3.15,5.03
1171,503553195,61,74,3,47,267,266,41,227,320,415,31,85,7.45,3.15,5.03
1172,503554195,55,74,1,46,270,268,39,227,319,414,31,86,7.45,3.15,5.03
1173,503556895,58,74,2,50,270,270,39,224,320,415,31,86,7.45,3.15,5.03
1174,503559580,60,75,2,48,271,269,42,225,320,415,31,85,7.45,3.15,5.03
1175,503560606,62,73,2,49,269,269,40,225,321,415,31,84,7.54,3.09,5.06
1176,503561119,56,76,3,48,270,271,41,225,320,415,31,85,7.54,3.09,5.06
1177,503561631,55,74,2,46,270,271,41,225,319,415,31,84,7.54,3.09,5.06
1178,503562196,56,75,3,50,270,270,40,225,320,416,31,84,7.54,3.09,5.06
1179,503563196,57,74,3,47,268,268,41,224,319,415,31,85,7.54,3.09,5.06
1180,503564195,59,74,2,48,271,269,41,225,320,415,32,85,7.54,3.09,5.06
1181,503565202,62,71,2,48,271,268,40,225,320,414,31,83,7.54,3.09,5.06
1182,503568599,60,75,2,47,269,270,41,225,320,415,37,85,7.54,3.09,5.06
1183,503570347,63,69,3,46,271,270,42,226,320,415,38,84,7.54,3.09,5.06
1184,503570865,57,73,2,47,271,270,40,225,320,416,38,84,7.64,3.12,5.14
1185,503571378,57,74,3,47,270,268,39,225,320,414,32,85,7.64,3.12,5.14
1186,503572195,56,73,3,46,267,267,40,225,320,415,32,86,7.64,3.12,5.14
1187,503573196,62,73,3,47,268,265,40,225,320,415,38,84,7.64,3.12,5.14
1188,503574195,63,73,1,46,268,265,39,224,319,414,32,86,7.64,3.12,5.14
1189,503575196,61,72,3,46,272,265,40,224,319,415,38,84,7.64,3.12,5.14
1190,503576766,61,74,3,47,269,268,42,225,320,415,38,85,7.64,3.12,5.14
1191,503579449,60,73,3,47,269,271,41,225,320,415,38,85,7.64,3.12,5.14
1192,503580665,59,69,2,46,270,270,41,225,320,415,38,86,7.69,3.18,5.17
1193,503581178,56,73,2,47,271,267,41,225,320,415,33,85,7.69,3.18,5.17
1194,503581690,58,74,3,47,268,270,40,225,320,415,32,84,7.69,3.18,5.17
1195,503582210,60,75,2,47,268,268,41,225,320,415,32,85,7.69,3.18,5.17
1196,503583204,60,72,3,46,269,266,41,225,320,415,38,83,7.69,3.18,5.17
1197,503584203,56,74,2,49,270,269,40,225,319,414,34,87,7.69,3.18,5.17
1198,503585199,58,72,1,48,270,269,40,225,319,415,38,82,7.69,3.18,5.17
1199,503586197,59,76,3,46,269,267,41,226,320,415,38,84,7.69,3.18,5.17
1200,503587195,61,75,3,46,271,269,41,225,320,415,38,85,7.69,3.18,5.17
1201,503588202,60,72,1,47,271,268,40,225,319,414,38,87,7.69,3.18,5.17
1202,503589196,61,72,2,49,266,268,38,225,319,414,31,85,7.69,3.18,5.17
1203,503590450,58,75,1,46,268,269,41,225,319,415,31,87,7.69,3.18,5.17
1204,503591209,56,75,1,47,271,270,39,225,319,415,33,85,7.55,3.22,5.1
1205,503592196,58,71,2,47,268,269,39,225,319,415,37,84,7.55,3.22,5.1
1206,503593201,61,72,3,49,269,264,42,226,320,415,37,86,7.55,3.22,5.1
1207,503594196,58,73,2,47,271,266,40,226,320,415,32,86,7.55,3.22,5.1
1208,503595196,56,74,2,46,268,267,42,214,319,414,32,86,7.55,3.22,5.1
1209,503596196,56,71,2,47,268,271,42,225,320,415,32,82,7.55,3.22,5.1
1210,503597196,56,74,3,49,267,265,42,226,320,415,32,85,7.55,3.22,5.1
1211,503598196,57,75,2,48,268,266,43,226,320,415,32,85,7.55,3.22,5.1
1212,503599195,56,76,1,47,269,270,41,226,319,415,34,86,7.55,3.22,5.1
1213,503600447,57,75,3,48,268,264,43,226,320,415,31,83,7.55,3.22,5.1
1214,503601201,59,78,3,48,267,268,43,226,320,415,38,85,7.62,3.29,5.11
1215,503602196,57,72,2,48,268,267,42,225,320,415,38,85,7.62,3.29,5.11
1216,503603195,59,74,2,47,271,270,43,226,320,415,32,85,7.62,3.29,5.11
1217,503604196,56,72,1,46,271,269,42,225,319,415,32,84,7.62,3.29,5.11
1218,503605196,58,73,3,47,268,268,42,227,320,415,38,84,7.62,3.29,5.11
1219,503606195,57,72,2,50,267,268,43,226,320,415,38,85,7.62,3.29,5.11
1220,503607195,61,72,2,47,270,266,44,226,319,414,32,85,7.62,3.29,5.11
1221,503608196,59,70,1,48,270,266,44,227,320,415,32,85,7.62,3.29,5.11
1222,503609196,61,75,2,47,271,270,42,225,320,416,38,85,7.62,3.29,5.11
1223,503610447,61,74,3,48,270,270,44,227,320,415,38,85,7.62,3.29,5.11
1224,503611196,56,73,2,47,271,267,42,227,320,415,32,85,7.61,3.34,5.12
1225,503612196,59,74,2,46,269,267,44,227,319,413,38,87,7.61,3.34,5.12
1226,503613195,62,75,3,47,267,269,44,227,320,415,37,83,7.61,3.34,5.12
1227,503614195,60,75,2,47,268,266,42,227,320,415,32,83,7.61,3.34,5.12
1228,503615195,57,72,1,47,270,270,41,227,320,415,32,86,7.61,3.34,5.12
1229,503616197,60,71,1,47,269,269,41,226,318,415,39,82,7.61,3.34,5.12
1230,503619369,56,76,4,48,271,269,42,227,320,415,38,84,7.61,3.34,5.12
1231,503620579,58,69,2,50,267,268,42,227,320,414,32,85,7.54,3.3,5.12
1232,503621098,62,75,3,47,271,268,41,227,320,415,32,85,7.54,3.3,5.12
1233,503621610,60,77,3,49,267,266,44,227,320,415,31,85,7.54,3.3,5.12
1234,503622195,63,75,2,49,268,268,42,227,320,415,32,85,7.54,3.3,5.12
1235,503623202,63,73,3,48,272,265,41,227,320,416,32,85,7.54,3.3,5.12
1236,503624196,59,72,1,48,268,270,41,227,318,412,34,87,7.54,3.3,5.12
1237,503625196,56,70,3,46,271,268,41,227,320,415,38,85,7.54,3.3,5.12
1238,503626196,59,76,3,47,269,269,40,227,320,415,32,84,7.54,3.3,5.12
1239,503629618,63,77,3,47,270,270,40,225,320,415,31,85,7.54,3.3,5.12
1240,503630834,56,69,3,48,271,270,41,226,320,416,31,85,7.51,3.27,5.05
1241,503631346,61,74,2,46,270,267,41,225,320,416,32,86,7.51,3.27,5.05
1242,503632195,57,77,1,47,269,270,41,225,319,414,31,83,7.51,3.27,5.05
1243,503633196,59,72,1,49,271,266,40,225,319,415,34,84,7.51,3.27,5.05
1244,503634195,56,74,2,46,271,270,41,225,320,415,32,85,7.51,3.27,5.05
1245,503635195,56,74,2,46,270,269,41,225,320,415,31,86,7.51,3.27,5.05
1246,503636196,55,72,2,49,270,268,41,224,320,413,30,86,7.51,3.27,5.05
1247,503637196,59,75,1,49,268,269,41,225,319,415,32,83,7.51,3.27,5.05
1248,503638196,58,77,3,47,270,270,40,225,320,415,31,83,7.51,3.27,5.05
1249,503639196,56,74,3,47,267,268,40,225,320,415,31,84,7.51,3.27,5.05
1250,503640464,54,73,2,46,266,270,41,213,320,414,31,82,7.51,3.27,5.05
1251,503641191,57,76,3,45,269,266,41,224,320,415,31,84,7.47,3.25,4.96
1252,503642191,57,75,2,47,268,269,40,224,320,415,31,85,7.47,3.25,4.96
1253,503643191,57,76,2,48,267,269,40,224,320,415,32,85,7.47,3.25,4.96
1254,503644191,56,75,2,45,268,269,41,225,319,414,31,87,7.47,3.25,4.96
1255,503645191,56,73,2,47,267,271,40,225,320,415,32,84,7.47,3.25,4.96
1256,503646191,56,75,2,45,268,266,41,225,320,415,31,86,7.47,3.25,4.96
1257,503647191,60,72,3,45,270,270,40,225,320,415,31,85,7.47,3.25,4.96
1258,503648191,63,74,2,47,272,267,39,226,319,415,31,85,7.47,3.25,4.96
1259,503649191,57,73,3,47,270,267,42,225,320,414,31,86,7.47,3.25,4.96
1260,503650461,57,76,3,47,269,270,40,225,320,415,32,84,7.47,3.25,4.96
1261,503651196,59,78,3,47,271,270,41,225,320,415,31,85,7.56,3.14,5.03
1262,503652196,62,73,2,45,268,266,38,225,319,415,31,87,7.56,3.14,5.03
1263,503653196,56,74,1,47,271,271,41,225,320,415,32,86,7.56,3.14,5.03
1264,503654196,60,75,3,46,270,269,42,226,320,415,31,84,7.56,3.14,5.03
1265,503655196,59,71,3,47,271,270,41,225,320,415,32,86,7.56,3.14,5.03
1266,503656195,60,72,1,50,273,269,40,224,318,416,31,87,7.56,3.14,5.03
1267,503657196,57,75,2,48,267,269,41,226,320,415,32,85,7.56,3.14,5.03
1268,503658196,56,74,3,48,268,270,41,227,320,415,31,85,7.56,3.14,5.03
1269,503659195,58,75,3,48,266,270,41,227,320,415,31,84,7.56,3.14,5.03
1270,503660459,60,72,3,48,271,269,42,227,320,415,31,83,7.61,3.06,5.16
1271,503661196,56,73,3,45,269,270,41,226,320,415,32,84,7.61,3.06,5.16
1272,503662195,61,75,3,47,268,265,40,225,320,415,32,85,7.61,3.06,5.16
1273,503663196,60,73,3,46,270,271,42,225,320,416,38,84,7.61,3.06,5.16
1274,503664195,59,75,1,47,268,266,41,227,320,415,31,86,7.61,3.06,5.16
1275,503665195,58,73,1,46,269,269,41,227,319,415,37,86,7.61,3.06,5.16
1276,503666196,60,75,1,46,271,267,41,227,320,414,38,86,7.61,3.06,5.16
1277,503669589,54,74,2,46,273,267,41,226,319,413,32,83,7.61,3.06,5.16
1278,503670464,59,75,3,47,266,266,42,226,320,415,31,85,7.5,3.28,5.11
1279,503670972,56,76,3,47,268,269,41,225,320,415,32,85,7.5,3.28,5.11
1280,503671481,56,72,3,47,266,271,40,225,320,416,32,85,7.5,3.28,5.11
1281,503672191,57,74,3,46,272,270,41,225,320,415,32,85,7.5,3.28,5.11
1282,503673191,56,75,3,48,268,270,40,225,320,415,32,84,7.5,3.28,5.11
1283,503674191,56,77,2,47,268,270,40,226,320,414,32,85,7.5,3.28,5.11
1284,503675191,61,73,1,49,270,268,39,225,320,415,32,90,7.5,3.28,5.11
1285,503677894,57,72,2,47,271,269,40,225,320,416,38,85,7.5,3.28,5.11
1286,503680459,56,75,3,46,271,268,40,225,320,416,32,85,7.5,3.28,5.11
1287,503680971,57,73,3,47,269,269,43,226,320,415,32,85,7.56,3.14,5.1
1288,503681482,62,75,3,47,275,265,41,225,320,415,38,85,7.56,3.14,5.1
1289,503682198,56,72,3,47,267,269,41,225,320,416,38,85,7.56,3.14,5.1
1290,503683196,57,78,2,47,268,271,41,226,320,415,32,85,7.56,3.14,5.1
1291,503684196,56,72,3,46,266,269,40,225,320,415,31,84,7.56,3.14,5.1
1292,503685199,61,76,1,47,268,268,40,225,319,414,37,87,7.56,3.14,5.1
1293,503686195,59,75,3,47,270,270,42,225,320,414,34,86,7.56,3.14,5.1
1294,503687195,59,71,2,47,269,272,40,225,320,415,31,85,7.56,3.14,5.1
1295,503688200,60,71,3,47,269,270,40,224,320,415,31,84,7.56,3.14,5.1
1296,503689196,58,74,2,49,265,271,40,223,319,415,30,85,7.56,3.14,5.1
1297,503690456,56,74,3,47,267,270,40,224,320,416,31,84,7.59,3.19,5.11
1298,503691201,59,76,3,47,266,269,41,225,320,415,31,86,7.59,3.19,5.11
1299,503692196,56,75,3,46,270,270,41,224,320,415,32,84,7.59,3.19,5.11
1300,503693195,55,73,1,47,269,269,41,224,318,414,31,86,7.59,3.19,5.11
1301,503694196,58,72,2,46,274,271,41,225,320,415,31,85,7.59,3.19,5.11
1302,503695196,56,73,2,47,268,270,40,225,320,415,32,85,7.59,3.19,5.11
1303,503696203,60,73,3,47,269,270,41,225,320,415,31,85,7.59,3.19,5.11
1304,503697203,56,72,2,46,267,269,41,225,320,414,33,82,7.59,3.19,5.11
1305,503698197,60,72,3,48,269,269,41,225,320,415,32,84,7.59,3.19,5.11
1306,503699196,57,72,3,48,268,270,40,224,320,415,31,86,7.59,3.19,5.11
1307,503700457,59,73,2,48,270,269,40,225,320,415,37,84,7.48,3.36,5.11
1308,503701200,56,73,2,46,268,272,40,226,320,416,32,86,7.48,3.36,5.11
1309,503702196,58,70,2,46,270,268,41,225,320,415,31,83,7.48,3.36,5.11
1310,503703195,57,74,3,46,267,267,41,225,320,415,38,85,7.48,3.36,5.11
1311,503704196,57,75,3,45,271,268,40,226,320,415,32,86,7.48,3.36,5.11
1312,503705195,57,72,1,47,272,269,41,225,320,415,31,83,7.48,3.36,5.11
1313,503706199,58,75,3,46,269,269,41,226,321,415,34,86,7.48,3.36,5.11
1314,503707195,56,74,2,48,268,268,40,225,320,414,32,85,7.48,3.36,5.11
1315,503708195,57,76,3,45,267,269,41,225,320,415,32,85,7.48,3.36,5.11
1316,503709195,56,75,3,47,266,267,42,225,320,414,32,83,7.48,3.36,5.11
1317,503710443,62,75,3,48,268,266,40,226,320,415,36,85,7.48,3.36,5.11
1318,503711207,61,73,3,46,269,269,39,226,320,415,31,84,7.55,3.33,5.14
1319,503712196,59,71,2,45,270,270,40,225,320,415,31,86,7.55,3.33,5.14
1320,503713195,56,71,1,46,265,268,40,226,320,415,31,82,7.55,3.33,5.14
1321,503714196,57,74,3,47,270,264,42,227,318,416,38,87,7.55,3.33,5.14
1322,503715196,57,73,3,47,269,268,40,226,320,415,31,85,7.55,3.33,5.14
1323,503716196,60,73,3,48,271,269,40,225,320,415,31,85,7.55,3.33,5.14
1324,503719371,54,73,2,48,270,269,40,225,320,415,31,83,7.55,3.33,5.14
1325,503720567,60,76,3,47,270,270,40,227,320,415,32,83,7.52,3.43,5.16
1326,503721080,56,74,3,48,270,269,42,226,320,415,31,85,7.52,3.43,5.16
1327,503721593,56,71,3,49,270,270,41,227,320,415,32,86,7.52,3.43,5.16
1328,503722199,62,74,2,49,267,269,40,225,320,415,32,85,7.52,3.43,5.16
1329,503723196,59,72,3,46,267,264,42,225,320,416,31,86,7.52,3.43,5.16
1330,503724196,61,75,3,47,275,269,42,225,320,415,31,85,7.52,3.43,5.16
1331,503725195,60,72,1,47,272,269,43,225,320,415,32,88,7.52,3.43,5.16
1332,503726196,62,72,3,48,266,269,43,227,320,415,38,85,7.52,3.43,5.16
1333,503729602,57,75,3,48,271,270,41,225,320,415,32,85,7.52,3.43,5.16
1334,503730814,63,75,3,49,267,265,42,226,320,415,32,84,7.62,3.39,5.27
1335,503731326,58,74,3,51,267,266,42,225,320,415,32,85,7.62,3.39,5.27
1336,503732196,58,71,3,48,268,267,44,226,320,415,32,86,7.62,3.39,5.27
1337,503733196,60,73,1,48,270,269,44,225,319,414,38,88,7.62,3.39,5.27
1338,503734196,58,72,2,48,273,268,42,213,320,415,32,87,7.62,3.39,5.27
1339,503735196,62,76,2,48,276,268,43,224,320,416,34,85,7.62,3.39,5.27
1340,503736196,55,74,3,49,268,267,44,225,319,415,31,84,7.62,3.39,5.27
1341,503737196,55,75,2,48,275,269,40,213,320,415,31,86,7.62,3.39,5.27
1342,503738196,60,72,3,50,270,269,42,224,320,415,31,85,7.62,3.39,5.27
1343,503739196,58,72,3,47,270,270,42,225,320,415,32,85,7.62,3.39,5.27
1344,503740449,59,72,3,49,269,270,42,225,320,415,38,86,7.62,3.39,5.27
1345,503741196,58,75,1,46,270,265,43,225,319,415,32,88,7.95,3.18,5.21
1346,503742196,57,73,1,47,269,267,42,212,320,416,31,87,7.95,3.18,5.21
1347,503743196,63,74,3,49,267,267,45,225,320,415,31,86,7.95,3.18,5.21
1348,503744196,59,72,3,49,267,269,45,225,320,416,31,85,7.95,3.18,5.21
1349,503745200,63,69,2,47,272,267,42,224,320,415,31,85,7.95,3.18,5.21
1350,503746195,59,75,3,48,270,264,43,225,320,415,31,84,7.95,3.18,5.21
1351,503747196,60,73,2,48,275,270,41,225,320,415,31,85,7.95,3.18,5.21
1352,503748195,59,71,3,48,269,270,43,226,320,415,31,85,7.95,3.18,5.21
1353,503749196,57,74,1,48,267,267,43,225,320,415,32,82,7.95,3.18,5.21
1354,503750457,56,74,1,47,269,266,41,226,320,416,32,88,7.95,3.18,5.21
1355,503751196,55,73,3,48,271,269,43,226,318,416,32,87,7.94,3.28,5.23
1356,503752195,55,74,2,49,272,266,43,225,319,414,31,88,7.94,3.28,5.23
1357,503753195,57,73,3,51,270,269,42,225,320,415,31,84,7.94,3.28,5.23
1358,503754196,57,73,3,49,269,270,39,225,320,415,30,84,7.94,3.28,5.23
1359,503755195,56,74,3,49,270,268,42,225,320,414,31,85,7.94,3.28,5.23
1360,503756196,56,72,1,48,271,270,41,224,317,412,39,86,7.94,3.28,5.23
1361,503757196,57,72,1,48,269,269,43,224,322,416,39,85,7.94,3.28,5.23
1362,503758196,57,77,3,50,276,271,42,225,320,415,40,84,7.94,3.28,5.23
1363,503759196,59,72,3,49,266,266,41,226,320,415,39,84,7.94,3.28,5.23
1364,503760565,58,76,1,50,271,269,41,226,320,414,39,86,7.97,3.06,5.23
1365,503761196,61,73,3,50,270,268,40,225,320,415,39,84,7.97,3.06,5.23
1366,503762196,56,73,3,50,269,266,40,226,320,415,38,85,7.97,3.06,5.23
1367,503763196,56,76,3,48,266,270,41,226,320,415,38,86,7.97,3.06,5.23
1368,503764196,57,72,3,50,270,266,42,225,319,414,39,85,7.97,3.06,5.23
1369,503767661,63,72,3,48,267,269,42,225,320,415,34,85,7.97,3.06,5.23
1370,503770264,60,72,3,49,272,267,42,226,320,415,34,86,7.97,3.06,5.23
1371,503770777,59,74,2,51,271,266,43,227,320,415,32,85,7.81,2.99,5.11
1372,503771289,57,75,3,48,266,270,43,227,319,415,38,85,7.81,2.99,5.11
1373,503772201,57,76,3,50,266,269,42,227,320,415,38,83,7.81,2.99,5.11
1374,503773197,60,72,3,49,269,270,44,227,320,415,38,85,7.81,2.99,5.11
1375,503774196,61,75,2,48,269,268,44,227,320,415,32,85,7.81,2.99,5.11
1376,503777397,55,71,3,49,268,268,43,228,319,415,38,86,7.81,2.99,5.11
1377,503780028,61,68,3,51,269,269,43,227,320,415,38,85,7.81,2.99,5.11
1378,503780855,62,70,3,51,270,267,43,227,320,415,38,84,7.65,3.28,4.95
1379,503781367,55,74,2,50,268,268,43,227,320,416,31,82,7.65,3.28,4.95
1380,503782196,60,74,3,48,271,269,44,227,320,416,30,84,7.65,3.28,4.95
1381,503783196,56,74,3,49,267,266,43,227,320,415,30,84,7.65,3.28,4.95
1382,503784195,60,77,1,48,271,268,42,227,319,415,30,86,7.65,3.28,4.95
1383,503785196,60,72,1,49,273,270,41,226,319,414,31,84,7.65,3.28,4.95
1384,503786196,61,76,3,50,270,269,44,226,320,415,30,83,7.65,3.28,4.95
1385,503787196,61,76,3,50,271,268,43,226,320,415,32,85,7.65,3.28,4.95
1386,503788204,59,72,1,50,269,269,42,226,320,413,28,87,7.65,3.28,4.95
1387,503789196,57,73,1,50,272,270,41,225,320,415,30,83,7.65,3.28,4.95
1388,503790458,56,73,3,51,271,269,43,225,319,415,30,84,7.65,3.28,4.95
1389,503791196,59,74,2,50,266,269,43,225,320,415,30,84,7.49,3.32,4.91
1390,503792196,56,74,2,50,267,268,43,225,320,415,30,85,7.49,3.32,4.91
1391,503793195,58,76,1,49,268,271,43,223,318,414,30,81,7.49,3.32,4.91
1392,503794196,57,72,2,48,267,270,44,225,320,415,30,85,7.49,3.32,4.91
1393,503795195,61,72,3,51,269,267,44,224,320,415,30,85,7.49,3.32,4.91
1394,503796196,56,74,2,52,270,270,41,224,320,415,30,85,7.49,3.32,4.91
1395,503797196,57,72,2,50,268,268,41,225,319,414,37,81,7.49,3.32,4.91
1396,503798195,58,74,2,53,275,269,43,225,320,415,31,84,7.49,3.32,4.91
1397,503799195,63,71,3,50,268,270,43,225,320,415,31,85,7.49,3.32,4.91
1398,503800475,63,74,2,51,270,267,42,224,319,414,31,87,7.49,3.32,4.91
1399,503801191,58,74,1,51,271,271,41,225,319,415,32,82,7.41,3.45,5
1400,503802191,56,72,3,51,267,269,42,225,320,415,30,85,7.41,3.45,5
1401,503803191,55,74,3,51,267,270,44,225,320,415,31,84,7.41,3.45,5
1402,503804191,60,74,2,50,266,270,42,225,320,414,30,86,7.41,3.45,5
1403,503805191,57,74,2,52,268,271,43,225,320,414,31,84,7.41,3.45,5
1404,503806191,57,72,2,53,270,268,44,225,320,415,31,84,7.41,3.45,5
1405,503807191,58,75,3,51,266,269,43,225,320,415,31,84,7.41,3.45,5
1406,503810279,61,73,2,49,272,270,42,225,319,414,30,88,7.41,3.45,5
1407,503810793,58,76,3,54,270,269,42,225,320,415,31,85,7.48,3.46,5.11
1408,503811305,63,76,3,50,275,267,44,225,320,415,31,85,7.48,3.46,5.11
1409,503812195,56,75,2,52,270,270,44,224,320,415,31,85,7.48,3.46,5.11
1410,503813196,60,73,3,50,270,269,44,225,320,415,31,84,7.48,3.46,5.11
1411,503814196,59,76,2,53,269,271,42,224,318,413,31,83,7.48,3.46,5.11
1412,503816710,54,74,3,52,269,269,43,224,320,414,29,87,7.48,3.46,5.11
1413,503819351,59,68,3,52,269,269,44,225,320,415,31,84,7.48,3.46,5.11
1414,503820562,61,69,3,53,268,268,43,225,320,416,31,85,7.76,3.35,5.2
1415,503821081,57,71,3,50,270,270,44,226,320,415,31,84,7.76,3.35,5.2
1416,503821594,58,75,3,51,267,266,44,225,320,415,31,85,7.76,3.35,5.2
1417,503822197,59,72,3,50,270,267,40,226,320,415,31,86,7.76,3.35,5.2
1418,503823196,59,74,3,49,269,270,43,226,320,415,31,86,7.76,3.35,5.2
1419,503824196,60,77,3,52,276,270,44,226,320,415,31,86,7.76,3.35,5.2
1420,503825201,58,71,2,52,271,270,42,226,320,414,30,82,7.76,3.35,5.2
1421,503828598,57,72,2,53,266,268,44,227,320,415,31,86,7.76,3.35,5.2
1422,503830534,58,73,3,50,269,270,44,225,320,415,31,86,7.76,3.35,5.2
1423,503831046,63,73,2,51,270,268,44,225,320,415,31,85,8.06,3.39,5.27
1424,503831559,57,74,2,52,266,270,44,225,320,415,31,85,8.06,3.39,5.27
1425,503832196,60,73,3,51,272,272,43,226,320,415,31,85,8.06,3.39,5.27
1426,503833196,61,73,3,49,268,270,43,226,320,415,30,84,8.06,3.39,5.27
1427,503834196,60,75,3,53,272,271,45,226,320,415,31,87,8.06,3.39,5.27
1428,503835196,57,72,1,50,269,268,42,226,320,413,29,83,8.06,3.39,5.27
1429,503836196,55,76,3,51,271,266,43,226,319,415,31,84,8.06,3.39,5.27
1430,503837196,57,71,3,53,268,270,43,225,320,414,31,85,8.06,3.39,5.27
1431,503838195,56,74,3,50,266,271,42,225,320,415,31,84,8.06,3.39,5.27
1432,503840341,61,71,2,51,271,268,42,223,320,416,31,85,8.14,3.3,5.29
1433,503840855,61,70,2,51,270,271,41,225,320,415,31,85,8.14,3.3,5.29
1434,503841367,61,72,3,50,275,268,41,225,320,415,31,85,8.14,3.3,5.29
1435,503842196,56,71,2,51,270,272,42,225,320,415,31,84,8.14,3.3,5.29
1436,503843196,61,73,2,53,266,269,41,225,320,415,31,85,8.14,3.3,5.29
1437,503844195,57,70,1,51,271,270,39,224,319,414,31,87,8.14,3.3,5.29
1438,503847572,58,72,2,50,269,267,41,226,319,417,31,87,8.14,3.3,5.29
1439,503850313,55,72,3,52,271,271,41,226,320,415,31,86,8.14,3.3,5.29
1440,503850825,56,71,3,51,272,269,41,225,320,415,31,84,7.96,3.23,5.22
1441,503851341,57,72,2,52,269,268,40,225,320,415,31,84,7.96,3.23,5.22
1442,503852196,57,73,2,52,271,268,41,225,320,414,31,83,7.96,3.23,5.22
1443,503853195,60,75,1,51,269,267,40,227,320,414,31,86,7.96,3.23,5.22
1444,503854196,61,73,2,51,266,267,40,226,319,416,31,89,7.96,3.23,5.22
1445,503857617,60,73,2,52,271,269,41,227,318,415,38,86,7.96,3.23,5.22
1446,503860180,60,77,3,52,271,269,40,227,320,415,31,85,7.96,3.23,5.22
1447,503860692,62,77,2,50,267,267,41,227,319,415,31,84,7.87,3.28,5.23
1448,503861206,58,71,3,50,269,271,40,227,320,415,31,85,7.87,3.28,5.23
1449,503862196,61,72,3,51,269,270,40,227,320,415,30,85,7.87,3.28,5.23
1450,503863196,62,73,4,51,267,268,40,227,320,416,31,86,7.87,3.28,5.23
1451,503864196,54,73,3,52,270,270,41,227,320,415,30,81,7.87,3.28,5.23
1452,503867372,59,70,3,49,267,269,40,227,320,415,33,87,7.87,3.28,5.23
1453,503870006,58,70,2,52,270,270,41,227,320,415,31,85,7.87,3.28,5.23
1454,503870642,57,71,3,50,267,269,39,225,320,415,31,85,7.71,3.27,5.14
1455,503871196,57,73,2,51,266,271,40,225,320,415,31,84,7.71,3.27,5.14
1456,503872195,60,74,2,50,269,269,42,226,320,415,31,84,7.71,3.27,5.14
1457,503873195,57,75,3,53,268,270,41,225,320,415,31,85,7.71,3.27,5.14
1458,503874195,59,72,2,49,270,269,41,223,319,415,31,83,7.71,3.27,5.14
1459,503875198,59,72,1,50,271,268,41,225,319,412,34,87,7.71,3.27,5.14
1460,503878588,62,71,3,50,270,271,42,225,320,415,31,83,7.71,3.27,5.14
1461,503880629,57,72,3,52,268,271,41,226,320,416,31,84,7.58,3.38,5.09
1462,503881141,58,74,3,51,275,267,40,227,320,415,31,85,7.58,3.38,5.09
1463,503881653,59,72,2,52,271,269,41,227,320,415,31,84,7.58,3.38,5.09
1464,503882195,56,74,3,52,271,271,41,227,320,416,31,84,7.58,3.38,5.09
1465,503883196,57,75,3,50,270,272,41,225,320,415,31,84,7.58,3.38,5.09
1466,503884195,54,76,2,50,266,268,39,226,320,415,31,84,7.58,3.38,5.09
1467,503885196,56,70,1,51,267,270,41,227,319,414,31,81,7.58,3.38,5.09
1468,503886196,60,71,3,51,269,270,42,227,320,415,31,84,7.58,3.38,5.09
1469,503887196,56,74,2,49,272,270,41,227,320,415,31,85,7.58,3.38,5.09
1470,503888196,56,70,2,50,269,269,42,227,318,413,34,83,7.58,3.38,5.09
1471,503889196,54,70,3,50,272,269,41,227,320,415,31,84,7.58,3.38,5.09
1472,503890446,56,75,2,53,267,268,40,225,320,415,31,84,7.58,3.38,5.09
1473,503891195,62,73,2,50,269,269,41,227,320,415,31,84,7.4,3.52,4.93
1474,503892196,56,73,3,50,269,271,40,227,320,416,31,85,7.4,3.52,4.93
1475,503893196,56,72,2,49,272,269,41,227,319,415,31,86,7.4,3.52,4.93
1476,503894196,56,73,3,50,268,269,41,227,320,414,31,83,7.4,3.52,4.93
1477,503895199,62,76,3,52,272,269,41,227,320,415,31,83,7.4,3.52,4.93
1478,503896196,62,73,2,51,269,270,41,227,320,415,31,84,7.4,3.52,4.93
1479,503897195,57,73,1,52,268,270,42,225,319,414,31,87,7.4,3.52,4.93
1480,503898195,60,73,2,50,269,270,41,227,320,415,31,84,7.4,3.52,4.93
1481,503899196,58,70,3,50,268,269,39,226,320,415,31,85,7.4,3.52,4.93
1482,503900445,60,75,3,52,268,272,40,225,319,416,30,83,7.4,3.52,4.93
1483,503901196,55,73,2,50,268,266,39,226,319,415,30,87,7.38,3.45,5.02
1484,503902196,60,76,2,50,271,268,42,224,320,415,30,84,7.38,3.45,5.02
1485,503903195,58,73,2,53,269,270,40,226,320,415,30,84,7.38,3.45,5.02
1486,503904196,58,74,3,49,268,270,41,227,320,415,31,85,7.38,3.45,5.02
1487,503905195,62,74,2,51,270,267,42,225,319,414,31,87,7.38,3.45,5.02
1488,503906196,57,73,2,53,268,267,39,227,320,415,31,84,7.38,3.45,5.02
1489,503907196,59,71,3,53,268,269,40,227,320,415,31,85,7.38,3.45,5.02
1490,503910251,59,74,2,50,271,268,43,227,320,415,31,84,7.38,3.45,5.02
1491,503910763,59,73,3,53,267,271,40,227,320,416,31,85,7.43,3.33,5.12
1492,503911276,60,72,2,55,269,270,40,227,320,415,31,84,7.43,3.33,5.12
1493,503912196,55,72,2,52,267,268,40,226,319,415,31,88,7.43,3.33,5.12
1494,503913196,60,72,1,52,269,265,38,227,319,415,30,84,7.43,3.33,5.12
1495,503914195,59,74,3,52,272,269,41,227,320,415,31,85,7.43,3.33,5.12
1496,503916138,61,73,3,51,271,269,41,227,320,415,32,84,7.43,3.33,5.12
1497,503918771,55,71,3,52,269,271,41,227,320,415,32,86,7.43,3.33,5.12
1498,503920353,54,70,2,54,269,269,41,227,320,415,31,83,7.5,3.29,5.06
1499,503920862,57,75,2,53,267,269,42,227,320,414,31,85,7.5,3.29,5.06
1500,503921370,56,76,2,53,270,270,40,227,320,415,31,85,7.5,3.29,5.06
1501,503922191,57,72,1,51,270,270,41,227,319,414,31,86,7.5,3.29,5.06
1502,503923192,57,72,1,50,274,271,40,225,319,415,31,85,7.5,3.29,5.06
1503,503924191,61,72,3,53,271,267,40,227,320,415,31,85,7.5,3.29,5.06
1504,503927785,57,72,2,53,275,268,42,227,320,415,31,85,7.5,3.29,5.06
1505,503930329,58,73,3,53,268,270,39,227,320,415,30,83,7.5,3.29,5.06
1506,503930841,57,73,3,51,274,268,40,227,320,415,31,84,7.81,3.2,5.09
1507,503931354,58,75,2,55,269,269,40,227,320,415,31,84,7.81,3.2,5.09
1508,503932197,56,69,1,52,267,267,40,226,319,415,31,89,7.81,3.2,5.09
1509,503933195,60,73,1,50,271,267,40,227,319,414,33,81,7.81,3.2,5.09
1510,503934196,62,75,2,51,272,267,40,227,320,415,31,85,7.81,3.2,5.09
1511,503935195,61,73,2,53,269,271,42,227,320,415,31,85,7.81,3.2,5.09
1512,503936196,53,75,2,53,272,269,41,227,320,416,31,82,7.81,3.2,5.09
1513,503937196,59,70,2,53,272,268,40,229,320,415,31,85,7.81,3.2,5.09
1514,503938197,59,73,3,54,267,268,39,227,320,415,30,86,7.81,3.2,5.09
1515,503939196,61,74,2,51,271,269,40,227,320,415,31,84,7.81,3.2,5.09
1516,503940437,55,72,1,55,274,269,42,225,320,415,31,83,7.81,3.2,5.09
1517,503941199,55,72,2,53,272,268,41,225,320,415,31,85,7.9,3.32,5.1
1518,503942195,61,71,2,55,272,269,41,225,320,415,31,85,7.9,3.32,5.1
1519,503943196,61,75,2,57,267,269,43,226,320,415,32,85,7.9,3.32,5.1
1520,503944196,57,73,2,53,270,269,41,225,320,416,31,87,7.9,3.32,5.1
1521,503945196,60,73,1,54,272,268,40,225,321,416,31,85,7.9,3.32,5.1
1522,503946196,58,74,3,54,266,268,40,225,319,415,32,85,7.9,3.32,5.1
1523,503947195,61,71,2,53,269,270,40,225,320,415,31,84,7.9,3.32,5.1
1524,503948195,61,74,1,51,271,269,41,224,318,415,31,87,7.9,3.32,5.1
1525,503949196,57,74,2,55,269,268,40,225,320,415,31,86,7.9,3.32,5.1
1526,503950434,62,75,2,51,266,268,40,225,320,416,31,84,7.9,3.32,5.1
1527,503951195,57,75,3,53,272,271,40,225,319,415,31,86,7.96,3.47,5.13
1528,503952196,57,73,2,53,267,269,42,225,320,416,31,85,7.96,3.47,5.13
1529,503953196,59,72,2,52,267,269,40,214,318,414,32,86,7.96,3.47,5.13
1530,503954195,55,73,3,55,270,267,39,224,320,414,37,84,7.96,3.47,5.13
1531,503955197,60,72,1,50,270,269,42,225,319,416,32,82,7.96,3.47,5.13
1532,503956196,57,71,2,53,273,268,41,225,320,416,32,83,7.96,3.47,5.13
1533,503957196,57,74,1,51,269,269,41,226,320,414,31,86,7.96,3.47,5.13
1534,503958196,55,77,3,51,271,270,41,226,320,415,31,86,7.96,3.47,5.13
1535,503960313,58,73,3,52,268,270,41,225,320,415,31,85,8.01,3.5,5.25
1536,503960818,56,72,2,49,270,268,41,225,320,415,31,85,8.01,3.5,5.25
1537,503961322,60,76,2,50,275,271,40,225,320,415,31,84,8.01,3.5,5.25
1538,503962187,62,75,1,51,269,270,42,224,320,415,31,87,8.01,3.5,5.25
1539,503963187,61,73,1,52,271,267,39,224,319,415,30,86,8.01,3.5,5.25
1540,503964187,59,71,2,53,266,270,42,224,320,415,31,85,8.01,3.5,5.25
1541,503967364,57,75,2,52,269,270,40,224,320,415,31,84,8.01,3.5,5.25
1542,503970248,59,72,3,55,275,267,39,225,320,415,31,84,8.01,3.5,5.25
1543,503970761,58,73,2,53,266,269,41,225,320,415,31,84,7.93,3.63,5.35
1544,503971274,56,75,3,53,269,268,42,225,320,415,31,86,7.93,3.63,5.35
1545,503972196,62,72,1,51,270,271,41,225,320,415,31,85,7.93,3.63,5.35
1546,503973196,56,76,1,54,271,267,40,224,320,415,31,87,7.93,3.63,5.35
1547,503974196,61,76,2,54,269,265,40,225,320,415,31,86,7.93,3.63,5.35
1548,503977368,57,74,3,53,272,270,40,225,320,415,30,85,7.93,3.63,5.35
1549,503980466,59,67,2,53,267,268,42,225,320,415,31,85,7.93,3.63,5.35
1550,503980986,56,71,3,52,272,267,42,225,320,415,30,85,7.89,3.7,5.39
1551,503981499,56,74,2,52,266,271,40,225,320,415,31,85,7.89,3.7,5.39
1552,503982196,59,77,3,54,272,270,40,225,320,415,31,84,7.89,3.7,5.39
1553,503983201,56,77,2,52,269,268,40,225,320,415,31,83,7.89,3.7,5.39
1554,503984196,61,73,3,55,276,269,40,225,320,415,31,85,7.89,3.7,5.39
1555,503985195,62,73,2,51,267,269,39,226,320,415,30,84,7.89,3.7,5.39
1556,503986196,61,73,2,55,270,269,40,226,320,415,30,83,7.89,3.7,5.39
1557,503987195,55,74,2,53,270,271,40,225,319,414,30,87,7.89,3.7,5.39
1558,503988207,56,77,1,52,270,270,40,225,320,415,31,84,7.89,3.7,5.39
1559,503989196,58,75,3,53,272,268,39,226,320,415,30,84,7.89,3.7,5.39
1560,503990445,60,76,2,50,269,267,40,225,320,415,30,85,7.76,3.83,5.41
1561,503991196,56,74,3,53,268,270,41,226,320,415,31,84,7.76,3.83,5.41
1562,503992196,60,74,3,49,270,272,39,226,319,414,30,84,7.76,3.83,5.41
1563,503993196,60,73,2,51,269,271,39,227,320,416,31,84,7.76,3.83,5.41
1564,503994196,61,73,2,52,266,270,39,227,320,415,31,83,7.76,3.83,5.41
1565,503995195,57,75,2,51,271,269,39,226,320,415,30,84,7.76,3.83,5.41
1566,503996195,56,73,1,52,270,272,40,225,319,414,30,87,7.76,3.83,5.41
1567,503997196,62,76,2,53,267,270,41,227,320,415,31,85,7.76,3.83,5.41
1568,503998195,57,74,2,49,266,270,43,226,320,415,31,85,7.76,3.83,5.41
1569,503999196,56,74,2,53,266,270,41,226,320,416,31,85,7.76,3.83,5.41
1570,504000429,60,73,2,54,267,270,42,226,319,415,31,83,7.76,3.83,5.41
1571,504001196,59,72,2,54,272,268,43,223,320,415,31,85,7.76,3.84,5.42
1572,504002195,56,77,2,53,271,269,44,224,320,415,31,84,7.76,3.84,5.42
1573,504003195,62,74,2,51,267,269,43,223,320,415,31,85,7.76,3.84,5.42
1574,504004196,57,76,1,51,270,266,41,212,319,414,30,84,7.76,3.84,5.42
1575,504005196,61,72,2,53,267,268,43,225,320,415,30,84,7.76,3.84,5.42
1576,504006195,56,74,2,50,267,269,43,225,320,415,30,84,7.76,3.84,5.42
1577,504007195,58,72,3,53,269,271,41,225,320,415,31,86,7.76,3.84,5.42
1578,504010250,56,74,2,51,268,268,41,225,319,414,31,86,7.76,3.84,5.42
1579,504010762,61,74,2,50,266,267,42,225,320,415,30,86,7.98,3.64,5.44
1580,504011278,60,75,3,51,268,269,44,225,320,415,31,86,7.98,3.64,5.44
1581,504012196,63,73,2,50,266,269,43,226,320,416,31,85,7.98,3.64,5.44
1582,504013200,60,75,2,51,267,268,43,225,320,415,31,86,7.98,3.64,5.44
1583,504014196,59,73,1,51,272,267,44,224,320,414,31,88,7.98,3.64,5.44
1584,504017453,55,74,2,52,267,269,43,226,318,415,31,87,7.98,3.64,5.44
1585,504020138,62,68,2,51,271,269,42,226,320,415,33,86,7.98,3.64,5.44
1586,504020650,61,76,2,51,267,269,44,227,320,415,31,86,8.12,3.62,5.36
1587,504021196,56,75,3,54,267,272,43,227,320,416,30,85,8.12,3.62,5.36
1588,504022195,56,75,2,53,266,269,45,226,320,415,30,84,8.12,3.62,5.36
1589,504023196,57,77,2,50,267,270,43,225,320,415,31,85,8.12,3.62,5.36
1590,504024195,61,74,1,50,272,270,43,226,319,415,33,84,8.12,3.62,5.36
1591,504025196,57,74,2,51,269,268,42,224,320,414,30,87,8.12,3.62,5.36
1592,504028789,56,73,2,52,270,268,40,225,320,416,31,83,8.12,3.62,5.36
1593,504030567,58,75,2,52,267,269,42,225,320,416,31,85,8.18,3.43,5.29
1594,504031080,61,73,2,51,270,271,41,224,320,416,31,85,8.18,3.43,5.29
1595,504031592,58,74,2,53,269,269,41,224,320,416,30,83,8.18,3.43,5.29
1596,504032196,60,75,2,53,270,268,41,223,320,415,30,86,8.18,3.43,5.29
1597,504033196,62,77,3,53,266,271,40,223,320,415,30,84,8.18,3.43,5.29
1598,504034203,58,73,2,54,272,269,41,219,320,415,30,82,8.18,3.43,5.29
1599,504035197,61,73,2,51,272,267,43,225,320,415,31,86,8.18,3.43,5.29
1600,504036195,61,73,2,54,269,270,42,225,320,415,31,84,8.18,3.43,5.29
1601,504037196,56,74,2,53,267,268,42,225,320,415,31,85,8.18,3.43,5.29
1602,504038205,59,74,2,54,273,268,42,225,320,416,31,83,8.18,3.43,5.29
1603,504039203,58,76,2,51,267,269,40,227,321,416,38,86,8.18,3.43,5.29
1604,504040432,62,72,2,52,269,270,40,226,320,415,32,84,8.09,3.41,5.24
1605,504041202,60,73,2,54,268,272,41,225,320,415,32,84,8.09,3.41,5.24
1606,504042196,56,73,2,52,268,270,41,226,319,415,31,85,8.09,3.41,5.24
1607,504043197,56,74,2,54,266,268,40,225,319,414,31,88,8.09,3.41,5.24
1608,504044196,61,72,2,51,269,269,41,225,320,416,32,85,8.09,3.41,5.24
1609,504045200,59,73,2,54,271,270,41,227,320,415,38,83,8.09,3.41,5.24
1610,504046196,56,75,2,51,268,271,41,227,320,415,34,84,8.09,3.41,5.24
1611,504047195,57,72,1,51,270,269,41,226,319,415,38,87,8.09,3.41,5.24
1612,504048195,56,74,3,52,275,265,41,227,320,415,31,85,8.09,3.41,5.24
1613,504049196,60,73,2,52,272,272,40,227,320,415,32,86,8.09,3.41,5.24
1614,504050430,57,72,2,51,270,268,40,226,320,415,32,85,8.07,3.55,5.22
1615,504051195,60,71,2,54,271,268,40,226,320,415,31,86,8.07,3.55,5.22
1616,504052196,57,73,2,54,270,269,41,225,319,414,32,89,8.07,3.55,5.22
1617,504053196,59,76,2,53,268,266,41,225,319,416,38,88,8.07,3.55,5.22
1618,504054196,57,76,1,55,268,269,40,226,320,415,31,83,8.07,3.55,5.22
1619,504055196,58,77,1,53,270,268,42,226,319,414,32,86,8.07,3.55,5.22
1620,504056195,60,73,2,53,274,269,41,226,320,415,31,85,8.07,3.55,5.22
1621,504057196,63,75,2,51,268,268,41,226,320,415,31,86,8.07,3.55,5.22
1622,504058195,59,71,2,51,273,269,42,226,320,414,31,84,8.07,3.55,5.22
1623,504060317,56,74,1,54,272,269,42,227,319,414,31,86,7.93,3.59,5.25
1624,504060826,61,74,2,52,271,268,45,226,320,416,31,86,7.93,3.59,5.25
1625,504061334,59,74,2,52,266,269,41,227,320,416,31,84,7.93,3.59,5.25
1626,504062191,61,74,2,51,270,269,42,225,320,415,31,85,7.93,3.59,5.25
1627,504063199,62,72,2,51,267,270,41,227,320,415,38,84,7.93,3.59,5.25
1628,504064199,55,73,2,55,267,269,41,227,320,414,37,86,7.93,3.59,5.25
1629,504065194,56,73,1,51,272,270,42,226,318,416,31,87,7.93,3.59,5.25
1630,504068392,59,73,3,54,270,268,42,227,320,415,38,84,7.93,3.59,5.25
1631,504070341,61,73,3,52,270,269,42,227,320,416,31,85,7.93,3.59,5.25
1632,504070853,62,75,3,52,271,269,43,225,320,415,32,84,7.82,3.73,5.21
1633,504071367,59,74,2,50,269,269,45,227,320,415,32,84,7.82,3.73,5.21
1634,504072196,59,74,2,54,271,269,42,225,320,416,32,86,7.82,3.73,5.21
1635,504073195,61,72,2,54,272,269,42,227,320,415,31,83,7.82,3.73,5.21
1636,504074196,56,73,2,51,269,271,42,227,319,414,38,86,7.82,3.73,5.21
1637,504075195,61,72,3,52,267,268,44,227,320,415,32,86,7.82,3.73,5.21
1638,504078567,62,72,2,50,266,272,41,227,320,415,38,84,7.82,3.73,5.21
1639,504080535,57,74,2,55,271,271,43,227,320,415,31,84,7.83,3.63,5.26
1640,504081055,56,75,2,52,272,268,43,227,320,415,31,86,7.83,3.63,5.26
1641,504081567,59,72,2,51,266,270,42,227,320,415,31,86,7.83,3.63,5.26
1642,504082195,62,72,3,50,272,267,44,227,320,415,32,86,7.83,3.63,5.26
1643,504083196,56,76,1,52,270,269,43,227,320,415,32,86,7.83,3.63,5.26
1644,504084196,54,74,2,49,272,268,44,227,319,415,30,86,7.83,3.63,5.26
1645,504085195,59,73,3,51,266,269,43,227,320,415,32,85,7.83,3.63,5.26
1646,504086196,59,75,2,49,268,267,42,227,320,415,31,84,7.83,3.63,5.26
1647,504087196,58,73,3,52,269,267,39,226,319,415,31,84,7.83,3.63,5.26
1648,504088195,56,78,2,50,269,271,41,227,320,415,32,85,7.83,3.63,5.26
1649,504089195,60,74,3,51,266,270,44,227,320,415,31,84,7.83,3.63,5.26
1650,504090409,61,78,3,52,270,270,42,227,320,415,32,85,7.83,3.63,5.26
1651,504091196,55,69,3,52,267,268,41,225,319,415,31,86,7.71,3.65,5.26
1652,504092196,62,73,2,49,271,265,42,227,320,416,31,86,7.71,3.65,5.26
1653,504093195,60,75,3,49,270,268,41,227,320,415,31,84,7.71,3.65,5.26
1654,504094195,62,72,2,50,272,270,41,227,320,415,31,85,7.71,3.65,5.26
1655,504095195,60,75,2,51,270,265,39,226,319,415,37,86,7.71,3.65,5.26
1656,504096195,62,74,2,50,267,268,41,225,320,415,31,84,7.71,3.65,5.26
1657,504097196,61,72,3,50,270,270,41,225,320,415,31,84,7.71,3.65,5.26
1658,504098195,56,76,2,51,269,270,39,225,320,415,31,84,7.71,3.65,5.26
1659,504099195,55,70,2,50,271,269,41,224,320,414,31,82,7.71,3.65,5.26
1660,504100407,62,74,2,50,275,269,41,224,320,415,32,84,7.71,3.65,5.26
1661,504101196,60,74,3,50,275,269,42,225,320,415,32,84,7.7,3.68,5.28
1662,504102196,62,74,3,48,268,269,41,225,320,415,31,85,7.7,3.68,5.28
1663,504103196,56,72,1,50,274,269,41,225,320,414,34,83,7.7,3.68,5.28
1664,504104196,55,71,3,48,271,267,42,224,320,414,38,90,7.7,3.68,5.28
1665,504105195,61,72,3,48,267,269,41,226,320,415,38,85,7.7,3.68,5.28
1666,504106195,61,75,3,49,272,268,41,226,320,415,32,86,7.7,3.68,5.28
1667,504107195,55,73,2,49,270,269,42,226,319,414,38,86,7.7,3.68,5.28
1668,504110251,59,72,3,50,269,271,42,227,320,415,32,86,7.7,3.68,5.28
1669,504110764,58,71,3,50,271,270,42,227,320,416,38,84,7.87,3.42,5.34
1670,504111276,62,76,3,48,267,271,40,227,319,415,34,84,7.87,3.42,5.34
1671,504112195,62,70,3,49,271,267,41,227,320,415,32,86,7.87,3.42,5.34
1672,504113195,57,74,3,49,276,270,41,227,320,415,32,86,7.87,3.42,5.34
1673,504114196,55,72,1,47,272,268,41,227,319,415,38,88,7.87,3.42,5.34
1674,504117790,56,72,2,48,270,268,39,225,320,414,31,85,7.87,3.42,5.34
1675,504120318,55,71,3,50,275,270,41,227,320,415,34,85,7.87,3.42,5.34
1676,504120830,58,76,2,49,269,269,40,227,320,415,31,85,7.91,3.39,5.21
1677,504121343,62,74,2,50,272,271,41,227,320,415,32,84,7.91,3.39,5.21
1678,504122196,62,76,3,49,267,270,40,227,319,415,31,85,7.91,3.39,5.21
1679,504123195,62,73,3,49,266,270,41,227,320,415,31,85,7.91,3.39,5.21
1680,504124196,57,70,2,48,269,267,39,226,319,414,30,85,7.91,3.39,5.21
1681,504125196,57,74,1,50,270,268,38,227,320,414,31,83,7.91,3.39,5.21
1682,504128368,61,75,2,50,272,267,40,227,320,415,31,84,7.91,3.39,5.21
1683,504130537,62,71,2,50,269,265,42,227,320,415,31,86,7.91,3.39,5.21
1684,504131052,62,75,3,51,271,270,44,228,320,415,31,84,7.97,3.38,5.09
1685,504131565,58,74,2,49,272,271,43,227,320,415,31,84,7.97,3.38,5.09
1686,504132195,57,75,2,50,272,270,43,227,320,415,31,85,7.97,3.38,5.09
1687,504133196,57,73,2,50,271,268,44,227,320,415,32,83,7.97,3.38,5.09
1688,504134195,60,70,1,48,272,270,41,225,317,415,31,87,7.97,3.38,5.09
1689,504135196,59,71,2,50,275,269,45,225,320,414,31,85,7.97,3.38,5.09
1690,504136195,60,72,2,50,275,268,43,225,320,415,31,85,7.97,3.38,5.09
1691,504137196,57,74,3,49,272,269,42,225,320,415,31,85,7.97,3.38,5.09
1692,504138202,62,73,2,48,272,267,43,224,319,414,31,81,7.97,3.38,5.09
1693,504139195,56,73,2,48,275,269,42,224,320,415,31,84,7.97,3.38,5.09
1694,504140404,61,73,3,50,266,269,42,225,320,415,31,84,7.97,3.38,5.09
1695,504141196,62,74,2,49,266,271,40,225,320,415,32,84,7.89,3.37,5.09
1696,504142195,57,74,2,50,272,270,42,225,319,414,30,82,7.89,3.37,5.09
1697,504143196,57,70,1,49,270,267,41,224,318,416,38,86,7.89,3.37,5.09
1698,504144196,61,73,3,48,275,265,41,225,319,415,31,84,7.89,3.37,5.09
1699,504145195,60,76,3,49,266,269,41,225,320,415,31,85,7.89,3.37,5.09
1700,504146196,58,73,3,47,267,268,40,224,319,414,31,84,7.89,3.37,5.09
1701,504147195,59,73,2,48,271,267,40,225,319,415,31,81,7.89,3.37,5.09
1702,504148195,59,75,2,47,269,268,42,225,320,415,31,81,7.89,3.37,5.09
1703,504149195,60,72,1,48,271,270,41,224,319,416,32,87,7.89,3.37,5.09
1704,504150403,60,75,1,52,270,269,43,224,320,415,31,86,7.89,3.37,5.09
1705,504151196,57,72,2,50,276,271,43,225,320,415,31,86,7.79,3.39,5.05
1706,504152195,62,77,3,49,266,272,43,225,320,415,31,84,7.79,3.39,5.05
1707,504153195,58,73,2,49,271,268,41,225,320,415,31,82,7.79,3.39,5.05
1708,504154196,62,72,2,48,267,270,43,226,320,414,31,86,7.79,3.39,5.05
1709,504155201,59,75,2,49,267,270,41,225,320,415,31,85,7.79,3.39,5.05
1710,504156196,59,75,3,49,272,270,44,225,320,416,31,85,7.79,3.39,5.05
1711,504157196,60,71,3,50,273,268,42,224,320,416,31,81,7.79,3.39,5.05
1712,504158383,56,75,2,49,275,270,41,225,320,415,31,86,7.79,3.39,5.05
1713,504160320,61,74,2,50,269,271,44,225,320,415,31,85,7.73,3.49,5.14
1714,504160834,62,78,3,50,266,272,42,225,320,415,32,84,7.73,3.49,5.14
1715,504161346,55,76,3,51,271,271,43,225,320,416,31,86,7.73,3.49,5.14
1716,504162195,56,75,2,49,275,268,43,225,320,416,31,85,7.73,3.49,5.14
1717,504163196,61,74,2,50,272,271,43,225,320,416,31,85,7.73,3.49,5.14
1718,504164196,55,73,2,49,271,272,41,225,320,415,31,87,7.73,3.49,5.14
1719,504165195,62,75,3,50,272,271,43,225,320,414,31,86,7.73,3.49,5.14
1720,504168788,59,74,3,50,271,272,41,225,320,415,31,85,7.73,3.49,5.14
1721,504170371,57,69,3,48,268,271,41,225,320,415,31,85,7.64,3.58,5.16
1722,504170884,54,74,3,50,270,271,40,226,319,414,31,85,7.64,3.58,5.16
1723,504171404,63,75,3,49,270,270,41,225,320,416,31,86,7.64,3.58,5.16
1724,504172195,57,76,2,50,267,271,40,227,320,415,31,86,7.64,3.58,5.16
1725,504173195,60,75,1,50,273,267,41,227,319,415,31,82,7.64,3.58,5.16
1726,504174196,57,73,2,51,269,270,42,227,318,414,38,87,7.64,3.58,5.16
1727,504175195,56,73,3,50,269,272,39,227,320,415,38,84,7.64,3.58,5.16
1728,504178787,61,75,2,50,271,269,44,227,320,415,31,83,7.64,3.58,5.16
1729,504180606,57,75,3,52,271,270,43,227,320,415,31,84,7.68,3.46,5.17
1730,504181118,62,74,2,50,269,270,43,227,320,415,31,86,7.68,3.46,5.17
1731,504181631,58,76,3,51,271,268,41,227,320,416,32,84,7.68,3.46,5.17
1732,504182196,61,73,2,49,275,269,42,227,319,415,31,85,7.68,3.46,5.17
1733,504183196,56,77,1,50,270,272,42,225,320,415,30,83,7.68,3.46,5.17
1734,504184196,61,73,3,50,270,269,42,227,319,415,31,86,7.68,3.46,5.17
1735,504185196,59,77,3,49,272,271,40,227,320,416,31,83,7.68,3.46,5.17
1736,504186195,60,76,2,50,272,270,40,227,320,415,30,84,7.68,3.46,5.17
1737,504187196,60,76,1,50,269,272,42,228,320,415,31,86,7.68,3.46,5.17
1738,504188196,63,73,3,49,266,270,40,227,320,415,31,84,7.68,3.46,5.17
1739,504189198,63,73,3,49,267,272,41,227,320,415,38,86,7.68,3.46,5.17
1740,504190397,63,73,2,50,266,269,40,228,320,416,34,86,7.68,3.46,5.17
1741,504191195,55,75,1,49,271,271,40,227,321,414,38,87,7.64,3.31,5.13
1742,504192196,61,74,2,50,270,268,40,227,321,415,38,85,7.64,3.31,5.13
1743,504193195,62,75,2,51,271,267,44,227,320,415,34,85,7.64,3.31,5.13
1744,504194196,59,77,3,48,267,270,43,227,320,415,38,85,7.64,3.31,5.13
1745,504195195,59,75,1,51,270,271,40,227,319,415,38,87,7.64,3.31,5.13
1746,504196196,60,75,2,49,267,272,40,227,320,415,39,83,7.64,3.31,5.13
1747,504197195,60,76,3,51,275,270,40,227,320,416,32,85,7.64,3.31,5.13
1748,504198195,57,74,2,52,266,269,41,227,320,415,38,85,7.64,3.31,5.13
1749,504199195,59,72,1,50,271,269,39,227,319,415,38,87,7.64,3.31,5.13
1750,504200395,60,72,2,48,269,269,42,225,322,416,38,85,7.64,3.31,5.13
1751,504201196,56,75,3,51,267,270,42,227,320,415,32,84,7.38,3.36,5.16
1752,504202195,58,73,3,51,267,271,42,227,320,415,38,85,7.38,3.36,5.16
1753,504203196,63,72,1,49,271,268,39,227,319,415,31,81,7.38,3.36,5.16
1754,504204196,60,70,1,50,273,270,43,227,318,415,38,87,7.38,3.36,5.16
1755,504205202,57,74,2,49,269,270,40,227,320,415,32,85,7.38,3.36,5.16
1756,504206196,61,73,3,51,269,270,40,227,320,415,31,84,7.38,3.36,5.16
1757,504207196,59,74,1,50,270,267,41,227,320,415,30,86,7.38,3.36,5.16
1758,504208196,61,73,3,49,272,270,41,227,320,415,30,83,7.38,3.36,5.16
1759,504210318,56,73,2,51,270,272,41,227,320,415,31,84,7.41,3.34,5.16
1760,504210830,61,75,3,51,266,271,40,227,320,415,31,85,7.41,3.34,5.16
1761,504211343,59,74,3,52,270,270,41,227,320,415,31,84,7.41,3.34,5.16
1762,504212196,56,75,3,51,267,272,41,227,320,415,30,84,7.41,3.34,5.16
1763,504213196,57,74,2,51,271,268,41,226,319,415,30,82,7.41,3.34,5.16
1764,504214196,56,74,2,49,271,268,43,227,319,414,30,85,7.41,3.34,5.16
1765,504217594,59,74,2,51,269,268,40,227,320,415,30,85,7.41,3.34,5.16
1766,504220106,62,72,2,51,269,269,43,227,320,415,32,84,7.41,3.34,5.16
1767,504220618,60,70,3,51,275,269,43,227,320,415,32,85,7.48,3.28,5.08
1768,504221195,60,72,3,52,267,272,44,227,320,415,38,84,7.48,3.28,5.08
1769,504222196,57,71,3,50,269,270,43,227,320,415,38,84,7.48,3.28,5.08
1770,504223196,55,73,2,52,272,271,43,227,319,414,33,87,7.48,3.28,5.08
1771,504224259,55,73,2,50,272,268,44,226,318,416,32,85,7.48,3.28,5.08
1772,504225196,57,74,3,53,269,269,43,227,320,415,32,84,7.48,3.28,5.08
1773,504227887,57,74,3,53,271,268,44,227,320,415,38,85,7.48,3.28,5.08
1774,504230412,56,69,3,50,270,269,44,227,320,415,38,84,7.48,3.28,5.08
1775,504230927,55,73,3,50,269,268,44,227,320,415,32,84,7.49,3.34,5.04
1776,504231440,61,73,2,49,271,269,44,227,320,416,38,84,7.49,3.34,5.04
1777,504232196,61,73,3,52,266,270,44,227,320,415,32,84,7.49,3.34,5.04
1778,504233196,60,75,1,47,272,269,41,227,319,414,31,87,7.49,3.34,5.04
1779,504234196,63,73,2,52,275,268,42,227,320,415,37,85,7.49,3.34,5.04
1780,504235196,58,76,3,50,273,270,42,227,320,415,32,84,7.49,3.34,5.04
1781,504236196,56,76,3,51,269,272,42,227,320,415,32,84,7.49,3.34,5.04
1782,504237196,59,74,2,50,265,268,43,226,320,415,31,80,7.49,3.34,5.04
1783,504238196,56,74,2,52,267,270,41,227,320,415,38,83,7.49,3.34,5.04
1784,504239208,60,75,3,50,268,268,43,227,320,414,32,85,7.49,3.34,5.04
1785,504240387,56,73,2,52,270,270,42,227,320,415,32,84,7.49,3.34,5.04
1786,504241196,59,71,1,50,271,270,41,227,320,414,32,86,7.45,3.32,4.88
1787,504242196,63,75,2,51,269,271,41,227,321,415,38,84,7.45,3.32,4.88
1788,504243196,62,71,2,53,268,269,41,225,319,414,31,83,7.45,3.32,4.88
1789,504244196,60,70,2,49,271,269,44,226,319,415,32,87,7.45,3.32,4.88
1790,504245196,57,76,1,49,268,271,41,226,320,415,30,87,7.45,3.32,4.88
1791,504246204,60,73,3,50,266,271,43,226,320,415,30,84,7.45,3.32,4.88
1792,504247196,57,76,2,50,268,272,41,225,320,415,30,84,7.45,3.32,4.88
1793,504248196,60,72,2,50,266,270,42,225,320,415,30,84,7.45,3.32,4.88
1794,504249196,56,72,2,53,270,268,42,225,319,415,30,84,7.45,3.32,4.88
1795,504250385,57,72,2,49,268,270,42,224,320,414,32,84,7.45,3.32,4.88
1796,504251196,57,75,3,50,270,270,43,224,320,415,30,85,7.49,3.27,4.88
1797,504252195,56,73,3,49,269,268,41,224,320,415,30,85,7.49,3.27,4.88
1798,504253196,62,71,1,54,269,269,39,224,319,415,30,84,7.49,3.27,4.88
1799,504254196,57,71,1,52,272,268,37,225,319,415,32,81,7.49,3.27,4.88
1800,504255196,60,74,3,49,268,270,41,225,320,415,31,85,7.49,3.27,4.88
1801,504256195,56,72,3,52,270,269,42,226,320,415,31,85,7.49,3.27,4.88
1802,504257195,59,74,1,50,268,265,39,225,319,415,33,86,7.49,3.27,4.88
1803,504258197,60,74,1,50,269,271,42,225,320,415,30,85,7.49,3.27,4.88
1804,504259195,59,75,2,51,266,268,41,225,320,415,30,85,7.49,3.27,4.88
1805,504260383,63,71,3,50,276,268,40,226,320,416,30,84,7.49,3.27,4.88
1806,504261196,56,72,3,50,272,270,40,226,320,414,30,86,7.51,3.27,5.11
1807,504262196,59,71,2,48,270,268,42,226,320,414,29,81,7.51,3.27,5.11
1808,504263195,59,73,2,52,267,267,41,226,320,415,30,85,7.51,3.27,5.11
1809,504264195,60,73,2,51,272,269,40,227,320,415,33,84,7.51,3.27,5.11
1810,504265195,55,75,2,49,270,268,39,225,319,416,31,87,7.51,3.27,5.11
1811,504266196,61,76,3,52,267,269,41,227,320,415,30,85,7.51,3.27,5.11
1812,504269442,61,73,3,51,269,271,41,227,320,415,33,85,7.51,3.27,5.11
1813,504270469,61,68,2,53,266,271,41,227,320,415,30,85,7.56,3.65,5.16
1814,504270981,59,77,3,53,267,268,40,225,320,415,30,85,7.56,3.65,5.16
1815,504271494,60,71,2,53,270,271,40,226,320,415,30,86,7.56,3.65,5.16
1816,504272196,57,73,3,50,270,271,41,226,319,414,30,84,7.56,3.65,5.16
1817,504273196,59,74,3,51,272,271,41,225,320,415,30,84,7.56,3.65,5.16
1818,504274196,58,72,2,52,271,268,41,225,320,415,30,82,7.56,3.65,5.16
1819,504275196,59,74,2,53,268,268,41,225,320,415,30,86,7.56,3.65,5.16
1820,504278096,60,74,3,51,267,271,40,225,320,415,33,85,7.56,3.65,5.16
1821,504280423,60,76,3,54,270,271,41,225,320,415,30,86,7.56,3.65,5.16
1822,504280936,56,74,2,52,267,272,41,225,320,416,30,84,7.59,3.64,5.2
1823,504281449,63,75,3,55,272,270,41,225,320,416,30,85,7.59,3.64,5.2
1824,504282196,59,74,2,53,269,270,41,225,320,415,30,84,7.59,3.64,5.2
1825,504283195,60,73,2,54,269,271,41,225,320,415,33,85,7.59,3.64,5.2
1826,504284200,56,73,1,52,265,268,41,224,319,415,30,85,7.59,3.64,5.2
1827,504285196,59,72,2,54,268,271,40,227,320,415,31,85,7.59,3.64,5.2
1828,504286196,60,73,2,52,268,269,40,227,320,416,30,85,7.59,3.64,5.2
1829,504287195,61,74,3,53,266,270,40,227,320,415,31,85,7.59,3.64,5.2
1830,504288195,57,72,1,52,274,272,38,227,320,416,29,83,7.59,3.64,5.2
1831,504289202,61,72,3,54,271,270,41,227,320,416,30,85,7.59,3.64,5.2
1832,504290384,56,74,2,55,266,270,41,227,320,415,30,84,7.74,3.56,5.22
1833,504291198,63,72,3,53,271,271,40,227,320,415,33,83,7.74,3.56,5.22
1834,504292195,57,71,3,51,267,267,40,227,320,415,30,82,7.74,3.56,5.22
1835,504293192,59,72,3,52,271,269,42,227,320,415,30,84,7.74,3.56,5.22
1836,504294191,56,75,3,52,272,270,42,227,320,414,30,84,7.74,3.56,5.22
1837,504295191,56,74,2,54,271,271,41,227,320,415,30,86,7.74,3.56,5.22
1838,504296193,55,72,2,53,271,272,40,226,319,413,29,90,7.74,3.56,5.22
1839,504297191,60,75,3,54,266,271,40,227,320,415,33,84,7.74,3.56,5.22
1840,504298191,62,76,2,55,269,271,41,227,320,415,30,84,7.74,3.56,5.22
1841,504299191,61,73,3,52,270,271,41,227,320,415,30,84,7.74,3.56,5.22
1842,504300384,59,74,3,51,272,268,40,227,319,415,33,87,7.83,3.49,5.16
1843,504301194,59,74,2,54,269,272,40,227,320,415,30,86,7.83,3.49,5.16
1844,504302191,58,73,2,54,272,271,40,227,320,415,33,86,7.83,3.49,5.16
1845,504303191,57,75,3,53,267,271,40,227,320,415,30,86,7.83,3.49,5.16
1846,504304191,57,78,1,52,269,265,40,225,319,415,30,87,7.83,3.49,5.16
1847,504305191,60,75,3,53,269,270,41,225,320,414,30,84,7.83,3.49,5.16
1848,504306191,62,75,3,50,272,270,41,226,320,415,30,84,7.83,3.49,5.16
1849,504307192,57,77,2,52,273,271,41,225,320,415,31,86,7.83,3.49,5.16
1850,504308191,57,72,2,54,270,270,38,224,317,413,33,87,7.83,3.49,5.16
1851,504309191,59,75,2,53,267,270,40,226,320,415,31,86,7.83,3.49,5.16
1852,504310475,60,72,3,52,270,271,41,225,320,415,30,85,7.96,3.36,5.36
1853,504311191,59,74,3,51,266,270,41,226,320,415,30,86,7.96,3.36,5.36
1854,504312191,63,74,1,51,271,272,39,226,320,415,30,85,7.96,3.36,5.36
1855,504313191,56,74,3,53,267,270,41,225,320,415,30,85,7.96,3.36,5.36
1856,504314198,63,77,2,52,276,267,41,225,320,415,30,85,7.96,3.36,5.36
1857,504317580,60,74,2,53,266,271,40,226,320,415,31,85,7.96,3.36,5.36
1858,504320127,58,67,2,52,274,268,40,225,320,415,30,86,7.96,3.36,5.36
1859,504320636,55,75,2,52,267,269,40,225,320,415,30,85,7.82,3.39,5.23
1860,504321192,56,77,2,54,267,269,40,227,320,415,30,84,7.82,3.39,5.23
1861,504322191,60,76,1,53,267,269,41,227,319,415,31,86,7.82,3.39,5.23
1862,504323191,61,76,2,51,269,269,41,225,320,415,33,84,7.82,3.39,5.23
1863,504324191,63,75,2,53,272,272,42,225,320,415,30,84,7.82,3.39,5.23
1864,504327364,60,74,3,53,269,271,42,225,320,415,30,85,7.82,3.39,5.23
1865,504330260,56,69,2,51,271,269,40,227,321,415,31,86,7.82,3.39,5.23
1866,504330768,59,74,3,53,274,270,41,227,320,415,31,85,7.84,3.45,5.17
1867,504331277,57,74,3,55,269,270,41,227,320,416,31,84,7.84,3.45,5.17
1868,504332191,57,74,2,55,274,268,38,226,320,414,30,83,7.84,3.45,5.17
1869,504333197,56,72,1,52,273,269,40,226,320,415,32,86,7.84,3.45,5.17
1870,504334192,61,75,1,51,269,268,40,225,319,415,31,83,7.84,3.45,5.17
1871,504335191,59,74,2,53,269,269,41,225,319,415,31,86,7.84,3.45,5.17
1872,504336191,56,73,1,51,268,269,41,225,319,413,30,87,7.84,3.45,5.17
1873,504337192,56,74,1,52,269,266,42,225,319,415,31,87,7.84,3.45,5.17
1874,504338191,57,72,3,50,269,272,40,226,320,414,30,86,7.84,3.45,5.17
1875,504339191,60,75,1,54,268,270,40,225,319,415,31,85,7.84,3.45,5.17
1876,504340376,60,76,2,53,267,270,41,225,319,415,31,86,7.86,3.41,5.1
1877,504341191,56,74,2,53,270,270,40,225,319,415,31,88,7.86,3.41,5.1
1878,504342197,62,73,2,50,271,268,39,226,319,414,37,88,7.86,3.41,5.1
1879,504343192,58,73,2,50,269,267,40,225,320,412,33,90,7.86,3.41,5.1
1880,504344191,60,74,2,50,271,271,41,224,320,414,31,87,7.86,3.41,5.1
1881,504345199,59,77,1,52,270,268,43,226,320,416,37,90,7.86,3.41,5.1
1882,504346193,56,74,2,50,269,265,41,224,319,415,32,89,7.86,3.41,5.1
1883,504347191,55,72,3,50,275,270,41,225,319,416,31,87,7.86,3.41,5.1
1884,504348191,55,73,3,51,272,270,42,226,320,413,37,88,7.86,3.41,5.1
1885,504349195,57,76,2,51,268,272,40,226,318,413,31,88,7.86,3.41,5.1
1886,504350377,62,69,3,50,268,270,41,225,320,414,30,88,7.55,3.62,5.06
1887,504351191,59,72,1,51,270,268,41,225,319,415,31,87,7.55,3.62,5.06
1888,504352197,59,76,3,49,267,271,40,225,320,415,32,85,7.55,3.62,5.06
1889,504353191,58,76,3,53,269,269,41,225,320,414,31,86,7.55,3.62,5.06
1890,504354191,57,71,1,50,271,270,40,226,319,415,31,88,7.55,3.62,5.06
1891,504355197,55,73,2,52,270,271,41,226,320,413,30,83,7.55,3.62,5.06
1892,504356192,62,77,3,52,275,268,40,227,320,415,31,85,7.55,3.62,5.06
1893,504357191,58,75,3,49,266,270,41,228,320,415,31,83,7.55,3.62,5.06
1894,504358191,60,74,1,49,274,268,41,227,320,415,31,82,7.55,3.62,5.06
1895,504359191,61,73,3,53,266,272,40,227,320,416,32,86,7.55,3.62,5.06
1896,504360376,62,75,2,51,270,270,40,227,320,415,31,84,7.64,3.52,5.17
1897,504361203,62,73,3,52,271,271,41,227,320,414,31,84,7.64,3.52,5.17
1898,504362202,57,76,2,50,271,269,42,227,320,414,29,84,7.64,3.52,5.17
1899,504363196,60,69,3,50,269,268,41,228,320,415,31,86,7.64,3.52,5.17
1900,504364197,59,76,2,48,271,270,40,227,320,415,31,85,7.64,3.52,5.17
1901,504365195,58,77,2,49,275,269,38,227,320,414,31,83,7.64,3.52,5.17
1902,504368442,55,72,1,50,270,267,40,227,320,415,30,83,7.64,3.52,5.17
1903,504370317,59,68,3,49,270,269,41,228,320,415,31,86,7.64,3.52,5.17
1904,504370830,55,74,3,51,267,271,40,227,320,416,31,85,7.74,3.32,5.17
1905,504371342,57,75,3,50,270,271,40,227,320,415,31,84,7.74,3.32,5.17
1906,504372196,61,75,3,48,269,269,42,227,320,415,31,84,7.74,3.32,5.17
1907,504373196,62,73,2,50,270,270,41,228,320,415,31,84,7.74,3.32,5.17
1908,504374195,56,74,2,47,272,271,40,227,320,414,30,83,7.74,3.32,5.17
1909,504375196,57,77,1,50,271,268,40,227,319,413,36,89,7.74,3.32,5.17
1910,504377152,59,76,2,50,272,270,40,227,320,415,31,86,7.74,3.32,5.17
1911,504380251,57,70,2,49,269,268,41,228,320,414,31,84,7.74,3.32,5.17
1912,504380764,59,77,2,51,268,268,40,227,320,415,31,85,7.69,3.4,5.22
1913,504381276,58,78,3,51,271,270,41,228,320,415,31,86,7.69,3.4,5.22
1914,504382196,59,76,3,52,266,271,41,228,320,416,31,84,7.69,3.4,5.22
1915,504383196,56,72,2,50,266,267,38,227,319,415,31,87,7.69,3.4,5.22
1916,504384196,60,72,2,52,271,269,41,228,320,413,31,82,7.69,3.4,5.22
1917,504385196,57,76,3,48,268,271,41,228,320,415,31,84,7.69,3.4,5.22
1918,504386205,62,75,3,48,269,271,41,228,320,415,31,85,7.69,3.4,5.22
1919,504387196,55,74,3,51,269,267,37,226,319,415,31,89,7.69,3.4,5.22
1920,504388196,57,77,3,49,268,270,39,227,320,415,31,85,7.69,3.4,5.22
1921,504389195,61,74,3,50,269,269,41,227,320,415,31,84,7.69,3.4,5.22
1922,504390362,61,73,3,50,270,271,40,227,320,415,31,85,7.69,3.4,5.22
1923,504391196,54,71,1,49,273,268,40,226,319,415,30,81,7.76,3.31,5.17
1924,504392196,58,74,2,51,271,269,40,227,320,415,31,85,7.76,3.31,5.17
1925,504393196,62,73,3,48,266,272,41,225,320,415,31,85,7.76,3.31,5.17
1926,504394195,62,76,3,49,269,268,41,225,320,415,31,85,7.76,3.31,5.17
1927,504395196,56,74,1,47,271,270,39,225,319,415,31,87,7.76,3.31,5.17
1928,504396196,59,74,1,48,269,267,41,224,319,414,32,86,7.76,3.31,5.17
1929,504397196,61,74,3,51,268,270,41,225,320,415,30,83,7.76,3.31,5.17
1930,504398196,59,75,2,48,275,268,43,225,320,415,31,84,7.76,3.31,5.17
1931,504399195,57,73,3,49,270,268,41,224,320,414,31,86,7.76,3.31,5.17
1932,504400359,55,70,1,49,270,272,40,225,320,415,31,83,7.76,3.31,5.17
1933,504401196,61,73,3,48,266,268,40,226,320,415,31,86,7.76,3.29,5.18
1934,504402195,60,74,3,49,271,268,39,226,320,416,31,85,7.76,3.29,5.18
1935,504403196,59,75,2,48,271,269,40,226,320,414,31,87,7.76,3.29,5.18
1936,504404196,55,73,2,49,271,270,39,225,319,414,30,86,7.76,3.29,5.18
1937,504405195,63,78,2,50,272,272,40,226,320,415,31,84,7.76,3.29,5.18
1938,504406196,57,74,2,49,270,270,41,226,320,415,31,86,7.76,3.29,5.18
1939,504407196,60,73,2,50,269,266,39,225,317,413,37,86,7.76,3.29,5.18
1940,504408196,59,76,3,49,272,271,42,225,320,415,31,85,7.76,3.29,5.18
1941,504409196,62,74,3,50,269,269,41,226,320,415,31,84,7.76,3.29,5.18
1942,504410358,62,78,3,51,270,271,40,225,320,415,32,84,7.76,3.29,5.18
1943,504411196,57,74,1,48,273,267,41,225,321,415,31,87,7.83,3.32,5.3
1944,504412196,54,72,2,48,268,268,40,225,319,415,32,83,7.83,3.32,5.3
1945,504413195,62,74,3,50,269,270,40,226,320,415,31,86,7.83,3.32,5.3
1946,504414196,60,78,3,50,266,271,42,225,320,415,32,86,7.83,3.32,5.3
1947,504415195,61,73,2,51,274,271,40,225,319,415,32,86,7.83,3.32,5.3
1948,504416196,56,72,2,49,267,271,41,225,320,415,31,85,7.83,3.32,5.3
1949,504419796,62,73,3,49,268,271,40,226,320,415,32,84,7.83,3.32,5.3
1950,504420432,61,67,2,49,269,271,40,226,320,414,31,84,7.77,3.32,5.26
1951,504421196,62,75,3,49,270,269,40,225,320,415,32,85,7.77,3.32,5.26
1952,504422196,60,75,3,49,270,271,42,226,320,415,31,85,7.77,3.32,5.26
1953,504423196,56,69,3,49,268,266,39,224,319,415,31,87,7.77,3.32,5.26
1954,504424196,61,72,3,49,269,269,40,225,320,415,30,84,7.77,3.32,5.26
1955,504425195,59,76,3,50,270,271,40,226,320,415,31,84,7.77,3.32,5.26
1956,504428348,62,74,2,49,271,270,41,225,320,415,31,86,7.77,3.32,5.26
1957,504430485,55,75,2,50,274,271,41,225,320,415,31,85,7.77,3.32,5.26
1958,504430998,57,72,2,48,267,271,40,225,320,415,31,83,7.65,3.47,5.11
1959,504431518,57,70,2,50,266,270,40,225,320,416,31,84,7.65,3.47,5.11
1960,504432196,59,77,3,50,266,272,41,225,320,415,32,84,7.65,3.47,5.11
1961,504433196,57,72,3,51,273,267,41,225,318,414,31,82,7.65,3.47,5.11
1962,504434195,55,73,3,48,271,270,39,225,319,415,30,84,7.65,3.47,5.11
1963,504435202,58,74,3,49,271,268,40,226,320,415,30,82,7.65,3.47,5.11
1964,504436196,56,73,3,50,268,269,39,225,320,415,31,86,7.65,3.47,5.11
1965,504437195,57,75,1,48,270,270,40,226,319,415,31,85,7.65,3.47,5.11
1966,504438202,60,70,3,48,268,271,42,226,320,415,30,83,7.65,3.47,5.11
1967,504439197,62,73,3,49,266,273,40,226,320,416,31,84,7.65,3.47,5.11
1968,504440357,55,75,2,48,272,268,40,226,319,415,31,86,7.68,3.43,5.03
1969,504441196,56,72,1,47,269,270,40,225,320,416,31,85,7.68,3.43,5.03
1970,504442198,57,75,3,51,268,271,41,227,320,415,31,85,7.68,3.43,5.03
1971,504443196,58,74,3,49,272,271,41,227,320,415,31,85,7.68,3.43,5.03
1972,504444196,61,74,2,48,269,270,40,227,319,415,30,88,7.68,3.43,5.03
1973,504445199,59,74,3,51,270,272,40,227,320,415,31,84,7.68,3.43,5.03
1974,504446597,59,75,2,50,270,270,41,228,320,415,31,84,7.68,3.43,5.03
1975,504449635,59,74,3,50,269,270,39,227,320,415,31,86,7.68,3.43,5.03
1976,504450470,62,73,2,50,273,271,41,227,320,416,31,84,7.63,3.37,4.96
1977,504450983,61,75,2,49,269,270,40,227,320,415,31,85,7.63,3.37,4.96
1978,504451494,62,76,3,49,269,270,41,227,319,416,31,86,7.63,3.37,4.96
1979,504452196,60,76,2,50,266,271,41,227,320,415,31,85,7.63,3.37,4.96
1980,504453196,56,73,2,49,267,271,42,227,320,415,31,86,7.63,3.37,4.96
1981,504454196,55,74,1,51,270,268,40,226,319,415,31,85,7.63,3.37,4.96
1982,504455196,61,74,2,49,267,270,39,227,320,415,31,85,7.63,3.37,4.96
1983,504456961,57,77,2,49,269,270,41,227,320,415,31,86,7.63,3.37,4.96
1984,504459593,59,71,2,49,270,270,41,227,320,415,31,84,7.63,3.37,4.96
1985,504460423,59,72,3,51,267,270,39,227,320,415,31,85,7.72,3.25,5.11
1986,504460931,57,74,3,50,270,270,41,227,320,415,32,85,7.72,3.25,5.11
1987,504461440,58,77,3,48,276,267,39,227,320,415,31,85,7.72,3.25,5.11
1988,504462192,57,73,2,50,275,270,39,227,320,415,31,85,7.72,3.25,5.11
1989,504463191,55,75,1,47,271,268,40,226,320,414,31,82,7.72,3.25,5.11
1990,504464197,60,72,2,50,273,268,44,227,320,414,34,87,7.72,3.25,5.11
1991,504465191,56,71,3,50,268,271,41,227,320,415,32,85,7.72,3.25,5.11
1992,504468434,59,74,2,50,275,270,40,227,320,415,31,85,7.72,3.25,5.11
1993,504470186,56,75,3,49,271,272,41,227,320,415,32,84,7.72,3.25,5.11
1994,504470699,55,74,3,48,271,266,40,227,320,415,31,86,7.95,3.28,5.08
1995,504471212,62,75,3,47,270,269,40,227,320,416,31,84,7.95,3.28,5.08
1996,504472196,56,72,1,47,268,267,42,227,320,415,31,87,7.95,3.28,5.08
1997,504473196,55,71,2,46,268,271,42,225,319,413,37,86,7.95,3.28,5.08
1998,504474195,60,77,3,49,272,272,41,225,320,415,30,85,7.95,3.28,5.08
1999,504475196,56,73,2,48,273,268,40,225,320,415,31,85,7.95,3.28,5.08
2000,504478333,58,73,2,49,271,268,41,225,320,415,31,82,7.95,3.28,5.08
