8700,664384809,15,52,1,39,235,147,19,41,215,347,1,60,-6.44,-3.68,5.27
8701,664385298,16,54,1,39,235,142,19,42,212,347,1,57,-6.44,-3.68,5.27
8702,664386022,16,52,1,40,235,145,19,43,214,347,2,57,-6.44,-3.68,5.27
8703,664387021,16,54,1,40,235,143,19,42,216,347,1,57,-6.44,-3.68,5.27
8704,664388022,16,53,2,40,235,145,19,41,218,346,1,60,-6.44,-3.68,5.27
8705,664389022,17,53,1,42,235,144,19,41,212,347,2,59,-6.44,-3.68,5.27
8706,664392625,18,55,1,42,235,144,19,42,216,348,2,57,-6.44,-3.68,5.27
8707,664394235,19,53,1,40,235,146,19,42,215,347,2,59,-6.25,-3.84,5.56
8708,664394720,21,53,1,42,236,144,19,41,214,347,1,62,-6.25,-3.84,5.56
8709,664395205,21,56,1,42,235,142,19,41,215,347,1,58,-6.25,-3.84,5.56
8710,664396017,21,54,1,43,235,144,18,39,218,347,2,59,-6.25,-3.84,5.56
8711,664397018,21,54,1,43,234,145,19,41,213,348,1,56,-6.25,-3.84,5.56
8712,664398017,21,52,1,44,236,146,19,40,213,347,1,60,-6.25,-3.84,5.56
8713,664399018,22,57,1,44,235,144,19,40,216,347,2,61,-6.25,-3.84,5.56
8714,664402200,21,56,1,42,235,144,19,37,215,347,1,68,-6.25,-3.84,5.56
8715,664404344,24,50,1,45,236,146,19,42,218,348,1,62,-6.25,-3.84,5.56
8716,664404832,25,57,1,45,236,144,20,43,219,347,2,63,-6.29,-3.11,6.29
8717,664405326,26,56,1,44,236,145,20,42,217,348,2,65,-6.29,-3.11,6.29
8718,664406024,26,54,2,45,235,144,20,44,216,348,2,71,-6.29,-3.11,6.29
8719,664407022,26,54,1,45,235,143,20,43,216,347,1,69,-6.29,-3.11,6.29
8720,664408022,27,53,2,45,235,146,19,44,215,348,2,76,-6.29,-3.11,6.29
8721,664409022,27,54,1,42,235,145,19,47,215,348,1,71,-6.29,-3.11,6.29
8722,664410022,27,53,2,45,234,145,20,50,214,348,2,78,-6.29,-3.11,6.29
8723,664411022,27,52,3,45,235,146,20,51,216,348,1,77,-6.29,-3.11,6.29
8724,664412021,28,56,4,45,236,145,20,50,216,348,2,76,-6.29,-3.11,6.29
8725,664413026,27,56,3,44,235,143,20,49,216,348,2,73,-6.29,-3.11,6.29
8726,664414286,32,51,4,44,235,144,20,52,217,347,1,76,-6.37,-3.13,4.79
8727,664415022,32,55,6,44,235,146,21,43,216,347,1,75,-6.37,-3.13,4.79
8728,664416022,28,57,7,44,235,144,20,50,213,348,2,76,-6.37,-3.13,4.79
8729,664417022,32,57,8,46,235,146,20,48,215,347,1,76,-6.37,-3.13,4.79
8730,664418022,32,57,9,45,236,144,21,50,216,347,1,75,-6.37,-3.13,4.79
8731,664419030,32,56,10,47,235,145,21,50,217,347,1,77,-6.37,-3.13,4.79
8732,664420027,32,58,11,46,235,146,21,50,217,347,1,72,-6.37,-3.13,4.79
8733,664421025,33,57,10,47,235,145,21,49,216,348,1,79,-6.37,-3.13,4.79
8734,664422023,33,60,10,48,236,144,22,49,213,347,1,80,-6.37,-3.13,4.79
8735,664423022,31,58,10,49,235,144,21,51,214,347,2,77,-6.37,-3.13,4.79
8736,664424294,33,61,10,47,235,144,22,48,210,347,2,76,-6.51,-4.48,4.78
8737,664425022,34,61,11,51,236,146,23,49,214,347,2,78,-6.51,-4.48,4.78
8738,664426022,33,63,12,52,236,145,23,50,213,348,1,78,-6.51,-4.48,4.78
8739,664427022,33,59,12,55,235,144,22,49,215,347,1,77,-6.51,-4.48,4.78
8740,664428026,33,61,11,58,235,144,23,52,215,348,2,78,-6.51,-4.48,4.78
8741,664429024,34,63,12,56,235,145,23,50,213,348,1,84,-6.51,-4.48,4.78
8742,664430022,34,60,13,61,235,146,23,51,213,347,2,84,-6.51,-4.48,4.78
8743,664431021,34,61,15,58,236,143,23,52,216,347,2,85,-6.51,-4.48,4.78
8744,664432022,33,62,16,59,233,145,22,50,214,347,2,90,-6.51,-4.48,4.78
8745,664434210,34,62,17,64,235,145,23,51,215,347,1,83,-6.51,-4.48,4.78
8746,664434699,34,63,17,64,235,143,24,50,209,347,1,89,-6.22,-4.13,5.22
8747,664435188,35,71,17,64,235,144,25,51,206,347,2,95,-6.22,-4.13,5.22
8748,664436021,35,66,17,65,235,144,25,48,203,347,1,97,-6.22,-4.13,5.22
8749,664437022,35,67,18,64,235,145,25,47,203,347,2,98,-6.22,-4.13,5.22
8750,664438022,34,68,18,63,235,145,25,53,205,346,1,87,-6.22,-4.13,5.22
8751,664439404,36,67,19,62,236,144,25,45,205,347,1,97,-6.22,-4.13,5.22
8752,664442479,35,65,19,65,236,147,25,47,207,347,1,105,-6.22,-4.13,5.22
8753,664444252,35,65,20,64,236,147,26,53,200,348,2,109,-5.88,-3.92,4.71
8754,664444741,34,67,20,71,235,143,25,51,202,347,1,110,-5.88,-3.92,4.71
8755,664445230,34,69,20,73,235,143,25,53,203,347,2,110,-5.88,-3.92,4.71
8756,664446021,34,69,21,71,236,148,26,52,203,347,1,109,-5.88,-3.92,4.71
8757,664447022,34,68,21,74,235,146,27,56,203,347,2,110,-5.88,-3.92,4.71
8758,664448021,36,71,19,73,235,145,27,58,203,347,1,106,-5.88,-3.92,4.71
8759,664449022,37,67,22,73,235,144,28,58,203,347,1,111,-5.88,-3.92,4.71
8760,664452204,35,77,22,73,235,143,26,56,203,347,2,114,-5.88,-3.92,4.71
8761,664454347,37,75,22,73,235,144,27,63,201,347,2,115,-5.88,-3.92,4.71
8762,664454836,38,76,22,75,234,145,26,64,203,348,2,115,-5.51,-3.41,4.66
8763,664455325,37,80,23,75,234,144,27,59,203,348,1,110,-5.51,-3.41,4.66
8764,664456021,39,77,23,75,234,146,26,64,204,348,1,110,-5.51,-3.41,4.66
8765,664457022,40,81,23,73,234,147,26,70,203,348,2,113,-5.51,-3.41,4.66
8766,664458022,42,72,22,75,233,146,28,67,202,347,2,119,-5.51,-3.41,4.66
8767,664459022,42,69,24,78,233,147,29,64,205,347,1,114,-5.51,-3.41,4.66
8768,664460022,42,69,24,75,234,147,29,70,205,347,2,114,-5.51,-3.41,4.66
8769,664461021,41,69,24,78,234,146,30,72,203,348,2,119,-5.51,-3.41,4.66
8770,664462022,42,69,24,76,233,146,29,73,203,347,2,118,-5.51,-3.41,4.66
8771,664463021,46,71,26,74,233,150,33,70,201,347,2,117,-5.51,-3.41,4.66
8772,664464282,44,69,26,78,233,147,30,63,203,347,2,120,-5.51,-2.95,5.41
8773,664465021,46,71,25,77,233,146,35,69,204,347,2,129,-5.51,-2.95,5.41
8774,664466022,46,67,26,76,231,146,34,74,202,347,2,122,-5.51,-2.95,5.41
8775,664467022,48,70,26,76,233,144,33,79,202,347,2,123,-5.51,-2.95,5.41
8776,664468027,45,70,27,79,233,147,35,76,201,347,1,124,-5.51,-2.95,5.41
8777,664469026,49,71,25,77,233,149,35,79,200,347,1,130,-5.51,-2.95,5.41
8778,664470022,48,70,26,77,233,147,36,81,201,348,2,129,-5.51,-2.95,5.41
8779,664471022,49,71,27,76,235,149,36,83,202,347,1,124,-5.51,-2.95,5.41
8780,664472022,49,74,27,77,232,148,36,83,200,348,1,124,-5.51,-2.95,5.41
8781,664473021,50,73,28,75,233,146,38,84,203,347,1,125,-5.51,-2.95,5.41
8782,664474291,52,74,27,73,234,148,38,89,202,346,1,134,-5.89,-3.35,7.07
8783,664475026,51,73,27,75,233,146,38,84,203,347,1,131,-5.89,-3.35,7.07
8784,664476024,54,72,28,76,233,152,36,81,206,347,1,135,-5.89,-3.35,7.07
8785,664477022,57,73,31,77,233,154,38,83,206,346,2,133,-5.89,-3.35,7.07
8786,664478038,57,78,31,78,233,150,38,83,208,347,1,131,-5.89,-3.35,7.07
8787,664479023,55,75,29,79,234,153,44,85,205,348,2,137,-5.89,-3.35,7.07
8788,664480022,55,79,29,80,233,150,44,88,204,348,2,141,-5.89,-3.35,7.07
8789,664481044,56,86,32,81,234,151,44,88,202,347,2,140,-5.89,-3.35,7.07
8790,664482042,61,85,32,79,234,152,45,79,206,348,1,137,-5.89,-3.35,7.07
8791,664484281,61,87,31,80,234,151,42,85,207,347,2,139,-7.23,-1.99,4.96
8792,664484783,61,84,31,80,234,148,42,106,207,347,2,135,-7.23,-1.99,4.96
8793,664485284,63,87,33,81,234,158,44,106,206,347,2,135,-7.23,-1.99,4.96
8794,664486017,63,85,36,79,234,158,43,106,208,348,2,139,-7.23,-1.99,4.96
8795,664487034,65,83,35,79,234,160,45,87,209,347,2,140,-7.23,-1.99,4.96
8796,664488017,65,87,35,80,234,152,45,93,206,347,2,137,-7.23,-1.99,4.96
8797,664489017,65,79,37,80,234,160,46,104,206,348,2,138,-7.23,-1.99,4.96
8798,664492415,66,85,40,81,233,158,44,111,208,348,2,135,-7.23,-1.99,4.96
8799,664494168,67,79,41,84,234,161,47,132,200,348,2,137,-7.23,-1.99,4.96
8800,664494652,68,84,41,85,234,155,50,137,200,348,2,139,-7,-2.81,5.26
8801,664495136,66,84,42,82,234,161,53,139,207,348,2,139,-7,-2.81,5.26
8802,664496034,66,94,41,83,234,158,52,142,208,348,1,140,-7,-2.81,5.26
8803,664497034,68,96,43,80,234,154,54,145,207,348,2,142,-7,-2.81,5.26
8804,664498034,69,90,44,81,234,163,55,150,210,348,2,145,-7,-2.81,5.26
8805,664499614,70,99,44,80,234,157,53,157,210,349,2,143,-7,-2.81,5.26
8806,664502052,69,86,45,83,234,163,56,163,212,349,2,146,-7,-2.81,5.26
8807,664504383,71,100,47,86,234,155,61,161,215,354,2,141,-7,-2.81,5.26
8808,664504880,71,108,46,89,233,157,66,164,215,355,1,162,-7.75,-2.66,5.38
8809,664505377,69,106,48,88,233,161,65,162,211,354,1,160,-7.75,-2.66,5.38
8810,664506013,73,105,48,84,234,160,67,166,210,354,2,162,-7.75,-2.66,5.38
8811,664507013,73,107,51,89,234,164,67,167,209,348,2,149,-7.75,-2.66,5.38
8812,664508013,71,110,48,103,234,164,69,172,212,357,1,148,-7.75,-2.66,5.38
8813,664509029,72,112,48,107,235,168,70,163,214,355,1,148,-7.75,-2.66,5.38
8814,664510013,70,115,48,110,234,168,70,166,216,353,2,150,-7.75,-2.66,5.38
8815,664511036,72,118,48,111,235,169,67,169,217,358,2,151,-7.75,-2.66,5.38
8816,664512013,73,116,52,111,235,169,69,164,214,357,1,152,-7.75,-2.66,5.38
8817,664513031,73,118,54,114,234,169,74,170,218,348,2,153,-7.75,-2.66,5.38
8818,664514276,73,122,57,116,235,169,75,169,217,346,1,159,-8.49,-3.45,4.81
8819,664515022,72,125,53,116,234,168,74,170,217,346,2,163,-8.49,-3.45,4.81
8820,664516038,72,128,54,113,235,168,76,176,219,346,2,168,-8.49,-3.45,4.81
8821,664517026,72,130,55,112,234,169,74,178,220,348,2,168,-8.49,-3.45,4.81
8822,664518024,73,131,59,118,234,169,76,190,221,345,2,170,-8.49,-3.45,4.81
8823,664519039,72,129,58,115,234,170,75,192,217,365,2,173,-8.49,-3.45,4.81
8824,664520022,71,135,59,117,234,171,75,191,217,364,2,171,-8.49,-3.45,4.81
8825,664521022,73,135,59,118,234,170,76,190,220,359,2,176,-8.49,-3.45,4.81
8826,664522038,73,137,65,116,233,171,77,188,224,360,2,176,-8.49,-3.45,4.81
8827,664523022,72,142,62,122,233,170,78,191,224,364,2,173,-8.49,-3.45,4.81
8828,664524318,73,140,66,118,234,172,78,194,225,360,1,175,-8.87,-3.81,5.76
8829,664525023,74,146,65,120,233,172,81,196,225,375,2,178,-8.87,-3.81,5.76
8830,664526022,73,147,63,121,233,172,82,205,227,370,2,175,-8.87,-3.81,5.76
8831,664527038,73,151,68,120,234,174,82,202,228,368,2,181,-8.87,-3.81,5.76
8832,664528022,71,148,64,124,233,175,81,206,227,358,2,180,-8.87,-3.81,5.76
8833,664529038,73,152,68,131,233,178,81,209,230,375,2,173,-8.87,-3.81,5.76
8834,664530027,71,151,70,133,233,178,83,207,229,382,2,162,-8.87,-3.81,5.76
8835,664531025,74,151,65,136,233,179,82,209,227,380,2,164,-8.87,-3.81,5.76
8836,664532023,75,156,69,138,232,179,86,210,228,380,1,164,-8.87,-3.81,5.76
8837,664534199,74,156,69,139,233,180,85,217,231,379,2,163,-8,-3.37,4.14
8838,664534684,71,156,76,141,232,183,88,228,231,376,2,164,-8,-3.37,4.14
8839,664535169,72,156,74,141,233,184,86,228,231,375,2,165,-8,-3.37,4.14
8840,664536034,75,152,79,140,233,184,86,230,232,376,2,164,-8,-3.37,4.14
8841,664537034,75,156,80,142,233,189,91,232,234,386,1,169,-8,-3.37,4.14
8842,664538018,76,157,82,142,232,190,87,234,234,381,2,178,-8,-3.37,4.14
8843,664540360,72,156,81,144,232,193,91,234,235,381,2,180,-8,-3.37,4.14
8844,664543023,77,149,85,142,232,194,91,232,236,382,2,177,-8,-3.37,4.14
8845,664544242,79,163,89,140,230,194,93,237,241,385,2,185,-6.67,-4.47,6.93
8846,664544736,85,161,90,142,231,195,100,240,243,386,2,187,-6.67,-4.47,6.93
8847,664545225,81,160,94,143,231,196,98,239,243,387,2,190,-6.67,-4.47,6.93
8848,664546038,82,163,99,141,230,197,105,241,244,388,2,183,-6.67,-4.47,6.93
8849,664547022,83,162,100,139,230,197,107,242,246,389,2,178,-6.67,-4.47,6.93
8850,664548038,82,160,98,138,230,201,107,244,247,400,1,178,-6.67,-4.47,6.93
8851,664549592,93,162,98,140,231,201,108,245,249,406,2,187,-6.67,-4.47,6.93
8852,664552241,92,169,103,143,230,200,109,246,251,400,2,184,-6.67,-4.47,6.93
8853,664554409,92,174,104,144,232,204,110,252,250,400,2,182,-6.67,-4.47,6.93
8854,664554897,95,178,108,148,231,206,117,249,252,412,1,187,-6.45,-4.12,5.11
8855,664555386,95,178,108,149,231,205,117,249,253,412,2,185,-6.45,-4.12,5.11
8856,664556021,95,179,111,150,231,208,120,249,254,409,2,190,-6.45,-4.12,5.11
8857,664557021,95,181,118,153,230,205,118,256,253,408,2,197,-6.45,-4.12,5.11
8858,664558022,94,183,117,153,231,207,118,255,255,407,1,197,-6.45,-4.12,5.11
8859,664559021,81,185,119,153,231,208,120,258,255,409,2,198,-6.45,-4.12,5.11
8860,664560038,84,186,121,163,231,209,121,262,257,407,2,202,-6.45,-4.12,5.11
8861,664561022,95,185,124,165,231,209,122,262,257,407,2,199,-6.45,-4.12,5.11
8862,664562038,94,184,121,169,231,211,123,259,259,411,2,191,-6.45,-4.12,5.11
8863,664563022,100,187,127,169,231,214,126,261,259,414,2,199,-6.45,-4.12,5.11
8864,664564282,103,190,129,170,229,215,125,264,260,417,2,203,-6.45,-4.12,5.11
8865,664565022,99,192,131,170,229,218,127,264,260,416,2,204,-7.52,-4.71,6.73
8866,664566022,98,192,131,171,229,221,129,265,261,415,2,204,-7.52,-4.71,6.73
8867,664567038,99,195,132,171,231,219,130,266,262,414,2,198,-7.52,-4.71,6.73
8868,664568022,100,198,134,172,232,214,133,269,262,420,2,190,-7.52,-4.71,6.73
8869,664569024,102,199,133,173,232,223,138,269,262,420,2,181,-7.52,-4.71,6.73
8870,664570022,104,198,137,173,232,226,140,267,264,422,2,187,-7.52,-4.71,6.73
8871,664571021,103,201,138,174,232,230,140,267,264,421,1,178,-7.52,-4.71,6.73
8872,664572037,105,202,136,173,232,231,142,266,266,422,2,177,-7.52,-4.71,6.73
8873,664573021,107,205,139,174,232,231,140,268,266,424,2,184,-7.52,-4.71,6.73
8874,664574276,109,208,137,174,231,233,144,270,266,423,2,182,-6.34,-3.78,7.07
8875,664575038,111,207,138,173,232,233,143,274,267,430,2,185,-6.34,-3.78,7.07
8876,664576038,115,210,141,177,233,235,145,271,268,432,2,185,-6.34,-3.78,7.07
8877,664577022,110,212,143,180,233,236,148,277,268,431,1,182,-6.34,-3.78,7.07
8878,664578022,107,211,142,182,234,237,147,271,268,431,2,190,-6.34,-3.78,7.07
8879,664579038,111,212,148,181,233,237,150,272,271,433,1,192,-6.34,-3.78,7.07
8880,664580022,116,216,146,183,233,241,147,275,272,433,2,198,-6.34,-3.78,7.07
8881,664581021,119,219,148,183,233,242,149,276,273,434,2,205,-6.34,-3.78,7.07
8882,664582038,119,220,150,184,232,245,155,278,275,436,2,210,-6.34,-3.78,7.07
8883,664584247,125,223,146,185,232,244,153,276,278,437,2,202,-6.34,-3.78,7.07
8884,664584735,126,226,149,186,233,248,158,273,278,437,2,201,-6.43,-5.62,7.11
8885,664585225,125,227,152,187,233,247,164,272,277,437,2,207,-6.43,-5.62,7.11
8886,664586038,127,227,148,187,232,249,165,275,276,438,2,215,-6.43,-5.62,7.11
8887,664587022,126,228,152,188,233,250,168,279,277,440,2,210,-6.43,-5.62,7.11
8888,664588038,126,230,150,189,234,252,169,284,277,438,2,202,-6.43,-5.62,7.11
8889,664589213,127,232,151,190,234,253,170,285,278,438,2,201,-6.43,-5.62,7.11
8890,664592201,126,231,156,190,236,253,171,287,277,439,2,201,-6.43,-5.62,7.11
8891,664594190,125,242,156,193,237,257,174,288,280,441,2,204,-6.43,-5.62,7.11
8892,664594678,132,240,159,192,239,258,176,278,279,445,2,208,-6.88,-1.98,4.21
8893,664595166,134,242,162,193,239,258,176,282,282,445,2,201,-6.88,-1.98,4.21
8894,664596038,137,244,164,192,241,258,176,289,283,447,2,203,-6.88,-1.98,4.21
8895,664597021,137,249,165,192,242,259,177,292,283,447,2,206,-6.88,-1.98,4.21
8896,664598038,135,252,165,194,245,259,179,290,282,448,2,200,-6.88,-1.98,4.21
8897,664599401,135,253,165,193,248,260,181,292,284,452,2,212,-6.88,-1.98,4.21
8898,664602272,135,261,167,195,250,261,183,292,285,450,1,206,-6.88,-1.98,4.21
8899,664604401,141,265,164,199,251,264,187,290,305,456,2,222,-6.88,-1.98,4.21
8900,664604907,143,265,167,201,253,267,189,290,316,458,2,204,-6.48,-2.66,5.84
8901,664605413,142,269,166,201,254,266,186,288,310,458,1,205,-6.48,-2.66,5.84
8902,664606038,144,272,169,201,256,264,191,289,303,459,2,208,-6.48,-2.66,5.84
8903,664607022,147,271,170,202,257,268,188,291,301,459,2,202,-6.48,-2.66,5.84
8904,664608038,145,272,170,202,260,266,194,293,303,460,2,206,-6.48,-2.66,5.84
8905,664609022,153,276,172,202,259,269,199,294,301,461,2,209,-6.48,-2.66,5.84
8906,664610024,147,278,172,203,260,272,199,296,302,461,2,212,-6.48,-2.66,5.84
8907,664611022,150,280,174,203,261,268,201,293,304,459,2,207,-6.48,-2.66,5.84
8908,664612021,151,280,177,203,262,271,199,293,306,459,2,208,-6.48,-2.66,5.84
8909,664613038,146,282,178,202,263,273,203,293,308,459,2,210,-6.48,-2.66,5.84
8910,664614288,143,282,176,202,263,274,204,290,307,461,1,211,-6.48,-2.66,5.84
8911,664615038,153,285,179,204,264,279,204,277,309,461,2,209,-7.09,0.56,5.43
8912,664616022,155,288,179,205,264,280,205,284,308,464,2,213,-7.09,0.56,5.43
8913,664617038,156,287,180,205,265,282,205,287,310,464,2,216,-7.09,0.56,5.43
8914,664618021,160,288,181,202,264,283,207,287,311,466,2,224,-7.09,0.56,5.43
8915,664619022,160,288,182,205,264,285,206,281,311,467,2,229,-7.09,0.56,5.43
8916,664620038,163,287,183,202,265,283,213,281,314,469,1,231,-7.09,0.56,5.43
8917,664621021,164,288,183,204,266,287,214,279,314,470,2,233,-7.09,0.56,5.43
8918,664622022,165,288,184,205,266,290,215,284,317,471,2,235,-7.09,0.56,5.43
8919,664623022,164,290,186,204,267,290,218,288,319,471,2,238,-7.09,0.56,5.43
8920,664624302,171,292,187,206,267,289,219,291,319,472,1,236,-7.09,0.56,5.43
8921,664625022,170,290,185,205,268,290,214,289,320,472,2,238,-6.27,3.71,2.52
8922,664626038,170,291,189,206,266,291,223,295,320,474,1,237,-6.27,3.71,2.52
8923,664627021,172,292,191,205,267,291,224,302,323,473,2,237,-6.27,3.71,2.52
8924,664628022,172,293,194,206,269,292,225,302,324,474,2,240,-6.27,3.71,2.52
8925,664629040,173,293,195,206,269,293,230,303,325,475,3,240,-6.27,3.71,2.52
8926,664630022,169,294,196,204,268,293,228,305,328,476,2,240,-6.27,3.71,2.52
8927,664631021,169,295,198,205,270,295,230,299,330,478,2,244,-6.27,3.71,2.52
8928,664632022,167,297,200,207,270,296,230,301,332,480,2,246,-6.27,3.71,2.52
8929,664634042,167,300,200,205,270,297,232,302,335,479,2,245,-6.27,3.71,2.52
8930,664634550,169,301,197,206,269,299,235,302,338,481,3,242,-7,1.18,3.08
8931,664635052,170,302,198,206,271,298,235,298,338,482,1,248,-7,1.18,3.08
8932,664636017,169,305,200,207,272,300,237,292,340,484,2,248,-7,1.18,3.08
8933,664637017,172,306,201,208,269,300,240,295,341,484,2,251,-7,1.18,3.08
8934,664638017,171,307,199,210,270,303,243,298,344,486,2,253,-7,1.18,3.08
8935,664640382,177,308,201,208,274,303,244,296,347,489,2,253,-7,1.18,3.08
8936,664643031,179,316,202,210,283,304,248,305,356,489,2,248,-7,1.18,3.08
8937,664644245,179,326,202,210,284,307,255,305,353,493,2,253,-8.16,-2.28,0.75
8938,664644746,180,318,203,215,287,307,260,298,353,493,2,268,-8.16,-2.28,0.75
8939,664645247,180,318,205,213,291,307,262,296,353,493,2,253,-8.16,-2.28,0.75
8940,664646017,180,318,205,219,292,308,263,296,352,495,2,255,-8.16,-2.28,0.75
8941,664647023,182,320,206,217,295,308,266,299,353,496,2,246,-8.16,-2.28,0.75
8942,664648021,183,321,207,222,296,309,269,302,354,498,2,250,-8.16,-2.28,0.75
8943,664649020,184,322,206,223,296,311,271,302,355,500,2,248,-8.16,-2.28,0.75
8944,664652406,184,322,206,218,295,313,272,293,356,500,2,251,-8.16,-2.28,0.75
8945,664654356,184,331,212,227,303,313,274,304,359,502,2,251,-8.16,-2.28,0.75
8946,664654845,187,329,217,229,308,314,285,309,370,504,2,255,-6.86,-1.36,4.36
8947,664655335,187,329,211,230,308,314,283,305,369,505,2,255,-6.86,-1.36,4.36
8948,664656022,188,329,218,229,311,314,285,298,365,505,3,255,-6.86,-1.36,4.36
8949,664657022,188,331,213,231,312,315,286,300,365,507,2,260,-6.86,-1.36,4.36
8950,664658022,188,331,219,231,315,316,287,301,365,508,1,265,-6.86,-1.36,4.36
8951,664659022,190,330,225,235,319,317,289,303,366,508,1,269,-6.86,-1.36,4.36
8952,664660022,191,334,222,235,322,319,291,306,367,510,2,268,-6.86,-1.36,4.36
8953,664661022,192,337,227,236,321,322,295,303,367,511,2,266,-6.86,-1.36,4.36
8954,664662022,190,335,228,238,324,321,298,297,367,511,2,268,-6.86,-1.36,4.36
8955,664663021,191,339,228,238,326,322,302,299,369,513,2,263,-6.86,-1.36,4.36
8956,664664290,192,342,228,238,328,323,303,301,369,513,2,264,-6.86,-1.36,4.36
8957,664665018,192,346,235,240,331,322,304,302,369,515,2,272,-8.5,-5.53,4.85
8958,664666018,195,344,235,240,335,321,307,310,370,516,2,273,-8.5,-5.53,4.85
8959,664667017,195,344,235,239,336,323,311,304,370,515,2,266,-8.5,-5.53,4.85
8960,664668017,198,345,235,245,333,323,311,301,372,516,2,267,-8.5,-5.53,4.85
8961,664669021,197,347,237,246,336,324,311,297,373,516,2,268,-8.5,-5.53,4.85
8962,664670018,199,350,239,246,337,324,313,300,373,514,2,262,-8.5,-5.53,4.85
8963,664671017,200,356,238,246,340,325,315,302,375,518,2,258,-8.5,-5.53,4.85
8964,664672018,200,356,240,248,339,326,318,303,376,517,2,266,-8.5,-5.53,4.85
8965,664673017,203,356,236,248,342,325,320,296,378,518,2,273,-8.5,-5.53,4.85
8966,664674276,200,358,240,248,341,327,322,303,379,520,2,267,-8.5,-5.53,4.85
8967,664675022,205,359,237,251,343,327,321,305,379,521,2,270,-7.64,-2.21,4.98
8968,664676022,204,359,242,251,347,326,321,302,379,522,2,273,-7.64,-2.21,4.98
8969,664677022,205,360,244,251,348,326,325,301,381,522,2,277,-7.64,-2.21,4.98
8970,664678022,205,359,246,253,348,327,326,298,383,522,2,274,-7.64,-2.21,4.98
8971,664679024,210,362,246,254,352,326,326,279,386,522,2,280,-7.64,-2.21,4.98
8972,664680021,209,363,247,256,354,328,323,272,385,524,2,280,-7.64,-2.21,4.98
8973,664681022,211,362,247,256,355,327,325,270,385,524,1,278,-7.64,-2.21,4.98
8974,664682022,215,362,246,259,356,329,325,276,385,524,3,276,-7.64,-2.21,4.98
8975,664684253,218,368,244,260,357,327,329,279,386,526,2,278,-7.95,-1.1,6.63
8976,664684742,220,371,248,263,362,329,331,285,387,527,2,279,-7.95,-1.1,6.63
8977,664685231,218,372,248,264,364,330,331,278,388,527,2,280,-7.95,-1.1,6.63
8978,664686022,219,370,245,264,365,330,333,284,388,527,2,279,-7.95,-1.1,6.63
8979,664687022,221,374,248,266,364,329,334,277,390,528,2,283,-7.95,-1.1,6.63
8980,664688022,219,375,248,267,367,330,334,274,390,529,3,276,-7.95,-1.1,6.63
8981,664689022,228,375,250,267,369,328,336,274,391,530,3,283,-7.95,-1.1,6.63
8982,664692401,225,374,250,268,371,329,335,268,391,530,2,280,-7.95,-1.1,6.63
8983,664694188,230,386,250,265,373,331,340,274,393,533,2,268,-8.85,-1.15,5.48
8984,664694677,231,380,249,272,375,333,343,275,392,534,2,270,-8.85,-1.15,5.48
8985,664695166,232,381,250,274,375,333,342,277,394,534,2,270,-8.85,-1.15,5.48
8986,664696025,232,382,253,280,377,334,345,272,394,535,2,269,-8.85,-1.15,5.48
8987,664697023,231,383,255,284,377,334,344,277,394,534,2,286,-8.85,-1.15,5.48
8988,664698022,231,381,256,285,377,332,344,280,393,535,2,292,-8.85,-1.15,5.48
8989,664699022,233,385,258,288,380,334,345,285,394,534,2,290,-8.85,-1.15,5.48
8990,664702207,236,385,255,289,381,336,347,289,395,535,2,290,-8.85,-1.15,5.48
8991,664704351,242,394,257,292,384,335,350,291,398,538,2,301,-8.85,-1.15,5.48
8992,664704840,244,388,259,295,386,339,352,299,402,540,2,310,-8.58,0.45,2.8
8993,664705329,245,387,259,296,386,340,353,299,402,540,2,307,-8.58,0.45,2.8
8994,664706022,248,388,261,296,387,341,354,301,402,540,2,303,-8.58,0.45,2.8
8995,664707021,251,388,259,295,387,340,354,300,401,539,1,307,-8.58,0.45,2.8
8996,664708022,251,390,260,296,389,342,355,301,402,544,2,304,-8.58,0.45,2.8
8997,664709022,255,391,262,299,389,343,356,301,403,545,3,305,-8.58,0.45,2.8
8998,664710021,258,391,262,301,390,342,357,302,405,546,2,306,-8.58,0.45,2.8
8999,664711022,259,391,263,302,389,343,356,303,405,546,1,313,-8.58,0.45,2.8
9000,664712022,262,393,262,305,390,344,358,302,405,548,2,316,-8.58,0.45,2.8
9001,664713022,263,394,263,305,391,344,359,306,405,552,3,317,-8.58,0.45,2.8
9002,664714286,263,392,263,304,391,341,359,305,405,552,2,318,-8.58,0.45,2.8
9003,664715022,264,394,265,307,393,343,360,306,407,553,2,319,-8.53,1.83,2.83
9004,664716022,263,395,264,307,393,343,361,307,408,553,2,325,-8.53,1.83,2.83
9005,664717022,265,395,266,308,395,343,363,306,408,554,2,331,-8.53,1.83,2.83
9006,664718022,265,397,266,309,396,344,363,309,408,555,2,328,-8.53,1.83,2.83
9007,664719023,268,398,266,310,397,345,363,312,409,556,1,329,-8.53,1.83,2.83
9008,664720022,267,398,267,310,395,342,361,315,410,556,2,333,-8.53,1.83,2.83
9009,664721022,268,400,272,310,397,346,364,315,412,556,2,329,-8.53,1.83,2.83
9010,664722022,271,402,271,311,399,345,365,315,412,556,2,328,-8.53,1.83,2.83
9011,664723022,272,403,274,311,401,346,365,317,413,558,2,329,-8.53,1.83,2.83
9012,664724284,272,403,273,312,399,347,365,317,413,558,2,325,-8.53,1.83,2.83
9013,664725021,275,404,272,313,403,346,369,318,413,560,2,320,-9.02,0.06,4.81
9014,664726022,279,405,275,314,404,346,369,315,414,559,2,324,-9.02,0.06,4.81
9015,664727021,281,404,272,313,405,344,371,314,415,560,2,328,-9.02,0.06,4.81
9016,664728022,281,406,276,315,405,346,374,316,413,561,2,331,-9.02,0.06,4.81
9017,664729022,284,407,275,315,407,348,373,316,416,562,2,330,-9.02,0.06,4.81
9018,664730022,285,408,275,317,407,347,373,317,417,564,2,328,-9.02,0.06,4.81
9019,664731022,286,407,273,318,410,347,376,317,418,565,2,330,-9.02,0.06,4.81
9020,664732022,288,410,272,320,410,347,375,319,417,565,1,328,-9.02,0.06,4.81
9021,664734177,291,411,273,320,409,349,376,319,418,565,2,324,-9.02,0.06,4.81
9022,664734665,292,410,273,323,411,349,379,319,420,566,2,326,-10.4,-1.02,3.81
9023,664735155,293,412,274,324,412,349,379,318,420,567,2,325,-10.4,-1.02,3.81
9024,664736022,292,413,276,324,412,349,381,317,417,567,2,325,-10.4,-1.02,3.81
9025,664737022,291,414,274,326,411,351,384,318,420,569,2,324,-10.4,-1.02,3.81
9026,664738022,294,415,276,327,413,351,386,320,421,566,1,320,-10.4,-1.02,3.81
9027,664739022,295,416,278,329,413,350,386,320,422,567,2,318,-10.4,-1.02,3.81
9028,664742203,295,415,275,328,412,350,388,320,420,568,2,319,-10.4,-1.02,3.81
9029,664744192,296,424,281,330,414,350,390,326,423,570,2,322,-10.4,-1.02,3.81
9030,664744681,299,420,281,332,416,351,392,326,424,572,2,324,-12.38,-0.56,1.72
9031,664745171,299,420,280,332,416,352,394,327,424,572,2,322,-12.38,-0.56,1.72
9032,664746022,300,421,281,333,416,351,394,327,426,571,2,317,-12.38,-0.56,1.72
9033,664747022,301,422,281,332,417,351,395,330,426,572,3,317,-12.38,-0.56,1.72
9034,664748021,301,422,281,335,416,350,396,330,428,574,2,314,-12.38,-0.56,1.72
9035,664749022,302,423,281,334,417,350,397,331,430,575,2,313,-12.38,-0.56,1.72
9036,664752450,302,425,282,338,420,352,397,331,427,576,3,311,-12.38,-0.56,1.72
9037,664754396,305,433,283,346,424,353,402,334,429,577,2,304,-12.38,-0.56,1.72
9038,664754885,305,427,284,348,427,353,403,331,430,577,2,306,-12.33,-1.41,1.19
9039,664755374,307,427,284,350,428,355,404,328,431,577,3,303,-12.33,-1.41,1.19
9040,664756022,309,427,284,350,429,355,404,332,431,577,3,302,-12.33,-1.41,1.19
9041,664757022,311,426,285,350,430,355,406,328,431,576,2,303,-12.33,-1.41,1.19
9042,664758022,314,428,283,351,432,355,405,330,432,577,2,317,-12.33,-1.41,1.19
9043,664759022,316,428,287,354,434,355,406,334,432,578,2,318,-12.33,-1.41,1.19
9044,664760022,319,428,288,354,435,355,408,332,433,577,2,309,-12.33,-1.41,1.19
9045,664761022,318,428,290,356,439,354,408,335,433,578,1,308,-12.33,-1.41,1.19
9046,664762021,321,429,289,359,440,353,408,335,433,578,2,309,-12.33,-1.41,1.19
9047,664763022,321,431,296,359,440,356,409,337,433,579,3,311,-12.33,-1.41,1.19
9048,664764285,323,431,297,359,440,355,408,338,433,580,2,309,-12.33,-1.41,1.19
9049,664765022,325,430,298,361,443,356,408,338,433,583,3,311,-9.99,0.53,4.37
9050,664766022,324,430,295,360,443,356,410,340,434,583,2,313,-9.99,0.53,4.37
9051,664767022,325,431,295,363,445,358,411,342,434,583,1,308,-9.99,0.53,4.37
9052,664768022,328,432,293,363,445,357,412,337,433,584,1,319,-9.99,0.53,4.37
9053,664769026,331,434,292,365,447,355,412,336,435,586,2,318,-9.99,0.53,4.37
9054,664770021,333,434,293,366,448,356,413,334,435,586,2,318,-9.99,0.53,4.37
9055,664771021,333,434,294,367,449,354,413,335,433,585,2,317,-9.99,0.53,4.37
9056,664772022,334,436,294,367,449,356,414,338,436,588,2,318,-9.99,0.53,4.37
9057,664773022,338,436,295,369,448,356,415,339,437,589,2,310,-9.99,0.53,4.37
9058,664774282,337,436,293,369,447,356,413,336,435,590,2,313,-9.99,0.53,4.37
9059,664775021,340,437,296,371,449,356,416,337,437,589,2,311,-11.63,0.94,4.21
9060,664776021,342,438,298,372,451,356,416,334,438,590,2,310,-11.63,0.94,4.21
9061,664777021,344,438,297,374,451,358,418,338,438,590,2,315,-11.63,0.94,4.21
9062,664778022,344,438,296,374,451,358,418,338,438,591,2,315,-11.63,0.94,4.21
9063,664779022,351,439,297,376,452,358,419,338,438,591,2,318,-11.63,0.94,4.21
9064,664780022,353,439,297,377,450,359,419,339,439,591,2,323,-11.63,0.94,4.21
9065,664781022,358,438,298,378,450,361,419,338,439,591,1,323,-11.63,0.94,4.21
9066,664782021,363,438,299,380,450,361,419,338,440,592,2,329,-11.63,0.94,4.21
9067,664784167,364,440,299,382,451,362,420,339,440,592,2,330,-12.1,-0.01,6.75
9068,664784652,367,440,295,384,454,361,420,340,440,592,1,330,-12.1,-0.01,6.75
9069,664785136,367,441,295,384,454,360,421,343,440,593,2,329,-12.1,-0.01,6.75
9070,664786017,367,441,294,383,452,359,422,345,440,593,2,340,-12.1,-0.01,6.75
9071,664787018,369,442,296,386,455,362,421,345,441,593,2,333,-12.1,-0.01,6.75
9072,664788017,372,442,296,387,455,363,423,346,442,595,2,338,-12.1,-0.01,6.75
9073,664790005,374,438,294,388,456,364,423,346,443,594,2,347,-12.1,-0.01,6.75
9074,664792860,376,451,297,390,455,364,425,347,443,595,2,350,-12.1,-0.01,6.75
9075,664794258,380,453,299,393,456,364,427,345,445,597,2,328,-12.21,-0.33,4.65
9076,664794746,382,447,300,395,459,365,427,349,445,596,2,332,-12.21,-0.33,4.65
9077,664795235,382,447,300,395,458,366,427,348,446,597,2,333,-12.21,-0.33,4.65
9078,664796022,383,448,301,396,458,366,429,348,446,597,2,330,-12.21,-0.33,4.65
9079,664797022,383,449,302,399,458,366,429,349,446,597,3,332,-12.21,-0.33,4.65
9080,664798027,385,448,301,399,457,365,426,350,446,597,2,332,-12.21,-0.33,4.65
9081,664799024,385,450,302,399,458,368,430,353,447,596,2,333,-12.21,-0.33,4.65
9082,664802413,387,451,303,399,459,368,430,358,447,597,2,331,-12.21,-0.33,4.65
9083,664804363,391,459,302,404,461,370,433,351,448,597,2,333,-12.21,-0.33,4.65
9084,664804851,393,452,303,407,462,369,434,352,449,599,2,346,-9.8,-0.22,2.12
9085,664805345,395,452,302,407,461,369,434,351,450,599,2,346,-9.8,-0.22,2.12
9086,664806022,397,452,303,408,461,370,434,354,450,598,2,345,-9.8,-0.22,2.12
9087,664807022,401,451,302,408,460,369,432,352,449,600,2,342,-9.8,-0.22,2.12
9088,664808022,395,454,303,409,462,370,434,359,451,599,2,346,-9.8,-0.22,2.12
9089,664809021,397,454,306,410,462,369,434,364,451,598,2,345,-9.8,-0.22,2.12
9090,664810022,397,453,305,410,462,369,432,362,452,597,2,346,-9.8,-0.22,2.12
9091,664811022,403,454,305,411,462,369,433,364,453,598,2,346,-9.8,-0.22,2.12
9092,664812022,408,455,307,412,463,369,435,360,452,599,2,339,-9.8,-0.22,2.12
9093,664813022,409,455,308,413,463,369,436,360,453,599,2,343,-9.8,-0.22,2.12
9094,664814291,413,454,309,414,462,371,437,364,452,599,2,344,-9.8,-0.22,2.12
9095,664815022,417,455,309,415,464,371,436,365,453,598,2,354,-10.45,-0.01,3.15
9096,664816021,413,456,308,416,465,371,437,364,453,599,2,360,-10.45,-0.01,3.15
9097,664817022,413,455,308,416,463,372,438,365,453,599,2,359,-10.45,-0.01,3.15
9098,664818022,413,456,318,417,463,371,438,364,454,600,2,358,-10.45,-0.01,3.15
9099,664819023,417,457,317,418,466,373,436,366,454,600,2,358,-10.45,-0.01,3.15
9100,664820022,418,457,317,420,465,373,437,366,456,600,2,362,-10.45,-0.01,3.15
9101,664821021,418,456,315,419,465,373,439,369,454,600,2,366,-10.45,-0.01,3.15
9102,664822021,421,458,314,420,466,373,439,372,456,600,2,370,-10.45,-0.01,3.15
9103,664823021,419,458,310,421,468,374,440,377,455,600,2,372,-10.45,-0.01,3.15
9104,664824289,421,455,309,422,469,374,440,378,456,600,2,371,-10.45,-0.01,3.15
9105,664825022,421,459,311,423,469,374,441,382,457,600,3,370,-8.87,-1.24,2.59
9106,664826022,423,459,312,423,469,375,442,387,459,600,3,372,-8.87,-1.24,2.59
9107,664827021,422,460,313,423,471,375,442,388,458,601,2,372,-8.87,-1.24,2.59
9108,664828022,422,460,313,424,470,374,441,388,458,600,2,374,-8.87,-1.24,2.59
9109,664829023,425,462,319,425,470,376,442,386,459,601,2,365,-8.87,-1.24,2.59
9110,664830022,423,461,321,426,469,376,443,383,458,602,3,358,-8.87,-1.24,2.59
9111,664831022,423,461,322,424,467,377,444,383,459,603,2,359,-8.87,-1.24,2.59
9112,664832022,425,462,322,427,470,377,444,389,460,603,2,368,-8.87,-1.24,2.59
9113,664834058,427,462,323,427,470,377,444,396,460,603,2,374,-8.87,-1.24,2.59
9114,664834549,428,463,322,428,472,376,445,394,460,605,2,385,-8.33,1.07,3.47
9115,664835038,427,463,322,429,472,377,444,395,460,604,3,386,-8.33,1.07,3.47
9116,664836022,428,463,321,429,471,377,445,390,460,603,2,382,-8.33,1.07,3.47
9117,664837022,427,464,319,429,472,375,446,391,461,607,2,379,-8.33,1.07,3.47
9118,664838022,428,463,322,431,471,376,445,393,463,606,2,373,-8.33,1.07,3.47
9119,664839978,428,463,322,431,472,374,444,397,463,604,1,377,-8.33,1.07,3.47
9120,664842820,428,471,320,432,473,376,447,392,464,605,2,375,-8.33,1.07,3.47
9121,664844246,429,465,320,436,474,379,448,397,464,609,2,377,-7.86,0.56,3.22
9122,664844734,429,465,319,438,475,380,448,398,465,610,2,385,-7.86,0.56,3.22
9123,664845223,430,465,322,438,475,379,448,398,465,608,2,386,-7.86,0.56,3.22
9124,664846025,431,465,324,440,477,380,448,396,465,610,3,387,-7.86,0.56,3.22
9125,664847023,431,466,324,440,479,380,449,398,466,608,2,387,-7.86,0.56,3.22
9126,664848022,431,465,322,440,478,377,449,398,466,610,2,395,-7.86,0.56,3.22
9127,664849022,430,466,322,442,480,380,449,399,465,610,2,391,-7.86,0.56,3.22
9128,664852412,433,466,324,444,480,380,449,400,467,608,3,394,-7.86,0.56,3.22
9129,664854362,433,474,324,445,483,381,450,404,471,614,2,390,-7.86,0.56,3.22
9130,664854851,435,468,324,448,485,380,450,408,472,615,3,391,-7.86,1.87,3.91
9131,664855346,434,468,324,448,485,380,451,408,472,617,2,392,-7.86,1.87,3.91
9132,664856021,433,468,324,448,484,381,451,408,472,616,2,396,-7.86,1.87,3.91
9133,664857022,435,467,324,449,482,379,451,408,471,616,2,397,-7.86,1.87,3.91
9134,664858022,437,469,323,448,484,380,451,410,473,618,2,397,-7.86,1.87,3.91
9135,664859021,437,469,324,450,485,381,452,411,473,616,3,396,-7.86,1.87,3.91
9136,664860021,438,469,326,451,485,380,451,411,473,616,2,404,-7.86,1.87,3.91
9137,664861022,438,468,325,452,485,380,452,410,475,618,2,401,-7.86,1.87,3.91
9138,664862022,438,469,325,453,487,381,452,410,474,618,2,397,-7.86,1.87,3.91
9139,664863022,440,469,325,453,486,382,452,412,475,618,2,391,-7.86,1.87,3.91
9140,664864291,439,468,325,453,485,382,452,410,474,617,1,397,-7.86,1.87,3.91
9141,664865022,438,470,325,455,490,382,453,413,476,618,3,398,-8.66,2.36,3.63
9142,664866022,440,469,323,456,493,382,453,413,475,618,2,402,-8.66,2.36,3.63
9143,664867021,439,469,325,457,489,380,452,412,475,618,2,401,-8.66,2.36,3.63
9144,664868022,439,470,324,458,491,382,454,410,475,618,2,396,-8.66,2.36,3.63
9145,664869023,437,471,323,459,492,382,454,408,476,619,2,396,-8.66,2.36,3.63
9146,664870022,437,468,322,458,492,383,454,407,476,618,2,399,-8.66,2.36,3.63
9147,664871021,440,472,324,458,493,383,454,408,475,619,2,396,-8.66,2.36,3.63
9148,664872022,446,471,320,459,493,384,454,410,475,619,3,394,-8.66,2.36,3.63
9149,664873022,447,472,320,460,493,383,454,411,476,621,2,392,-8.66,2.36,3.63
9150,664874284,448,472,321,461,493,383,455,413,476,619,2,389,-8.66,2.36,3.63
9151,664875022,448,474,322,462,493,383,455,415,478,620,2,391,-9.18,0.52,1.51
9152,664876022,448,476,322,463,493,384,456,415,478,620,2,399,-9.18,0.52,1.51
9153,664877022,448,473,320,463,493,383,456,417,478,621,2,408,-9.18,0.52,1.51
9154,664878022,450,478,322,464,493,384,456,417,479,622,2,409,-9.18,0.52,1.51
9155,664879025,449,479,323,465,495,385,457,420,478,622,2,408,-9.18,0.52,1.51
9156,664880021,449,477,322,466,496,385,457,420,476,626,2,410,-9.18,0.52,1.51
9157,664881022,449,477,322,465,494,384,458,420,478,625,1,414,-9.18,0.52,1.51
9158,664882022,450,479,324,466,496,384,459,417,479,627,2,410,-9.18,0.52,1.51
9159,664884141,451,480,323,467,497,384,460,415,479,626,3,413,-10.82,-1.01,2.6
9160,664884629,450,480,324,469,497,385,461,415,480,627,3,412,-10.82,-1.01,2.6
9161,664885118,450,479,324,469,499,385,461,414,479,627,3,413,-10.82,-1.01,2.6
9162,664886022,452,477,323,469,498,383,460,416,478,625,2,415,-10.82,-1.01,2.6
9163,664887021,452,480,325,470,499,385,462,414,479,625,2,411,-10.82,-1.01,2.6
9164,664888022,452,480,325,471,499,385,462,415,480,628,2,409,-10.82,-1.01,2.6
9165,664889629,448,479,326,472,499,385,462,414,482,629,2,410,-10.82,-1.01,2.6
9166,664892690,452,487,325,472,500,385,463,414,482,630,2,412,-10.82,-1.01,2.6
9167,664894286,453,492,326,476,501,386,464,420,484,634,2,414,-11.55,-0.48,2.39
9168,664894775,455,485,326,477,502,386,465,425,485,635,2,415,-11.55,-0.48,2.39
9169,664895264,455,485,326,477,501,386,465,426,484,632,3,414,-11.55,-0.48,2.39
9170,664896022,458,485,325,478,502,386,466,429,484,633,2,416,-11.55,-0.48,2.39
9171,664897022,459,486,326,478,502,386,467,432,485,631,2,416,-11.55,-0.48,2.39
9172,664898021,458,485,325,477,503,386,467,433,485,628,3,417,-11.55,-0.48,2.39
9173,664899022,461,486,327,477,503,386,467,432,485,630,2,416,-11.55,-0.48,2.39
9174,664902653,460,489,326,479,505,387,467,432,485,628,2,416,-11.55,-0.48,2.39
9175,664904451,461,497,326,479,506,388,467,436,489,630,3,416,-9.96,1.22,2.7
9176,664904940,463,493,326,479,507,388,468,436,490,629,3,418,-9.96,1.22,2.7
9177,664905429,464,494,326,479,508,388,468,436,491,629,2,419,-9.96,1.22,2.7
9178,664906021,464,494,328,480,507,388,468,435,489,629,3,418,-9.96,1.22,2.7
9179,664907022,465,492,328,481,508,387,469,436,490,628,3,419,-9.96,1.22,2.7
9180,664908022,465,490,325,480,507,387,469,435,491,630,3,422,-9.96,1.22,2.7
9181,664909022,467,490,328,483,509,388,469,431,490,633,2,421,-9.96,1.22,2.7
9182,664910024,469,490,327,483,509,388,470,434,490,633,3,420,-9.96,1.22,2.7
9183,664911022,470,489,327,480,507,388,470,434,489,633,2,423,-9.96,1.22,2.7
9184,664912022,470,493,329,482,508,389,471,435,489,629,1,423,-9.96,1.22,2.7
9185,664913022,471,493,329,484,511,389,470,436,490,633,3,422,-9.96,1.22,2.7
9186,664914263,473,494,330,484,511,390,471,438,489,634,2,422,-9.96,1.22,2.7
9187,664915022,477,493,326,482,512,389,471,441,491,634,2,423,-10.42,1.42,2.38
9188,664916021,479,495,328,486,511,388,471,444,492,634,2,422,-10.42,1.42,2.38
9189,664917022,481,494,328,486,512,390,471,447,492,634,3,422,-10.42,1.42,2.38
9190,664918022,483,494,329,488,513,389,471,449,493,634,2,422,-10.42,1.42,2.38
9191,664919021,485,493,327,488,513,389,471,447,493,633,2,423,-10.42,1.42,2.38
9192,664920022,485,489,327,490,513,389,471,446,492,635,2,423,-10.42,1.42,2.38
9193,664921021,489,494,327,490,513,389,472,444,494,634,3,422,-10.42,1.42,2.38
9194,664922022,491,496,327,489,515,389,471,444,494,634,2,421,-10.42,1.42,2.38
9195,664923022,491,494,327,490,515,389,473,442,494,634,2,420,-10.42,1.42,2.38
9196,664924261,493,495,330,492,516,390,472,442,495,635,2,422,-10.42,1.42,2.38
9197,664925012,494,498,331,492,515,391,472,441,495,636,2,422,-10.2,0,4.15
9198,664926012,493,497,329,493,515,390,472,447,495,634,2,424,-10.2,0,4.15
9199,664927013,495,497,328,493,516,389,474,450,496,633,3,422,-10.2,0,4.15
9200,664928012,497,498,331,494,518,391,472,446,495,634,2,419,-10.2,0,4.15
9201,664929013,496,497,332,494,518,391,472,446,495,634,2,420,-10.2,0,4.15
9202,664930013,496,498,332,494,520,388,473,445,494,633,3,420,-10.2,0,4.15
9203,664931013,498,503,332,495,520,391,473,445,496,634,2,419,-10.2,0,4.15
9204,664932013,499,501,331,496,521,391,474,447,496,633,2,419,-10.2,0,4.15
9205,664933014,500,501,331,496,520,390,474,449,496,634,2,415,-10.2,0,4.15
9206,664934370,501,505,331,497,518,391,474,452,496,634,3,415,-9.32,-1.06,5.16
9207,664935022,501,506,333,497,521,391,474,451,497,634,2,415,-9.32,-1.06,5.16
9208,664936022,502,502,333,498,521,392,475,451,496,634,2,415,-9.32,-1.06,5.16
9209,664937022,503,502,330,498,521,390,475,451,498,634,2,414,-9.32,-1.06,5.16
9210,664938021,504,506,332,498,522,391,476,452,497,635,2,412,-9.32,-1.06,5.16
9211,664940560,503,506,333,498,522,390,475,453,498,634,2,411,-9.32,-1.06,5.16
9212,664943195,503,514,331,499,522,391,475,453,499,635,3,405,-9.32,-1.06,5.16
9213,664944233,504,515,332,501,522,391,477,454,498,634,2,406,-10.08,0.51,1.21
9214,664944721,505,508,333,501,521,392,477,453,499,635,3,404,-10.08,0.51,1.21
9215,664945211,505,507,333,501,522,391,478,452,499,635,2,406,-10.08,0.51,1.21
9216,664946022,506,506,333,500,517,389,478,449,499,635,2,404,-10.08,0.51,1.21
9217,664947022,508,507,331,501,522,391,478,451,500,636,3,402,-10.08,0.51,1.21
9218,664948022,508,508,332,500,523,392,479,453,501,636,2,404,-10.08,0.51,1.21
9219,664949596,508,508,333,501,523,392,479,457,501,635,2,406,-10.08,0.51,1.21
9220,664952467,510,514,332,502,522,391,480,456,500,636,2,409,-10.08,0.51,1.21
9221,664954407,511,516,333,504,522,392,481,454,501,636,2,408,-10.08,0.51,1.21
9222,664954896,513,510,334,506,523,392,481,459,503,636,3,410,-8.96,1.44,0.82
9223,664955385,513,511,334,506,523,392,482,459,503,636,2,411,-8.96,1.44,0.82
9224,664956021,512,510,333,505,523,391,481,462,502,636,3,414,-8.96,1.44,0.82
9225,664957022,512,510,333,505,521,392,484,464,504,637,3,412,-8.96,1.44,0.82
9226,664958022,513,511,334,505,523,392,482,462,502,636,2,414,-8.96,1.44,0.82
9227,664959022,516,513,334,505,523,393,482,461,502,636,2,414,-8.96,1.44,0.82
9228,664960026,514,509,334,505,523,392,483,462,502,636,2,415,-8.96,1.44,0.82
9229,664961022,517,511,335,506,523,393,483,463,503,636,3,416,-8.96,1.44,0.82
9230,664962021,519,512,336,506,524,392,482,463,503,637,2,416,-8.96,1.44,0.82
9231,664963022,517,509,336,507,522,392,482,462,503,637,2,419,-8.96,1.44,0.82
9232,664964251,519,513,335,507,524,393,482,462,504,637,3,417,-8.96,1.44,0.82
9233,664965022,520,513,336,507,523,391,483,464,504,637,2,418,-10.39,-0.37,3.13
9234,664966021,519,511,336,507,523,391,482,463,504,639,4,418,-10.39,-0.37,3.13
9235,664967022,520,512,334,507,524,392,482,465,505,638,2,416,-10.39,-0.37,3.13
9236,664968022,521,513,336,509,524,393,484,465,504,638,2,417,-10.39,-0.37,3.13
9237,664969021,521,514,336,509,524,393,484,465,504,639,2,417,-10.39,-0.37,3.13
9238,664970022,521,510,334,508,525,393,483,465,503,639,3,417,-10.39,-0.37,3.13
9239,664971021,522,512,336,509,524,392,484,466,504,639,2,418,-10.39,-0.37,3.13
9240,664972021,523,513,335,508,524,392,484,466,505,639,2,418,-10.39,-0.37,3.13
9241,664973021,522,513,335,508,524,390,482,466,505,639,2,421,-10.39,-0.37,3.13
9242,664974248,524,515,334,510,524,393,484,467,505,640,2,418,-10.39,-0.37,3.13
9243,664975022,523,514,333,510,525,393,485,467,505,641,2,417,-11.33,-1.56,2.9
9244,664976022,524,514,330,510,524,392,484,467,505,646,2,416,-11.33,-1.56,2.9
9245,664977021,522,513,331,510,525,392,485,466,505,647,2,420,-11.33,-1.56,2.9
9246,664978022,524,514,331,510,525,391,485,467,506,650,3,418,-11.33,-1.56,2.9
9247,664979022,524,513,331,510,525,393,485,467,506,651,2,419,-11.33,-1.56,2.9
9248,664980022,524,512,332,509,525,392,483,465,505,651,3,420,-11.33,-1.56,2.9
9249,664981022,523,516,333,510,526,393,486,467,506,649,2,420,-11.33,-1.56,2.9
9250,664982022,526,514,332,508,525,392,485,466,504,648,2,420,-11.33,-1.56,2.9
9251,664984144,524,514,331,508,525,393,485,468,505,649,3,418,-10.68,-0.51,1.98
9252,664984633,525,514,332,507,526,392,486,469,506,647,3,422,-10.68,-0.51,1.98
9253,664985122,524,514,333,507,526,393,485,469,506,647,3,422,-10.68,-0.51,1.98
9254,664986022,525,512,330,504,526,392,486,469,506,647,3,426,-10.68,-0.51,1.98
9255,664987021,526,515,333,507,526,393,486,469,506,646,2,426,-10.68,-0.51,1.98
9256,664988022,526,515,333,506,526,393,486,470,506,646,2,429,-10.68,-0.51,1.98
9257,664990152,524,513,333,507,526,392,486,470,506,646,2,431,-10.68,-0.51,1.98
9258,664992995,526,521,333,507,526,393,486,470,507,645,2,433,-10.68,-0.51,1.98
9259,664994233,527,515,334,508,526,393,486,470,508,646,2,428,-10.2,1.05,2.59
9260,664994722,524,514,334,507,527,394,487,470,507,646,2,430,-10.2,1.05,2.59
9261,664995212,524,515,333,508,527,393,487,470,508,646,2,431,-10.2,1.05,2.59
9262,664996026,526,515,333,507,526,393,487,471,507,645,3,434,-10.2,1.05,2.59
9263,664997024,526,515,334,508,527,394,489,471,507,641,2,431,-10.2,1.05,2.59
9264,664998022,527,515,333,508,527,394,486,471,507,642,2,430,-10.2,1.05,2.59
9265,664999023,526,514,332,508,528,393,488,471,506,640,2,431,-10.2,1.05,2.59
9266,665002403,527,516,332,506,526,395,491,471,507,642,3,430,-10.2,1.05,2.59
9267,665004375,529,517,333,507,527,394,489,472,508,642,2,432,-10.2,1.05,2.59
9268,665004865,529,516,334,508,528,394,488,471,509,646,2,433,-11.46,-0.94,2.24
9269,665005354,529,517,333,508,528,394,489,472,508,646,3,433,-11.46,-0.94,2.24
9270,665006022,530,517,333,508,528,394,489,472,508,646,3,433,-11.46,-0.94,2.24
9271,665007022,530,517,333,508,528,394,490,472,508,647,2,434,-11.46,-0.94,2.24
9272,665008022,529,516,332,508,528,393,490,472,507,646,3,435,-11.46,-0.94,2.24
9273,665009022,529,518,333,509,528,393,488,470,508,647,3,434,-11.46,-0.94,2.24
9274,665010022,529,516,333,510,528,394,489,472,508,646,2,434,-11.46,-0.94,2.24
9275,665011022,530,516,333,509,528,393,489,471,508,644,1,437,-11.46,-0.94,2.24
9276,665012021,528,516,334,510,528,393,489,473,507,644,2,434,-11.46,-0.94,2.24
9277,665013022,530,518,334,510,528,393,490,473,508,646,3,437,-11.46,-0.94,2.24
9278,665014241,531,518,335,510,529,394,488,472,508,647,2,437,-11.46,-0.94,2.24
9279,665015021,531,517,334,508,527,394,489,472,508,648,2,438,-10.61,-0.46,2.72
9280,665016022,532,518,333,507,528,393,489,473,508,648,2,437,-10.61,-0.46,2.72
9281,665017022,531,518,334,510,529,393,491,474,508,649,3,438,-10.61,-0.46,2.72
9282,665018022,531,517,332,508,528,391,487,474,508,648,2,441,-10.61,-0.46,2.72
9283,665019022,531,518,334,509,529,393,487,474,508,647,3,437,-10.61,-0.46,2.72
9284,665020022,532,518,335,507,528,394,491,474,507,647,2,438,-10.61,-0.46,2.72
9285,665021038,531,518,334,508,529,394,491,476,509,648,3,439,-10.61,-0.46,2.72
9286,665022022,532,518,335,508,529,394,491,476,507,648,2,440,-10.61,-0.46,2.72
9287,665023038,531,518,335,508,528,394,491,475,509,649,3,440,-10.61,-0.46,2.72
9288,665024239,531,518,335,509,529,395,491,475,509,649,3,440,-10.61,-0.46,2.72
9289,665025022,532,519,334,509,529,393,491,476,508,649,2,440,-9.76,0.33,2.18
9290,665026038,532,518,334,508,529,394,491,476,509,649,2,441,-9.76,0.33,2.18
9291,665027021,532,519,336,509,528,394,491,476,508,649,3,442,-9.76,0.33,2.18
9292,665028038,532,518,334,508,529,393,491,476,509,649,3,441,-9.76,0.33,2.18
9293,665029022,532,519,335,509,529,395,492,476,508,649,3,442,-9.76,0.33,2.18
9294,665030022,532,519,335,509,529,394,492,476,508,649,3,442,-9.76,0.33,2.18
9295,665031038,533,519,335,509,529,394,492,475,509,648,3,442,-9.76,0.33,2.18
9296,665032022,532,519,335,510,529,393,492,475,509,649,2,443,-9.76,0.33,2.18
9297,665034056,532,518,334,509,529,394,491,476,508,648,3,443,-9.76,0.33,2.18
9298,665034569,531,518,335,510,530,392,492,475,509,649,2,444,-8.63,1.38,1.86
9299,665035075,531,518,336,510,529,394,492,475,509,649,3,443,-8.63,1.38,1.86
9300,665036038,532,519,334,510,529,394,492,475,510,649,3,443,-8.63,1.38,1.86
9301,665037022,533,519,336,510,530,393,491,476,509,649,2,444,-8.63,1.38,1.86
9302,665038038,532,519,335,510,530,395,491,475,509,649,3,445,-8.63,1.38,1.86
9303,665041138,533,519,335,510,530,394,492,476,509,649,2,445,-8.63,1.38,1.86
9304,665043778,532,526,335,512,530,394,492,476,510,650,2,446,-8.63,1.38,1.86
9305,665044417,533,527,336,512,530,395,492,476,509,649,3,446,-9.52,-1.12,2.79
9306,665045038,533,520,335,512,530,394,492,475,510,649,4,446,-9.52,-1.12,2.79
9307,665046022,533,520,335,512,530,394,492,475,510,649,3,446,-9.52,-1.12,2.79
9308,665047045,533,520,335,512,530,394,492,475,510,649,3,446,-9.52,-1.12,2.79
9309,665048026,532,519,335,512,530,394,492,474,507,647,2,446,-9.52,-1.12,2.79
9310,665049786,533,520,335,511,529,394,493,474,510,651,2,446,-9.52,-1.12,2.79
9311,665052657,532,527,335,514,530,394,493,473,509,650,3,447,-9.52,-1.12,2.79
9312,665054428,531,527,336,514,530,395,493,472,509,650,2,447,-10.35,-0.82,2.74
9313,665054919,532,520,336,514,530,396,493,471,510,649,3,447,-10.35,-0.82,2.74
9314,665055408,532,520,335,514,531,395,493,471,509,650,2,448,-10.35,-0.82,2.74
9315,665056021,533,521,335,514,530,395,493,471,509,650,3,448,-10.35,-0.82,2.74
9316,665057022,533,521,335,514,530,394,493,471,510,649,3,448,-10.35,-0.82,2.74
9317,665058022,531,520,336,513,530,394,493,471,510,649,2,447,-10.35,-0.82,2.74
9318,665059022,533,519,333,514,530,395,493,471,509,649,2,451,-10.35,-0.82,2.74
9319,665060021,533,521,336,514,531,395,493,472,509,649,3,448,-10.35,-0.82,2.74
9320,665061022,533,521,336,514,531,394,493,471,510,649,3,450,-10.35,-0.82,2.74
9321,665062022,533,519,334,514,532,396,494,471,509,648,2,451,-10.35,-0.82,2.74
9322,665063021,533,521,336,514,531,395,494,472,510,649,3,449,-10.35,-0.82,2.74
9323,665064237,533,521,335,514,531,395,494,471,510,649,3,449,-10.35,-0.82,2.74
9324,665065022,534,521,336,514,531,394,494,471,509,649,3,449,-10.41,0.63,2.69
9325,665066022,533,520,335,512,530,394,494,471,509,649,2,449,-10.41,0.63,2.69
9326,665067022,535,521,335,515,531,394,494,471,510,649,3,450,-10.41,0.63,2.69
9327,665068022,534,521,335,515,531,396,494,471,510,649,2,449,-10.41,0.63,2.69
9328,665069021,533,519,334,515,531,395,494,472,510,649,2,450,-10.41,0.63,2.69
9329,665070022,535,522,336,515,531,396,494,471,510,649,3,451,-10.41,0.63,2.69
9330,665071022,535,522,336,515,531,395,494,471,509,649,3,452,-10.41,0.63,2.69
9331,665072022,535,522,336,515,531,395,494,471,510,650,3,451,-10.41,0.63,2.69
9332,665073022,533,521,336,514,531,396,496,471,510,649,2,451,-10.41,0.63,2.69
9333,665074234,535,522,337,515,531,394,495,471,510,650,3,452,-10.41,0.63,2.69
9334,665075021,535,522,336,516,532,395,494,471,510,650,3,453,-11.31,1.3,2.38
9335,665076022,535,522,335,515,531,395,495,471,510,650,3,454,-11.31,1.3,2.38
9336,665077022,534,521,335,515,531,394,495,471,510,649,3,455,-11.31,1.3,2.38
9337,665078022,535,522,336,516,531,396,495,471,510,650,3,453,-11.31,1.3,2.38
9338,665079022,535,522,336,516,532,396,495,471,510,650,2,453,-11.31,1.3,2.38
9339,665080022,533,519,336,515,531,394,495,471,510,649,3,455,-11.31,1.3,2.38
9340,665081022,534,520,335,516,531,395,495,471,508,647,2,456,-11.31,1.3,2.38
9341,665082022,535,522,336,516,532,396,495,471,510,650,3,454,-11.31,1.3,2.38
9342,665084176,535,522,336,516,531,396,495,471,510,650,3,454,-10.68,0.51,2.21
9343,665084670,534,522,337,517,532,396,495,471,510,650,3,455,-10.68,0.51,2.21
9344,665085159,534,522,335,517,532,396,495,471,510,650,3,455,-10.68,0.51,2.21
9345,665086022,536,522,337,517,532,396,495,471,510,650,3,456,-10.68,0.51,2.21
9346,665087022,535,521,336,516,530,396,495,469,510,650,2,457,-10.68,0.51,2.21
9347,665088022,536,522,337,517,532,396,495,470,510,650,3,456,-10.68,0.51,2.21
9348,665089819,535,522,337,516,532,397,496,469,510,650,3,455,-10.68,0.51,2.21
9349,665092681,535,528,336,518,532,396,496,469,511,650,3,455,-10.68,0.51,2.21
9350,665094265,534,528,336,519,532,396,496,469,510,650,3,457,-9.46,0.82,2.41
9351,665094754,534,522,336,519,532,397,496,469,510,650,3,457,-9.46,0.82,2.41
9352,665095243,535,522,336,518,532,397,496,470,511,650,3,457,-9.46,0.82,2.41
9353,665096022,534,521,337,518,532,395,495,470,511,650,2,457,-9.46,0.82,2.41
9354,665097022,538,523,338,519,532,396,496,470,510,650,3,456,-9.46,0.82,2.41
9355,665098022,536,522,336,520,532,396,497,469,510,650,3,457,-9.46,0.82,2.41
9356,665099022,536,522,337,520,532,397,496,469,510,650,3,459,-9.46,0.82,2.41
9357,665102200,536,520,336,519,532,396,496,469,511,649,3,459,-9.46,0.82,2.41
9358,665104380,535,529,337,522,533,397,497,470,511,650,3,459,-9.46,0.82,2.41
9359,665104868,535,522,338,522,532,397,497,470,511,650,3,457,-8.95,0.84,1.99
9360,665105356,536,523,338,523,533,397,497,469,511,650,3,459,-8.95,0.84,1.99
9361,665106028,537,523,338,522,533,397,497,470,511,650,3,459,-8.95,0.84,1.99
9362,665107028,536,522,337,522,533,397,497,471,511,649,3,459,-8.95,0.84,1.99
9363,665108028,536,521,336,521,532,396,497,471,510,649,2,459,-8.95,0.84,1.99
9364,665109028,537,521,336,522,535,398,498,470,511,650,3,459,-8.95,0.84,1.99
9365,665110029,537,521,338,521,533,396,497,471,511,650,2,459,-8.95,0.84,1.99
9366,665111023,536,520,338,521,533,397,497,472,510,650,3,459,-8.95,0.84,1.99
9367,665112022,535,519,337,523,533,396,497,471,510,650,2,460,-8.95,0.84,1.99
9368,665113022,537,519,337,522,533,396,497,472,511,650,3,459,-8.95,0.84,1.99
9369,665114246,537,520,337,522,532,397,498,473,511,650,3,460,-8.78,1.15,2.29
9370,665115021,534,515,338,522,532,397,497,472,510,650,3,462,-8.78,1.15,2.29
9371,665116022,535,515,338,521,532,397,501,473,511,650,2,460,-8.78,1.15,2.29
9372,665117022,536,515,338,521,533,397,496,472,512,649,2,461,-8.78,1.15,2.29
9373,665118028,537,513,338,521,533,397,498,472,511,650,3,461,-8.78,1.15,2.29
9374,665119038,538,513,337,521,532,396,498,472,511,650,2,461,-8.78,1.15,2.29
9375,665120023,538,512,337,521,533,397,497,473,511,650,3,461,-8.78,1.15,2.29
9376,665121022,538,512,338,521,533,397,498,472,511,649,3,461,-8.78,1.15,2.29
9377,665122022,538,511,337,522,533,397,498,472,511,647,3,461,-8.78,1.15,2.29
9378,665123043,537,514,337,522,532,397,498,472,512,648,4,461,-8.78,1.15,2.29
9379,665124246,537,516,338,522,533,397,498,472,512,648,3,460,-9.36,0.85,2.38
9380,665125022,538,517,338,522,533,397,499,472,511,648,3,462,-9.36,0.85,2.38
9381,665126022,538,518,338,523,533,397,498,472,512,648,2,462,-9.36,0.85,2.38
9382,665127038,537,518,337,523,533,398,499,472,511,647,3,461,-9.36,0.85,2.38
9383,665128022,538,520,338,523,533,397,499,472,512,648,3,461,-9.36,0.85,2.38
9384,665129038,538,519,337,523,533,397,499,472,512,647,3,462,-9.36,0.85,2.38
9385,665130028,538,520,338,523,533,397,499,472,512,648,3,463,-9.36,0.85,2.38
9386,665131025,538,521,338,523,533,397,499,472,512,647,3,463,-9.36,0.85,2.38
9387,665132023,537,521,338,524,533,398,499,471,512,648,3,463,-9.36,0.85,2.38
9388,665133024,538,522,338,525,533,398,499,470,512,647,3,463,-9.36,0.85,2.38
9389,665134342,538,521,337,524,533,397,499,471,512,646,2,463,-10.21,0.46,2.15
9390,665135038,538,521,338,525,533,397,499,471,512,646,3,463,-10.21,0.46,2.15
9391,665136022,538,523,338,525,533,397,499,471,512,646,3,463,-10.21,0.46,2.15
9392,665137021,538,526,338,525,533,397,499,472,512,646,3,463,-10.21,0.46,2.15
9393,665138022,538,528,337,525,534,398,499,472,512,645,3,463,-10.21,0.46,2.15
9394,665140927,538,531,337,524,533,397,499,471,511,645,3,463,-10.21,0.46,2.15
9395,665143576,537,541,337,526,534,398,499,471,512,643,3,464,-10.21,0.46,2.15
9396,665144411,537,540,337,526,534,398,499,472,512,642,2,463,-10.67,0.06,3.17
9397,665145022,539,536,338,526,533,397,499,473,513,642,3,463,-10.67,0.06,3.17
9398,665146038,538,531,338,526,533,398,499,472,512,643,3,463,-10.67,0.06,3.17
9399,665147022,538,534,337,527,534,398,499,472,512,642,3,465,-10.67,0.06,3.17
9400,665148021,538,531,337,527,533,398,500,472,513,642,3,463,-10.67,0.06,3.17
9401,665150011,539,536,338,528,534,398,500,472,511,642,3,464,-10.67,0.06,3.17
9402,665152866,538,541,338,527,533,397,500,472,512,641,3,464,-10.67,0.06,3.17
9403,665154445,537,541,338,527,534,397,500,473,512,641,3,465,-10.42,0.21,2.2
9404,665154934,537,534,337,528,534,398,500,474,513,640,3,465,-10.42,0.21,2.2
9405,665155423,538,530,338,528,534,397,500,474,512,639,3,465,-10.42,0.21,2.2
9406,665156026,539,535,338,528,534,397,500,475,513,640,3,465,-10.42,0.21,2.2
9407,665157024,539,535,339,528,534,397,500,475,512,640,3,465,-10.42,0.21,2.2
9408,665158039,538,533,337,529,534,397,500,475,513,640,3,465,-10.42,0.21,2.2
9409,665159038,538,534,337,528,534,397,500,475,513,639,4,466,-10.42,0.21,2.2
9410,665160021,539,519,338,529,534,397,500,475,511,639,3,467,-10.42,0.21,2.2
9411,665161038,538,528,338,529,534,397,500,476,512,639,3,465,-10.42,0.21,2.2
9412,665162021,539,533,338,529,534,397,500,477,512,639,3,467,-10.42,0.21,2.2
9413,665163044,539,533,337,530,534,396,500,478,513,639,2,465,-10.42,0.21,2.2
9414,665164244,540,532,339,530,534,395,500,478,512,639,3,464,-9.47,1.11,1.99
9415,665165023,539,525,339,530,534,395,500,479,513,639,3,463,-9.47,1.11,1.99
9416,665166022,540,510,339,531,534,395,500,478,511,638,3,463,-9.47,1.11,1.99
9417,665167039,539,507,338,531,534,396,500,478,513,639,3,465,-9.47,1.11,1.99
9418,665168022,539,508,339,531,534,395,501,479,513,639,3,465,-9.47,1.11,1.99
9419,665169022,539,507,339,531,534,395,501,479,512,638,3,465,-9.47,1.11,1.99
9420,665170038,539,506,338,531,534,396,501,479,513,638,2,464,-9.47,1.11,1.99
9421,665171027,538,508,339,531,534,394,500,479,513,638,3,461,-9.47,1.11,1.99
9422,665172038,539,506,338,531,534,394,501,480,513,638,3,458,-9.47,1.11,1.99
9423,665173022,540,507,339,531,534,394,501,480,511,638,3,457,-9.47,1.11,1.99
9424,665174243,538,508,339,531,534,396,501,480,513,638,3,458,-8.79,0.74,1.91
9425,665175022,539,507,339,531,534,395,501,480,512,638,3,455,-8.79,0.74,1.91
9426,665176022,539,507,339,531,534,396,501,480,512,637,3,450,-8.79,0.74,1.91
9427,665177045,540,507,338,530,534,396,501,480,513,636,3,445,-8.79,0.74,1.91
9428,665178045,538,506,339,531,534,395,501,480,513,636,3,442,-8.79,0.74,1.91
9429,665179045,540,506,338,531,534,395,501,480,513,637,3,443,-8.79,0.74,1.91
9430,665180044,540,505,338,531,534,395,501,480,514,638,2,441,-8.79,0.74,1.91
9431,665181022,538,505,339,531,534,395,501,480,513,636,2,439,-8.79,0.74,1.91
9432,665182040,539,504,339,531,534,395,501,480,513,637,3,439,-8.79,0.74,1.91
9433,665184176,540,504,339,530,534,394,501,481,511,636,2,435,-8.89,-0.31,1.74
9434,665184665,539,505,339,530,534,394,501,480,512,636,2,437,-8.89,-0.31,1.74
9435,665185155,539,502,340,530,534,394,501,480,514,637,2,437,-8.89,-0.31,1.74
9436,665186025,540,504,339,529,535,391,502,481,512,637,2,437,-8.89,-0.31,1.74
9437,665187038,539,503,339,529,534,389,501,480,513,637,2,434,-8.89,-0.31,1.74
9438,665188021,541,503,339,528,534,390,501,478,513,636,2,431,-8.89,-0.31,1.74
9439,665189803,540,502,339,528,534,389,501,476,514,636,3,428,-8.89,-0.31,1.74
9440,665192472,539,507,338,527,535,390,502,475,513,635,3,424,-8.89,-0.31,1.74
9441,665194226,538,507,339,527,534,390,502,470,514,634,3,412,-8.89,-0.31,1.74
9442,665194732,540,501,339,527,534,389,502,469,514,635,2,411,-8.76,0.28,2.86
9443,665195237,539,501,339,527,534,390,502,469,514,636,2,410,-8.76,0.28,2.86
9444,665196038,539,500,339,527,534,390,502,467,513,634,3,412,-8.76,0.28,2.86
9445,665197022,539,500,339,526,535,389,502,467,514,635,3,413,-8.76,0.28,2.86
9446,665198039,540,498,339,526,534,389,502,465,514,634,2,413,-8.76,0.28,2.86
9447,665199022,540,500,339,525,535,389,502,465,514,634,2,413,-8.76,0.28,2.86
9448,665202205,540,499,339,526,535,388,502,463,513,634,2,411,-8.76,0.28,2.86
9449,665204349,540,503,339,525,534,389,502,461,514,633,2,420,-8.76,0.28,2.86
9450,665204829,540,498,340,524,535,388,501,464,513,632,2,420,-9.5,-0.21,2.78
9451,665205309,539,497,339,524,534,389,501,464,513,632,3,418,-9.5,-0.21,2.78
9452,665206013,540,497,338,524,534,388,501,464,514,632,2,416,-9.5,-0.21,2.78
9453,665207013,541,497,339,524,535,388,502,464,514,632,3,413,-9.5,-0.21,2.78
9454,665208013,541,497,340,523,534,387,502,465,513,631,3,416,-9.5,-0.21,2.78
9455,665209013,541,497,339,524,535,388,501,464,514,631,2,418,-9.5,-0.21,2.78
9456,665210020,541,497,339,523,535,388,501,464,513,632,2,416,-9.5,-0.21,2.78
9457,665211029,540,497,338,523,535,388,502,464,514,630,2,419,-9.5,-0.21,2.78
9458,665212013,540,497,339,523,535,388,501,465,514,631,3,419,-9.5,-0.21,2.78
9459,665213036,541,497,339,523,534,388,501,465,515,631,3,424,-9.5,-0.21,2.78
9460,665214233,542,496,339,523,535,388,500,464,514,631,3,426,-10.14,-0.17,3.57
9461,665215022,541,496,339,521,535,388,501,465,514,631,2,423,-10.14,-0.17,3.57
9462,665216038,540,496,338,521,534,388,500,465,515,630,2,417,-10.14,-0.17,3.57
9463,665217022,541,496,338,522,534,387,500,464,514,631,3,404,-10.14,-0.17,3.57
9464,665218038,542,495,339,521,535,387,499,464,514,630,3,406,-10.14,-0.17,3.57
9465,665219022,542,494,338,521,534,386,499,464,514,629,2,412,-10.14,-0.17,3.57
9466,665220038,542,495,338,522,535,385,499,463,514,629,2,415,-10.14,-0.17,3.57
9467,665221026,542,494,338,520,534,385,500,463,513,629,3,417,-10.14,-0.17,3.57
9468,665222041,540,494,339,520,534,384,500,466,514,629,3,419,-10.14,-0.17,3.57
9469,665223022,540,494,338,520,535,384,499,467,514,630,3,420,-10.14,-0.17,3.57
9470,665224236,541,492,337,520,535,385,499,468,514,628,2,414,-10.2,0.3,2.93
9471,665225022,540,494,339,521,534,385,498,468,514,629,2,404,-10.2,0.3,2.93
9472,665226022,542,493,339,521,535,384,498,467,515,629,2,394,-10.2,0.3,2.93
9473,665227038,540,492,338,518,534,384,498,467,514,629,2,387,-10.2,0.3,2.93
9474,665228026,542,491,339,516,534,385,497,466,514,628,2,391,-10.2,0.3,2.93
9475,665229040,541,491,338,514,534,384,498,466,514,628,3,397,-10.2,0.3,2.93
9476,665230022,543,491,338,513,535,384,499,468,514,629,2,393,-10.2,0.3,2.93
9477,665231038,541,492,339,512,535,384,497,467,514,628,3,397,-10.2,0.3,2.93
9478,665232022,542,490,338,511,534,384,498,466,513,626,2,394,-10.2,0.3,2.93
9479,665233038,542,490,338,510,534,383,498,465,513,627,3,404,-10.2,0.3,2.93
9480,665234330,542,490,338,511,535,383,498,467,512,627,2,410,-11.62,1.08,2.54
9481,665235018,543,489,339,510,535,383,499,467,513,627,2,422,-11.62,1.08,2.54
9482,665236018,542,489,339,514,535,383,498,465,512,627,2,414,-11.62,1.08,2.54
9483,665237018,544,488,339,512,535,383,498,466,512,627,3,413,-11.62,1.08,2.54
9484,665238040,543,488,338,513,535,382,497,466,512,626,2,415,-11.62,1.08,2.54
9485,665240732,543,487,337,513,535,383,497,467,514,627,2,418,-11.62,1.08,2.54
9486,665243882,541,488,337,512,534,383,498,464,511,626,3,423,-11.62,1.08,2.54
9487,665244382,538,485,337,510,535,383,497,463,512,626,3,409,-11.23,1.5,2.27
9488,665245017,540,486,337,510,535,382,497,464,512,625,3,405,-11.23,1.5,2.27
9489,665246017,540,486,336,512,535,382,497,465,513,624,2,409,-11.23,1.5,2.27
9490,665247017,541,486,337,513,535,382,496,464,511,624,2,408,-11.23,1.5,2.27
9491,665248017,536,482,337,510,534,382,497,465,510,623,2,411,-11.23,1.5,2.27
9492,665251097,538,484,338,509,534,381,496,459,513,621,1,412,-11.23,1.5,2.27
9493,665254223,538,488,336,509,534,383,497,460,512,623,2,396,-11.23,1.5,2.27
9494,665254712,538,485,337,508,535,381,497,460,511,622,3,403,-10.32,1.11,2.05
9495,665255201,537,487,335,507,535,380,497,458,511,622,2,402,-10.32,1.11,2.05
9496,665256022,537,487,337,507,535,381,497,459,511,622,3,401,-10.32,1.11,2.05
9497,665257022,537,486,337,507,535,381,497,460,511,621,2,406,-10.32,1.11,2.05
9498,665258022,536,476,334,507,535,380,495,460,510,620,2,421,-10.32,1.11,2.05
9499,665259022,534,475,335,506,535,380,495,459,510,620,2,419,-10.32,1.11,2.05
9500,665260028,534,477,336,504,535,379,495,459,510,621,2,417,-10.32,1.11,2.05
9501,665261028,534,476,335,503,535,378,496,459,505,619,2,415,-10.32,1.11,2.05
9502,665262028,535,478,336,504,534,378,495,459,505,619,2,414,-10.32,1.11,2.05
9503,665263028,536,479,336,503,536,379,495,459,505,620,3,414,-10.32,1.11,2.05
9504,665264239,536,479,336,501,535,377,495,458,505,620,2,414,-9.74,0.34,1.99
9505,665265023,532,477,334,501,534,377,494,456,506,619,2,416,-9.74,0.34,1.99
9506,665266022,533,478,334,501,535,377,492,454,509,621,2,412,-9.74,0.34,1.99
9507,665267022,535,477,335,500,535,376,495,450,509,620,2,408,-9.74,0.34,1.99
9508,665268021,534,476,334,500,535,376,496,450,508,619,3,404,-9.74,0.34,1.99
9509,665269022,533,476,332,498,535,376,495,451,508,621,3,393,-9.74,0.34,1.99
9510,665270022,534,475,332,498,535,376,495,448,507,619,2,385,-9.74,0.34,1.99
9511,665271027,534,476,332,498,535,377,494,449,507,620,2,389,-9.74,0.34,1.99
9512,665272024,533,475,331,497,535,376,494,450,507,619,2,385,-9.74,0.34,1.99
9513,665273022,533,476,333,497,535,377,490,451,508,619,2,378,-9.74,0.34,1.99
9514,665274220,534,475,333,496,535,377,492,447,508,619,2,394,-9.18,-1,2.99
9515,665275017,532,472,331,495,535,375,489,448,505,611,3,393,-9.18,-1,2.99
9516,665276017,532,473,331,494,535,377,490,444,507,618,3,367,-9.18,-1,2.99
9517,665277017,532,475,330,493,536,376,491,444,507,618,2,365,-9.18,-1,2.99
9518,665278017,530,476,330,493,535,377,490,446,507,619,2,381,-9.18,-1,2.99
9519,665279017,529,476,329,490,534,375,491,447,506,617,2,386,-9.18,-1,2.99
9520,665280017,529,476,328,492,535,377,488,448,507,617,2,381,-9.18,-1,2.99
9521,665281017,530,474,328,492,535,376,489,445,507,617,2,389,-9.18,-1,2.99
9522,665282022,529,473,327,491,534,375,490,447,506,618,2,394,-9.18,-1,2.99
9523,665284145,526,475,327,491,535,376,488,448,506,616,2,391,-9.52,0.23,2.77
9524,665284629,524,474,327,491,536,377,489,448,506,616,3,391,-9.52,0.23,2.77
9525,665285115,523,476,327,491,535,376,489,447,506,617,2,396,-9.52,0.23,2.77
9526,665286017,526,474,325,490,535,375,487,443,506,616,3,400,-9.52,0.23,2.77
9527,665287023,523,470,325,488,535,375,491,448,505,615,2,401,-9.52,0.23,2.77
9528,665288022,520,467,325,486,536,375,488,446,504,616,2,397,-9.52,0.23,2.77
9529,665290410,519,469,326,486,534,374,489,445,505,615,2,402,-9.52,0.23,2.77
9530,665293050,512,475,325,483,535,375,487,443,505,614,2,397,-9.52,0.23,2.77
9531,665294257,509,476,324,480,535,373,485,443,503,613,3,394,-9.32,0.14,3.76
9532,665294746,508,467,325,478,535,372,485,441,503,608,3,391,-9.32,0.14,3.76
9533,665295234,506,467,324,477,536,373,486,440,503,609,2,391,-9.32,0.14,3.76
9534,665296022,508,466,324,477,535,372,484,442,502,610,2,396,-9.32,0.14,3.76
9535,665297022,507,464,323,477,535,371,483,441,501,608,2,398,-9.32,0.14,3.76
9536,665298022,509,465,323,476,535,370,482,440,501,608,2,394,-9.32,0.14,3.76
9537,665299022,507,466,322,475,536,369,481,441,501,607,3,392,-9.32,0.14,3.76
9538,665302202,505,464,321,472,536,369,481,443,501,608,2,393,-9.32,0.14,3.76
9539,665304346,506,462,322,463,535,368,478,436,500,607,2,394,-9.32,0.14,3.76
9540,665304826,506,460,321,454,536,368,476,435,499,606,2,389,-10.62,-1.5,3.25
9541,665305312,505,461,321,455,535,368,477,437,499,603,2,395,-10.62,-1.5,3.25
9542,665306013,505,461,321,454,535,368,476,438,498,603,2,395,-10.62,-1.5,3.25
9543,665307012,504,461,321,453,535,368,475,436,496,604,2,393,-10.62,-1.5,3.25
9544,665308013,502,458,320,454,536,365,474,435,494,603,2,394,-10.62,-1.5,3.25
9545,665309017,499,459,320,452,536,366,474,437,492,601,2,389,-10.62,-1.5,3.25
9546,665310015,497,459,320,454,536,366,474,436,495,602,2,389,-10.62,-1.5,3.25
9547,665311013,500,456,319,455,535,365,473,437,495,601,2,391,-10.62,-1.5,3.25
9548,665312013,498,453,317,455,535,365,474,434,494,601,2,398,-10.62,-1.5,3.25
9549,665313013,496,456,319,452,536,366,473,435,492,601,2,395,-10.62,-1.5,3.25
9550,665314227,497,456,318,453,536,365,473,431,492,601,2,400,-10.7,-1.89,3.47
9551,665315022,495,454,318,449,536,365,472,431,490,601,2,399,-10.7,-1.89,3.47
9552,665316027,496,454,316,450,536,365,472,426,492,599,1,402,-10.7,-1.89,3.47
9553,665317025,497,455,316,448,536,365,471,430,491,598,2,401,-10.7,-1.89,3.47
9554,665318023,497,455,316,448,535,364,470,422,492,597,2,400,-10.7,-1.89,3.47
9555,665319022,494,453,317,447,535,365,466,418,490,597,2,397,-10.7,-1.89,3.47
9556,665320022,496,455,316,446,535,365,468,431,491,597,3,398,-10.7,-1.89,3.47
9557,665321022,495,454,316,443,536,364,468,426,491,597,2,399,-10.7,-1.89,3.47
9558,665322022,495,454,315,441,536,364,466,427,491,596,2,391,-10.7,-1.89,3.47
9559,665323022,492,452,313,432,536,362,463,426,491,596,2,389,-10.7,-1.89,3.47
9560,665324219,494,452,314,431,536,364,461,428,488,596,2,368,-11,-1.24,4.43
9561,665325021,490,452,314,432,536,364,460,422,491,595,2,370,-11,-1.24,4.43
9562,665326019,489,452,313,431,536,362,459,424,491,594,2,377,-11,-1.24,4.43
9563,665327018,485,452,311,432,537,360,458,422,494,594,2,377,-11,-1.24,4.43
9564,665328017,482,453,312,433,537,362,457,420,490,592,2,377,-11,-1.24,4.43
9565,665329017,486,451,310,432,536,362,457,421,489,592,2,379,-11,-1.24,4.43
9566,665330017,486,447,308,429,536,360,456,415,485,593,2,379,-11,-1.24,4.43
9567,665331017,483,446,310,431,536,362,455,415,484,594,1,381,-11,-1.24,4.43
9568,665332017,484,447,309,429,535,360,454,410,482,590,2,383,-11,-1.24,4.43
9569,665334039,482,446,309,427,535,361,453,410,483,592,1,380,-11,-1.24,4.43
9570,665334528,481,448,308,418,536,362,452,406,481,590,3,377,-10.83,-0.55,3.97
9571,665335022,483,447,308,411,536,362,451,395,483,591,2,377,-10.83,-0.55,3.97
9572,665336022,484,444,307,403,537,362,447,397,482,590,2,376,-10.83,-0.55,3.97
9573,665337022,482,444,306,399,537,362,447,401,478,591,3,375,-10.83,-0.55,3.97
9574,665338022,480,442,306,410,535,361,445,394,478,592,2,372,-10.83,-0.55,3.97
9575,665340176,481,441,307,414,535,362,445,400,479,590,2,370,-10.83,-0.55,3.97
9576,665342846,480,439,306,407,534,361,444,396,478,590,2,374,-10.83,-0.55,3.97
9577,665344239,474,442,304,388,534,361,440,383,475,592,2,372,-9.56,-0.22,3.75
9578,665344724,473,436,303,370,532,360,437,385,474,591,2,370,-9.56,-0.22,3.75
9579,665345209,473,433,302,367,533,360,436,385,474,591,2,369,-9.56,-0.22,3.75
9580,665346017,473,433,302,394,533,359,435,386,473,590,2,369,-9.56,-0.22,3.75
9581,665347017,469,434,301,397,532,358,434,386,474,589,2,372,-9.56,-0.22,3.75
9582,665348017,466,431,300,388,531,359,432,383,475,585,2,372,-9.56,-0.22,3.75
9583,665349017,465,429,301,388,530,360,430,383,474,585,1,373,-9.56,-0.22,3.75
9584,665352200,465,428,301,376,529,361,427,381,471,584,2,372,-9.56,-0.22,3.75
9585,665354344,458,430,301,382,528,356,423,381,472,579,2,371,-9.56,-0.22,3.75
9586,665354829,451,424,300,399,529,356,418,376,471,577,2,366,-9.7,0.25,3.68
9587,665355313,450,423,299,396,529,356,419,378,470,578,2,365,-9.7,0.25,3.68
9588,665356017,450,424,298,394,529,355,417,377,470,577,2,365,-9.7,0.25,3.68
9589,665357017,449,421,296,393,528,356,415,376,470,576,2,365,-9.7,0.25,3.68
9590,665358024,449,420,296,395,528,357,413,369,469,577,2,364,-9.7,0.25,3.68
9591,665359022,447,420,296,394,524,357,412,369,469,576,2,364,-9.7,0.25,3.68
9592,665360019,438,418,294,394,523,355,410,372,469,575,1,362,-9.7,0.25,3.68
9593,665361018,443,413,294,393,523,357,410,371,468,575,2,362,-9.7,0.25,3.68
9594,665362017,440,412,293,384,523,356,408,377,467,574,3,362,-9.7,0.25,3.68
9595,665363017,437,411,290,377,524,355,407,378,465,571,2,356,-9.7,0.25,3.68
9596,665364210,431,412,291,370,522,356,406,373,464,572,3,334,-9.51,-0.34,3.16
9597,665365022,429,409,289,364,522,356,405,375,465,569,2,332,-9.51,-0.34,3.16
9598,665366027,426,405,290,357,521,353,404,368,463,569,2,331,-9.51,-0.34,3.16
9599,665367024,423,401,287,377,519,353,403,368,460,569,2,339,-9.51,-0.34,3.16
9600,665368022,417,402,287,377,518,352,402,368,459,568,2,328,-9.51,-0.34,3.16
9601,665369022,418,400,287,376,520,351,402,366,459,566,3,345,-9.51,-0.34,3.16
9602,665370022,412,397,286,368,521,352,399,357,459,565,2,349,-9.51,-0.34,3.16
9603,665371022,410,398,287,318,521,350,399,357,459,563,3,347,-9.51,-0.34,3.16
9604,665372022,407,396,286,349,520,350,398,351,458,564,2,347,-9.51,-0.34,3.16
9605,665373026,405,391,280,339,519,349,397,346,457,560,3,332,-9.51,-0.34,3.16
9606,665374215,405,390,283,344,515,350,394,346,455,559,2,333,-9.5,-0.12,3.13
9607,665375018,402,388,284,369,514,350,394,344,454,559,1,324,-9.5,-0.12,3.13
9608,665376018,396,386,283,373,513,352,394,339,452,559,2,325,-9.5,-0.12,3.13
9609,665377018,382,386,281,369,513,348,393,336,451,556,2,326,-9.5,-0.12,3.13
9610,665378017,381,388,280,362,511,347,389,341,452,558,2,328,-9.5,-0.12,3.13
9611,665379017,387,376,279,349,514,348,390,326,451,557,2,328,-9.5,-0.12,3.13
9612,665380022,381,376,281,323,511,345,386,331,451,556,2,329,-9.5,-0.12,3.13
9613,665381020,376,372,278,318,510,347,383,330,451,555,2,328,-9.5,-0.12,3.13
9614,665382018,369,373,278,348,508,347,384,334,450,548,3,327,-9.5,-0.12,3.13
9615,665384151,365,372,278,359,507,347,381,336,448,548,2,329,-9.26,-0.86,3.18
9616,665384640,359,370,278,361,504,345,378,333,449,548,2,329,-9.26,-0.86,3.18
9617,665385135,357,369,276,363,505,345,375,336,449,546,1,318,-9.26,-0.86,3.18
9618,665386022,357,361,276,360,504,343,371,335,447,546,2,294,-9.26,-0.86,3.18
9619,665387022,354,362,274,360,502,344,370,329,446,547,1,273,-9.26,-0.86,3.18
9620,665388022,351,361,273,359,500,343,369,322,446,547,2,253,-9.26,-0.86,3.18
9621,665390366,344,361,273,351,498,343,365,322,445,547,2,248,-9.26,-0.86,3.18
9622,665393033,344,355,270,356,495,342,362,316,443,545,2,257,-9.26,-0.86,3.18
9623,665394247,339,356,266,335,496,339,352,327,443,541,2,291,-9.7,-0.66,4.45
9624,665394736,336,349,266,347,495,340,350,318,441,539,1,284,-9.7,-0.66,4.45
9625,665395225,334,350,265,352,495,340,349,315,441,539,2,288,-9.7,-0.66,4.45
9626,665396021,333,349,265,357,494,341,347,318,441,538,3,291,-9.7,-0.66,4.45
9627,665397022,329,349,264,357,494,339,349,309,441,538,2,299,-9.7,-0.66,4.45
9628,665398022,325,345,263,353,494,339,349,313,439,539,2,302,-9.7,-0.66,4.45
9629,665399022,327,339,264,354,495,336,343,304,435,538,2,296,-9.7,-0.66,4.45
9630,665402204,324,339,264,354,492,337,342,279,435,540,2,298,-9.7,-0.66,4.45
9631,665404347,313,343,261,349,486,337,335,282,433,536,1,295,-9.7,-0.66,4.45
9632,665404836,313,320,260,331,482,337,327,282,429,535,2,286,-10.1,-1.09,3.98
9633,665405325,312,319,259,331,483,334,328,277,427,534,3,288,-10.1,-1.09,3.98
9634,665406021,309,316,260,331,483,334,325,265,425,534,3,288,-10.1,-1.09,3.98
9635,665407022,302,314,259,334,483,331,319,262,422,533,2,284,-10.1,-1.09,3.98
9636,665408027,303,308,254,334,484,333,313,245,420,534,2,285,-10.1,-1.09,3.98
9637,665409025,298,311,255,333,483,333,307,235,418,531,2,278,-10.1,-1.09,3.98
9638,665410022,294,310,251,337,482,331,304,238,417,530,2,275,-10.1,-1.09,3.98
9639,665411021,286,307,249,340,482,331,301,214,417,527,1,280,-10.1,-1.09,3.98
9640,665412021,282,305,246,342,482,330,298,218,414,529,3,283,-10.1,-1.09,3.98
9641,665413022,279,305,246,343,483,330,293,207,417,524,2,276,-10.1,-1.09,3.98
9642,665414204,278,298,245,345,482,330,288,207,417,516,2,272,-12.74,-1.22,4.33
9643,665415025,274,296,243,342,483,328,277,209,415,517,2,274,-12.74,-1.22,4.33
9644,665416023,274,291,239,339,482,326,273,209,411,519,2,269,-12.74,-1.22,4.33
9645,665417022,265,290,240,335,482,327,268,208,412,515,1,274,-12.74,-1.22,4.33
9646,665418022,264,290,240,331,482,327,266,210,411,515,2,276,-12.74,-1.22,4.33
9647,665419022,264,288,237,323,482,328,265,226,410,514,1,272,-12.74,-1.22,4.33
9648,665420022,257,288,236,318,480,328,261,197,406,514,2,272,-12.74,-1.22,4.33
9649,665421022,258,284,236,319,480,326,255,195,404,509,2,270,-12.74,-1.22,4.33
9650,665422026,259,282,235,315,480,326,255,200,402,512,2,265,-12.74,-1.22,4.33
9651,665423024,255,280,235,312,479,326,254,195,401,509,2,263,-12.74,-1.22,4.33
9652,665424218,251,280,234,311,480,326,251,198,398,508,1,257,-13.89,-1.99,5.45
9653,665425022,244,274,233,313,474,327,249,200,398,507,2,249,-13.89,-1.99,5.45
9654,665426022,238,274,233,314,472,325,249,191,397,504,2,254,-13.89,-1.99,5.45
9655,665427022,234,275,231,313,470,326,245,174,397,503,2,255,-13.89,-1.99,5.45
9656,665428022,235,277,227,320,471,326,243,182,391,503,2,247,-13.89,-1.99,5.45
9657,665429027,234,271,226,321,472,319,244,182,394,503,2,243,-13.89,-1.99,5.45
9658,665430025,234,272,208,316,472,321,241,197,389,501,2,245,-13.89,-1.99,5.45
9659,665431023,233,266,217,307,473,320,238,217,390,501,1,247,-13.89,-1.99,5.45
9660,665432022,232,268,211,300,472,321,236,238,386,499,3,253,-13.89,-1.99,5.45
9661,665434030,230,265,216,297,472,319,235,226,386,497,2,255,-13.89,-1.99,5.45
9662,665434515,220,267,212,303,472,319,229,237,383,495,2,245,-12.51,-1.33,5.64
9663,665435018,222,266,208,305,472,318,228,248,383,494,2,251,-12.51,-1.33,5.64
9664,665436018,222,265,208,307,473,316,222,260,382,491,2,251,-12.51,-1.33,5.64
9665,665437018,222,263,206,303,472,314,221,255,382,490,2,243,-12.51,-1.33,5.64
9666,665438017,215,260,208,294,472,313,216,267,380,484,2,247,-12.51,-1.33,5.64
9667,665440350,215,261,209,288,473,311,214,247,379,482,2,249,-12.51,-1.33,5.64
9668,665442985,212,263,206,263,465,315,213,254,374,479,2,248,-12.51,-1.33,5.64
9669,665444195,205,263,204,280,465,311,205,259,372,477,2,248,-10.81,-1.56,4.53
9670,665444684,207,257,194,267,460,313,204,260,371,477,2,246,-10.81,-1.56,4.53
9671,665445173,205,257,197,269,461,312,203,268,368,478,2,242,-10.81,-1.56,4.53
9672,665446022,204,255,198,268,461,310,203,269,366,476,2,239,-10.81,-1.56,4.53
9673,665447022,199,253,197,253,455,312,201,269,363,474,2,242,-10.81,-1.56,4.53
9674,665448022,189,251,196,255,448,309,201,270,363,472,1,238,-10.81,-1.56,4.53
9675,665449786,184,250,195,268,447,309,198,270,360,473,2,242,-10.81,-1.56,4.53
9676,665452454,187,244,196,263,444,312,197,265,362,473,2,238,-10.81,-1.56,4.53
9677,665454399,184,243,192,274,440,309,192,271,354,471,2,234,-10.81,-1.56,4.53
9678,665454888,173,239,190,277,428,309,187,268,351,470,2,231,-9.85,-1.47,3.48
9679,665455377,176,238,189,283,427,309,186,274,352,469,2,232,-9.85,-1.47,3.48
9680,665456022,176,237,190,279,422,309,185,273,351,467,2,230,-9.85,-1.47,3.48
9681,665457022,181,232,189,271,422,308,183,274,349,466,2,225,-9.85,-1.47,3.48
9682,665458022,180,227,188,280,421,306,179,275,347,463,2,228,-9.85,-1.47,3.48
9683,665459022,179,228,187,278,421,305,182,272,347,463,2,224,-9.85,-1.47,3.48
9684,665460022,177,222,186,276,418,304,180,271,346,462,2,226,-9.85,-1.47,3.48
9685,665461022,174,221,186,263,415,302,174,273,346,459,2,226,-9.85,-1.47,3.48
9686,665462021,171,220,185,253,413,302,178,269,345,459,2,224,-9.85,-1.47,3.48
9687,665463022,173,219,181,252,411,301,176,268,344,446,2,223,-9.85,-1.47,3.48
9688,665464200,169,210,180,249,410,298,174,268,340,443,2,225,-9.85,-1.47,3.48
9689,665465021,171,211,171,259,407,297,172,272,338,441,2,213,-9.33,-0.46,1.51
9690,665466022,171,207,141,269,405,297,170,271,339,439,2,210,-9.33,-0.46,1.51
9691,665467022,171,201,153,267,407,292,164,276,336,442,2,211,-9.33,-0.46,1.51
9692,665468022,168,201,148,265,404,293,163,279,334,444,2,206,-9.33,-0.46,1.51
9693,665469023,168,201,153,265,401,294,157,271,332,447,2,208,-9.33,-0.46,1.51
9694,665470022,168,199,154,260,400,292,152,273,331,445,2,203,-9.33,-0.46,1.51
9695,665471022,166,196,162,260,397,291,149,268,328,444,2,201,-9.33,-0.46,1.51
9696,665472022,164,199,167,266,393,290,148,246,328,443,2,205,-9.33,-0.46,1.51
9697,665473027,164,196,168,269,393,289,147,259,327,442,2,204,-9.33,-0.46,1.51
9698,665474198,158,195,167,268,390,288,146,265,325,441,2,200,-8.38,-1.04,1.59
9699,665475023,153,196,165,269,385,287,144,255,324,441,2,202,-8.38,-1.04,1.59
9700,665476022,157,195,159,267,383,285,139,263,322,441,2,202,-8.38,-1.04,1.59
